== shard9 started_epoch=1787437962 ==
set -o pipefail && python -m pytest -q tests/agentbox/test_bootstrap.py tests/agentbox/test_cli.py tests/agentbox/test_cli_bootstrap_day2.py tests/agentbox/test_credentials.py tests/agentbox/test_doctor.py tests/agentbox/test_github.py tests/agentbox/test_guardian.py tests/agentbox/test_guardian_handlers.py tests/agentbox/test_guardian_notifications.py tests/agentbox/test_guardian_worker.py tests/agentbox/test_host.py tests/agentbox/test_host_provider.py tests/agentbox/test_local_smoke.py tests/agentbox/test_locks.py tests/agentbox/test_notify.py tests/agentbox/test_operation_resolver.py tests/agentbox/test_operation_views.py tests/agentbox/test_reconcile.py tests/agentbox/test_redaction.py tests/agentbox/test_repos.py tests/agentbox/test_run_dirs.py tests/agentbox/test_smoke.py tests/agentbox/test_tmux.py tests/arnold/agent/test_auxiliary_client.py tests/arnold/agent/test_contracts.py tests/arnold/agent/test_deepseek_adapter.py tests/arnold/agent/test_import_boundaries.py tests/arnold/agent/test_local_environment.py tests/arnold/agent/test_providers.py tests/arnold/agent/test_run_agent_query_file.py tests/arnold/agent/test_shannon_adapter.py tests/arnold/conformance/test_behavioral_suite.py tests/arnold/conformance/test_deleted_surfaces.py tests/arnold/conformance/test_evidence_pack_conformance.py tests/arnold/conformance/test_legacy_reference_allowlist.py tests/arnold/conformance/test_megaplan_coupling_gate.py tests/arnold/conformance/test_platform_e2e.py tests/arnold/conformance/workflow_manifest_runtime/test_conformance_boundaries.py tests/arnold/conformance/workflow_manifest_runtime/test_existing_behavioral_goldens.py tests/arnold/conformance/workflow_manifest_runtime/test_identity_trust_map_contract.py tests/arnold/conformance/workflow_manifest_runtime/test_manifest_shape_contract.py tests/arnold/conformance/workflow_manifest_runtime/test_neutral_import_boundaries.py tests/arnold/control/test_package_boundary.py tests/arnold/critique_ledger/test_concurrent_crash_fixtures.py tests/arnold/critique_ledger/test_current_source_import.py tests/arnold/critique_ledger/test_cutover_smoke_failure.py tests/arnold/critique_ledger/test_cutover_smoke_healthy.py tests/arnold/critique_ledger/test_domain_briefing_cl3.py tests/arnold/critique_ledger/test_freshness_fixture.py tests/arnold/critique_ledger/test_isolated_restore_proof.py tests/arnold/execution/test_compensation_escalation.py tests/arnold/execution/test_control_transitions.py tests/arnold/execution/test_determinism.py tests/arnold/execution/test_import_boundaries.py tests/arnold/execution/test_observability.py tests/arnold/execution/test_public_api.py tests/arnold/execution/test_state_store.py tests/arnold/kernel/test_capabilities.py tests/arnold/kernel/test_control_effects.py tests/arnold/kernel/test_events_replay.py tests/arnold/kernel/test_suspension.py tests/arnold/pipeline/native/test_pack_runtime_provenance.py tests/arnold/pipeline/native/test_pack_upgrade.py tests/arnold/pipeline/native/test_pack_validation.py tests/arnold/pipeline/native/test_persistence.py tests/arnold/pipeline/native/test_reconcile_action_table.py tests/arnold/pipeline/native/test_start_from_path.py tests/arnold/pipeline/test_artifact_io.py tests/arnold/pipeline/test_artifact_sidecar_manifest.py tests/arnold/pipeline/test_audit_policy.py tests/arnold/pipeline/test_author_diagnostics.py tests/arnold/pipeline/test_composite_resume.py tests/arnold/pipeline/test_content_validation.py tests/arnold/pipeline/test_contract_result_coupling.py tests/arnold/pipeline/test_cost_exports.py tests/arnold/pipeline/test_cost_types.py tests/arnold/pipeline/test_declaration_lowering.py tests/arnold/pipeline/test_discovery_workflow_trust.py tests/arnold/pipeline/test_evidence_pack_expressibility.py tests/arnold/pipeline/test_pipeline_id_registry_identity.py tests/arnold/pipeline/test_port_metadata.py tests/arnold/pipeline/test_public_contract_imports.py tests/arnold/pipeline/test_registry_manifest_discovery.py tests/arnold/pipeline/test_registry_python_discovery.py tests/arnold/pipeline/test_suite_delta.py tests/arnold/pipelines/evidence_pack/test_end_to_end.py tests/arnold/pipelines/evidence_pack/test_hooks.py tests/arnold/pipelines/evidence_pack/test_import_scan.py tests/arnold/runtime/durable_ops/test_broker_approval.py tests/arnold/runtime/test_errors.py tests/arnold/runtime/test_errors_outcome.py tests/arnold/runtime/test_runtime_import_leakage.py tests/arnold/security/test_broker_protocol.py tests/arnold/security/test_llm_proxy.py tests/arnold/security/test_policy_redaction.py tests/arnold/supervisor/test_import_boundary.py tests/arnold/supervisor/test_leases.py tests/arnold/supervisor/test_loop.py tests/arnold/supervisor/test_project_lease_migration.py tests/arnold/supervisor/test_project_lease_store_postgres.py tests/arnold/supervisor/test_reconcile.py tests/arnold/workflow/test_attempt_ledger_static_negative_checks.py tests/arnold/workflow/test_authoring_contract.py tests/arnold/workflow/test_authoring_surface_parity.py tests/arnold/workflow/test_dsl.py tests/arnold/workflow/test_import_boundaries.py tests/arnold/workflow/test_inspect_and_dry_run.py tests/arnold/workflow/test_manifest_hashes.py tests/arnold/workflow/test_manifest_serialization.py tests/arnold/workflow/test_native_wbc_adoption.py tests/arnold_pipelines/megaplan/chain/test_canary_rehearsal.py tests/arnold_pipelines/megaplan/migration/test_fresh_child_admission.py tests/arnold_pipelines/megaplan/migration/test_occurrence_child_migration.py tests/arnold_pipelines/megaplan/migration/test_owner_adapters.py tests/arnold_pipelines/megaplan/observability/test_auditor_reasons.py tests/arnold_pipelines/megaplan/pipelines/test_doc_native_contract.py tests/arnold_pipelines/megaplan/pipelines/test_jokes_native_contract.py tests/arnold_pipelines/megaplan/pipelines/test_native_truth.py tests/arnold_pipelines/megaplan/test_acceptance_commit.py tests/arnold_pipelines/megaplan/test_authority_dispatch_grants.py tests/arnold_pipelines/megaplan/test_authority_incident_cycles.py tests/arnold_pipelines/megaplan/test_authority_inventory.py tests/arnold_pipelines/megaplan/test_authority_inventory_cli.py tests/arnold_pipelines/megaplan/test_auto_engine_isolation_default.py tests/arnold_pipelines/megaplan/test_baseline_capture_guard.py tests/arnold_pipelines/megaplan/test_canonical_source_admission.py tests/arnold_pipelines/megaplan/test_chain_active_step_liveness.py tests/arnold_pipelines/megaplan/test_chain_authority_shadow.py tests/arnold_pipelines/megaplan/test_chain_auto_approve_sync.py tests/arnold_pipelines/megaplan/test_chain_self_hosted_editable.py tests/arnold_pipelines/megaplan/test_chain_wbc_transitions.py tests/arnold_pipelines/megaplan/test_cli_command_parser_parity.py tests/arnold_pipelines/megaplan/test_cli_commands.py tests/arnold_pipelines/megaplan/test_cli_describe_contract.py tests/arnold_pipelines/megaplan/test_cloud_quickstart.py tests/arnold_pipelines/megaplan/test_cloud_status_authority_shadow.py tests/arnold_pipelines/megaplan/test_codex_writable_roots.py tests/arnold_pipelines/megaplan/test_control_resume_runner.py tests/arnold_pipelines/megaplan/test_current_epoch_custody.py tests/arnold_pipelines/megaplan/test_custody_control_plane_unattended_policy.py tests/arnold_pipelines/megaplan/test_doctor_llm_liveness.py tests/arnold_pipelines/megaplan/test_editor_setup.py tests/arnold_pipelines/megaplan/test_execute_aggregate_checkpoint_adoption.py tests/arnold_pipelines/megaplan/test_execute_completed_task_receipts.py tests/arnold_pipelines/megaplan/test_execute_flag_compat.py tests/arnold_pipelines/megaplan/test_execute_prior_batch_deviations.py tests/arnold_pipelines/megaplan/test_execute_prompt_worktree.py tests/arnold_pipelines/megaplan/test_fake_prep_to_plan_wbc_adapter.py tests/arnold_pipelines/megaplan/test_fallback_observability.py tests/arnold_pipelines/megaplan/test_final_conformance_evidence.py tests/arnold_pipelines/megaplan/test_final_conformance_scenarios.py tests/arnold_pipelines/megaplan/test_finalize_one_shot_cli.py tests/arnold_pipelines/megaplan/test_force_proceed_custody.py tests/arnold_pipelines/megaplan/test_fresh_child_launch.py tests/arnold_pipelines/megaplan/test_gate_baseline_presence.py tests/arnold_pipelines/megaplan/test_gate_compact_prompt.py tests/arnold_pipelines/megaplan/test_generate_native_representation_evidence.py tests/arnold_pipelines/megaplan/test_graph_admission.py tests/arnold_pipelines/megaplan/test_heartbeat_projection.py tests/arnold_pipelines/megaplan/test_hermes_plan_recovery.py tests/arnold_pipelines/megaplan/test_import_boundaries.py tests/arnold_pipelines/megaplan/test_incident_summaries.py tests/arnold_pipelines/megaplan/test_initiative_scaffold.py tests/arnold_pipelines/megaplan/test_launch_hermes_agent.py tests/arnold_pipelines/megaplan/test_manifest_backend.py tests/arnold_pipelines/megaplan/test_migrate_history.py tests/arnold_pipelines/megaplan/test_model_seam_recovery.py tests/arnold_pipelines/megaplan/test_native_golden_traces.py tests/arnold_pipelines/megaplan/test_notification_safety.py tests/arnold_pipelines/megaplan/test_observability_events_projection.py tests/arnold_pipelines/megaplan/test_partnered_5_glm_profile.py tests/arnold_pipelines/megaplan/test_phase_handoff_custody.py tests/arnold_pipelines/megaplan/test_plan_markdown_capture.py tests/arnold_pipelines/megaplan/test_plan_text_normalization.py tests/arnold_pipelines/megaplan/test_planning_operations_resume.py tests/arnold_pipelines/megaplan/test_post_execute_suite_gate.py tests/arnold_pipelines/megaplan/test_pre_commit_hook_freshness.py tests/arnold_pipelines/megaplan/test_prep_payload_compat.py tests/arnold_pipelines/megaplan/test_prerequisite_resolution_sync.py tests/arnold_pipelines/megaplan/test_repeated_failure_custody.py tests/arnold_pipelines/megaplan/test_resume_migration.py tests/arnold_pipelines/megaplan/test_review_external_gates.py tests/arnold_pipelines/megaplan/test_rework_admission.py tests/arnold_pipelines/megaplan/test_routing_source_invariants.py tests/arnold_pipelines/megaplan/test_runtime_pipeline_native_program.py tests/arnold_pipelines/megaplan/test_runtime_process.py tests/arnold_pipelines/megaplan/test_s6_auto_event_consumption.py tests/arnold_pipelines/megaplan/test_s6_decision_translator_fence.py tests/arnold_pipelines/megaplan/test_scope_recovery.py tests/arnold_pipelines/megaplan/test_state_authority.py tests/arnold_pipelines/megaplan/test_status_cli.py tests/arnold_pipelines/megaplan/test_suite_runner_subtest_parse.py tests/arnold_pipelines/megaplan/test_tiebreaker_cli_surfaces.py tests/arnold_pipelines/megaplan/test_tiered_execute_provider_fallback.py tests/arnold_pipelines/megaplan/test_wbc_inventory_adoption.py tests/arnold_pipelines/megaplan/test_wheel_smoke.py tests/arnold_pipelines/megaplan/test_workflow_events.py tests/arnold_pipelines/megaplan/test_workflow_runtime_overlay.py tests/arnold_pipelines/megaplan/test_workflows_planning_lowered_topology.py tests/arnold_pipelines/megaplan/watchdog/test_repair_runner.py tests/arnold_pipelines/test_discovery.py tests/bakeoff/test_channel_shadow.py tests/bakeoff/test_comparison.py tests/bakeoff/test_integration.py tests/bakeoff/test_judge.py tests/bakeoff/test_merge.py tests/bakeoff/test_metrics.py tests/bakeoff/test_orchestrator.py tests/bakeoff/test_state.py tests/bakeoff/test_wbc.py tests/boundary/test_deliberation_absence.py tests/boundary/test_import_leak.py tests/characterization/test_agent_fanout_boundaries.py tests/characterization/test_blocked_retry_byte_stability.py tests/characterization/test_cli_parser_snapshot.py tests/characterization/test_context_retry_byte_stability.py tests/characterization/test_external_retry_byte_stability.py tests/characterization/test_m4_plugin_registry_characterization.py tests/characterization/test_package_metadata.py tests/characterization/test_patterns_import_surface.py tests/characterization/test_unified_execute_no_planning_vocab.py tests/cli/test_arnold_parser_snapshot.py tests/cli/test_m5_dispatch.py tests/cli/test_m5_operators.py tests/cli/test_megaplan_recovery_command_parser.py tests/cloud/test_auditor_external_evidence.py tests/cloud/test_babysitter_routing.py tests/cloud/test_chain_health_terminal_shortcuts.py tests/cloud/test_cloud_dockerfile_tool_versions.py tests/cloud/test_cloud_hot_upload.py tests/cloud/test_cloud_status_supervisor_authority.py tests/cloud/test_dependency_manifest_repair.py tests/cloud/test_engine_runtime_repair_admission.py tests/cloud/test_fan_safepath_import.py tests/cloud/test_final_runtime_promotion_runbook.py tests/cloud/test_fixer_prompt_policy_sha.py tests/cloud/test_github_sync.py tests/cloud/test_github_sync_push_leg.py tests/cloud/test_human_review_diagnostic.py tests/cloud/test_install_sync_manifest.py tests/cloud/test_launcher_manifest_conformance.py tests/cloud/test_m11_canary_cohort.py tests/cloud/test_m11_live_canary.py tests/cloud/test_m11_workflow_canary.py tests/cloud/test_maintenance_dispatch.py tests/cloud/test_manual_repair_trigger.py tests/cloud/test_operator_control.py tests/cloud/test_owner_lease_publisher_parity.py tests/cloud/test_post_fixer_recovery_gate.py tests/cloud/test_process_adapter_wbc.py tests/cloud/test_recovery_decision_systemic.py tests/cloud/test_redaction.py tests/cloud/test_repair_effect_ledger.py tests/cloud/test_repair_escalation.py tests/cloud/test_repair_lock_namespace_fencing.py tests/cloud/test_repair_request_migration.py tests/cloud/test_repair_revalidation.py tests/cloud/test_schedule_runner_pin.py tests/cloud/test_session_retirement.py tests/cloud/test_shadow_attestation.py tests/cloud/test_six_hour_auditor.py tests/cloud/test_source_initiative_repair.py tests/cloud/test_status_retirement.py tests/cloud/test_status_snapshot_cli.py tests/cloud/test_superfixer_episodes.py tests/cloud/test_t23_evidence_bound_cutover.py tests/cloud/test_terminal_audit.py tests/cloud/test_watchdog_activity.py tests/cloud/test_watchdog_chain_stuck_projection.py tests/cloud/test_watchdog_finalized_wait_state.py tests/cloud/test_watchdog_missing_spec_completion.py tests/cloud/test_watchdog_pr_reconciliation.py tests/cloud/test_watchdog_wrappers.py tests/contract/test_store_contract.py tests/editorial_arnold_reference.py tests/editorial_body.py tests/editorial_checklist.py tests/editorial_foundations.py tests/editorial_gating.py tests/editorial_lifecycle_mapping.py tests/editorial_reads.py tests/editorial_run_lifecycle.py tests/editorial_sprints.py tests/execute/test_aggregation_wbc.py tests/execute/test_append_only_attempts.py tests/execute/test_batch_scope.py tests/execute/test_budget_debt_acceptance.py tests/execute/test_effort_routing.py tests/execute/test_execute_wbc_identity.py tests/execute/test_quality_deviations.py tests/execute/test_review_routing.py tests/execute/test_scoped_successor_reopen.py tests/handlers/test_finalize_retry_preserve.py tests/handlers/test_session_cache_noop.py tests/installed_wheel/test_import_workflow_kernel.py tests/installed_wheel/test_m5_wheel_smoke.py tests/m11/test_audit_manifest.py tests/m11/test_cross_contract_acceptance_hardening.py tests/m11/test_predecessor_wrapper_derivation.py tests/m11/test_wbc_acceptance_semantics.py tests/m8/benchmark/test_benchmark_gate.py tests/m8/benchmark/test_c4bench.py tests/m8/benchmark/test_helpers.py tests/m8/regression/test_motivating_failures.py tests/m8/regression/test_structural_regressions.py tests/m8/test_conformance_guard.py tests/m8/test_seam_coverage_completeness.py tests/m8/test_wbc_boundary_inventory_generator.py tests/m9/test_bypass_gating.py tests/m9/test_deterministic_auditor_reasons.py tests/m9/test_observer_purity.py tests/m9/test_positive_authorization_traps.py tests/m9/test_reader_inventory_authority.py tests/m9/test_rebuild_digest_parity.py tests/m9/test_retention_privacy_stored_bytes.py tests/m9/test_stale_torn_evidence.py tests/m9/test_work_ledger_totals.py tests/megaplan/test_execute_resolved_quality_blocking.py tests/megaplan/test_incident_cli.py tests/megaplan/test_owner_observably_dead.py tests/megaplan/test_status_blocked_recovery_projection.py tests/observability/test_concurrent_telemetry_ordering.py tests/observability/test_event_checkpoint.py tests/observability/test_events.py tests/observability/test_events_projection.py tests/oracle/test_dual_run_oracle.py tests/oracle/test_fixture_manifest_smoke.py tests/oracle/test_m5d_substrate_swap.py tests/oracles/test_budget_authority_oracle.py tests/oracles/test_calibration_loop_oracle.py tests/oracles/test_capacity_lease_two_tenant_oracle.py tests/oracles/test_crash_isolation_oracle.py tests/oracles/test_effect_ledger_replay_oracle.py tests/oracles/test_evaluand_replay_oracle.py tests/oracles/test_evaluand_transaction_boundary_oracle.py tests/oracles/test_journal_join_key_oracle.py tests/orchestration/test_completion_contract_suite_selection.py tests/orchestration/test_imported_decision_criteria.py tests/orchestration/test_phase_result.py tests/orchestration/test_phase_result_classify.py tests/orchestration/test_plan_test_blast_radius.py tests/orchestration/test_revise_blast_radius.py tests/orchestration/test_verifiability_flags_contract.py tests/pipeline/steps/test_agent_step.py tests/pipelines/test_folder_audit.py tests/prompts/test_finalize_task_feasibility_prompt.py tests/prompts/test_template_read_instruction.py tests/resident/test_authorizer.py tests/resident/test_context_tree_attention_priority.py tests/resident/test_daily_observation_negative_authority.py tests/resident/test_delegation_delivery_instruction.py tests/resident/test_delivery_status_hot_context.py tests/resident/test_discord_adapter.py tests/resident/test_discord_follow_up_command.py tests/resident/test_discord_subagent_followup_routing.py tests/resident/test_dropped_threads_command.py tests/resident/test_escalation_reply.py tests/resident/test_fix_the_fixer_command.py tests/resident/test_maintenance_unblocker_handler.py tests/resident/test_managed_provider_agent_runner.py tests/resident/test_notification_production_wiring.py tests/resident/test_query_relationship_and_aggregation.py tests/resident/test_request_summary_contract.py tests/resident/test_restart_resident_command.py tests/resident/test_scheduled_turn_provenance.py tests/resident/test_scheduler_notifications.py tests/resident/test_subagent_restart_persistence.py tests/resident/test_timezone_localization.py tests/resident/test_turn_handoff.py tests/resident/test_vp_todo_config.py tests/resume/test_pre_m6_alias.py tests/runtime/test_event_journal_compaction.py tests/runtime/test_event_journal_recovery.py tests/runtime/test_event_journal_tail.py tests/runtime/test_process_custody.py tests/store/test_warrant_sources.py tests/test_adopt_plan.py tests/test_append_completed_atomic.py tests/test_arnold_cli.py tests/test_arnold_dispatcher.py tests/test_audit_query.py tests/test_briefs_cli.py tests/test_chain_epic_briefs_lint.py tests/test_codex_adapter.py tests/test_contract_validation.py tests/test_doc_assembly.py tests/test_execute_compat_argv.py tests/test_fix_the_fixer_skill.py tests/test_gate_grep_ratchet.py tests/test_generate_arnold_docs.py tests/test_grok_api_endpoint.py tests/test_launch_hermes_agent.py tests/test_m6_purge_gate.py tests/test_memory_tool_compat.py tests/test_no_bare_subprocess.py tests/test_no_service_role.py tests/test_oracle_bisect_consumer.py tests/test_packaging_skills.py tests/test_pipeline_composability.py tests/test_pipeline_compose.py tests/test_pipeline_demo_judges.py tests/test_pipeline_doc_critique.py tests/test_pipeline_elegance.py tests/test_post_m11_release_evidence_policy.py tests/test_privileged_dispatch_audit.py tests/test_receipts.py tests/test_reconciliation_atomic_gate.py tests/test_shannon_adapter.py tests/test_store_layout.py tests/test_swe_bench.py tests/test_validate_package_disposition.py tests/test_workers_shannon_session.py tests/tools/test_wbc_constants_coherence.py tests/tools/test_wbc_file_hash_rebind.py tests/workers/test_codex_child_env_auth.py tests/workers/test_codex_failure_diagnostics.py tests/workers/test_session_cache_regression.py 2>&1 | tee "/Users/peteromalley/Documents/.megaplan-worktrees/mrc-run-20260820/evidence/artifacts/shards-gold-5bf1912a73/shard9.stdout"
-- stdout --
........................................................................ [  3%]
.................................................s...................... [  6%]
........................................................................ [  9%]
........................................................................ [ 12%]
........................................................................ [ 15%]
...........................................F............................ [ 18%]
.......................................sssss............................ [ 21%]
..............................F..F...FFFFFF......F...................... [ 24%]
................................F..................................FFFFF [ 27%]
FF.............F........................................................ [ 30%]
........................................................................ [ 33%]
............................F.F.F....F.................................. [ 36%]
........................................................................ [ 39%]
........................................................................ [ 42%]
........................................................................ [ 45%]
........................................................................ [ 48%]
...................FFFFF..............F.F............................... [ 51%]
........................................................................ [ 54%]
........................................................................ [ 57%]
.................FFF...........F.......F...........F................FF.. [ 60%]
...F...FF.......FFFFFFFFFFFFFFFFFFFF..FFFFFFFFFF........F...F.FFFFFFF.F. [ 63%]
.F..F..F.............................................FFF.......F........ [ 66%]
............................................F.......................FF.. [ 69%]
.............................F.......................................... [ 72%]
.................FF..................................................... [ 75%]
...............................F...F.................................... [ 78%]
........................................................................ [ 81%]
................................................F....................... [ 84%]
........................................................................ [ 87%]
.............................................................F.F........ [ 90%]
..................................................F..................... [ 93%]
......F.F............................................................... [ 96%]
.....................................................................FFF [ 99%]
FFFFFF.                                                                  [100%]
=================================== FAILURES ===================================
_________________ test_graph_era_symbols_absent_from_root_all __________________

    def test_graph_era_symbols_absent_from_root_all() -> None:
        """Graph-era construction/execution names must not appear in pipeline.__all__."""
        graph_era = [
            "Edge", "Stage", "ParallelStage",
            "PipelineBuilder", "PipelineRegistry",
            "StepInvocation",
            "ExecutorHooks", "NullExecutorHooks",
            "run_pipeline", "run_pipeline_resume",
        ]
        present = [g for g in graph_era if g in pipeline.__all__]
>       assert not present, f"graph-era symbols in root __all__: {present}"
E       AssertionError: graph-era symbols in root __all__: ['StepInvocation']
E       assert not ['StepInvocation']

tests/arnold/pipeline/test_public_contract_imports.py:76: AssertionError
_________ test_canary_rehearsal_full_sequence_with_rollback_injection __________

tmp_path = PosixPath('/private/tmp/mrc-gold-basetemp/shard9/test_canary_rehearsal_full_seq0')
monkeypatch = <_pytest.monkeypatch.MonkeyPatch object at 0x10f886310>
capsys = <_pytest.capture.CaptureFixture object at 0x10efa1d10>
offline_rollback_runtime = {'identity': PosixPath('/private/tmp/mrc-gold-basetemp/shard9/offline-runtime-rollback0/runtime-a-identity.json'), 'py...), 'receipt': PosixPath('/private/tmp/mrc-gold-basetemp/shard9/offline-runtime-rollback0/runtime-a-receipt.json'), ...}

    def test_canary_rehearsal_full_sequence_with_rollback_injection(
        tmp_path: Path,
        monkeypatch: pytest.MonkeyPatch,
        capsys: pytest.CaptureFixture[str],
        offline_rollback_runtime: dict[str, Path | str],
    ) -> None:
        """The whole T-0101 sequence on copied state, rollback injected everywhere."""
        # ── copied state: progressed, blocked, UNBOUND chain ──────────────────
        spec_path = _pin_legacy_chain(tmp_path)
        _git(tmp_path, "checkout", "-b", BRANCH)
        chain_state = ChainState()
        chain_state.current_milestone_index = 0
        chain_state.current_plan_name = PLAN
        chain_state.last_state = "blocked"
        chain_state.chain_session = SESSION
        chain_state.completed = []
        save_chain_state(spec_path, chain_state)  # metadata stays unbound/unpaused
    
        identity = _repair_identity()
        plan_payload = _plan_payload(identity)
        plan_path = _write_plan_state(tmp_path, plan_payload)
    
        real_old_identity = json.loads(
            Path(offline_rollback_runtime["identity"]).read_text(encoding="utf-8")
        )
        real_old_identity_path = Path(offline_rollback_runtime["identity"])
        real_old_receipt_path = Path(offline_rollback_runtime["receipt"])
        # The whole sequence replays on the LIVE-SHAPED old runtime: the marker
        # relaunch gate resolves a /workspace/runtime-candidates-style root, so
        # the canonical "old runtime" is the REAL identity re-rooted at
        # LEGACY_CANDIDATE.  The REAL offline runtime still re-verifies first
        # inside the patched verifier seam (steps b and c).
        old_identity = _masked_legacy_identity(real_old_identity, LEGACY_CANDIDATE)
        old_root = Path(old_identity["import_root"]).resolve()
        old_revision = str(old_identity["source_revision"])
        # The masked identity migrate binds in step (b): written out so the REAL
        # CLI's --old-runtime-identity flag names the exact identity it binds.
        masked_identity_path = (
            tmp_path / "migration-evidence" / "runtime-identity-masked.json"
        )
        masked_identity_path.parent.mkdir(parents=True, exist_ok=True)
        masked_identity_path.write_text(
            json.dumps(old_identity, indent=2, sort_keys=True) + "\n",
            encoding="utf-8",
        )
        marker_path = _write_cloud_marker(tmp_path, spec_path, old_root=old_root)
        marker_sha_seeded = _sha256_file(marker_path)
        manifest_path = _write_runtime_manifest(
            tmp_path / "runtime-manifest.json",
            epic_id="demo",
            runtime_root=old_root,
            expected_head=old_revision,
        )
        monkeypatch.setenv("ARNOLD_RUNTIME_MANIFEST", str(manifest_path))
        queue = _enqueue_repair(tmp_path, identity)
        assert queue["status"] == "queued", queue
    
        # Quiesce precondition: watchdog/incident-ledger writers stopped before
        # the sequence (helper exists, is callable, and the copied tree carries
        # no incident-ledger journal; the live quiesce is operator-side).
        assert callable(assert_quiesce_precondition)
        assert_quiesce_precondition(tmp_path)
    
        # Independent receipt for the NEW (control) runtime, used by the manifest
        # CAS cutover (g).
        control = _emit_control_runtime_receipt(offline_rollback_runtime)
        control_revision = str(control["revision"])
        assert control_revision == _git(REPO_ROOT, "rev-parse", "HEAD")
    
        rollback_receipt_path = tmp_path / "manifest-cutover-rollback.json"
        plan_dir = tmp_path / ".megaplan" / "plans" / PLAN
        # occurrence-join receipts are constrained to the plan evidence root.
        receipt_path = plan_dir / "evidence" / "occurrence-join-receipt.json"
    
        # ── (a) pause via the REAL chain CLI under the old optional spec ──────
        def _pause_argv(reason: str) -> list[str]:
            return [
                "chain",
                "pause",
                "--spec", str(spec_path),
                "--project-dir", str(tmp_path),
                "--reason", reason,
                "--actor", "operator",
            ]
    
        def run_a():
            return _expect_ok(*_chain_cli(tmp_path, _pause_argv(
                "T-0101 rehearsal: pause before legacy migration"
            ), capsys))
    
        def verify_a(result):
            assert result["paused"] is True
            state = load_chain_state(spec_path, verify_execution_binding=False)
            authority = pause_record(state)
            assert authority is not None and authority.get("plan") == PLAN
            assert authority.get("previous_chain_last_state") == "blocked"
            assert authority.get("previous_plan_state") == "blocked"
            assert state.last_state == "paused"
            # The written chain state still CAS-verifies against the spec file.
            assert state.metadata["chain_spec_sha256"] == _sha256_file(spec_path)
            plan = json.loads(plan_path.read_text(encoding="utf-8"))
            assert plan["current_state"] == "paused"
            assert plan["meta"][AUTHORITY_KEY]["schema_version"] == AUTHORITY_SCHEMA
            assert plan["latest_failure"] == plan_payload["latest_failure"]
            assert plan["resume_cursor"] == plan_payload["resume_cursor"]
    
        def refuse_a():
            def attempt():
                plan_bytes = plan_path.read_bytes()
                payload = json.loads(plan_bytes)
                payload["current_state"] = "done"
                plan_path.write_text(json.dumps(payload), encoding="utf-8")
                try:
                    rc, payload = _chain_cli(tmp_path, _pause_argv("probe"), capsys)
                    assert rc == 1
                    assert payload is not None and payload.get("success") is False
                finally:
                    plan_path.write_bytes(plan_bytes)
    
            _refuse_zero_mutation(tmp_path, attempt)
    
>       _rehearse(tmp_path, run_a, verify_a, refuse_a, refuse_before=True)

tests/arnold_pipelines/megaplan/chain/test_canary_rehearsal.py:1307: 
_ _ _ _ _ _ _ _ _ _ _ _ _ _ _ _ _ _ _ _ _ _ _ _ _ _ _ _ _ _ _ _ _ _ _ _ _ _ _ _ 
tests/arnold_pipelines/megaplan/chain/test_canary_rehearsal.py:960: in _rehearse
    result = run()
             ^^^^^
tests/arnold_pipelines/megaplan/chain/test_canary_rehearsal.py:1272: in run_a
    return _expect_ok(*_chain_cli(tmp_path, _pause_argv(
_ _ _ _ _ _ _ _ _ _ _ _ _ _ _ _ _ _ _ _ _ _ _ _ _ _ _ _ _ _ _ _ _ _ _ _ _ _ _ _ 

rc = 1
payload = {'error': 'capability_absent', 'message': 'pause_chain requires a minted MutationCapability bound to action, occurrence, target, and fence epoch', 'success': False}

    def _expect_ok(rc: int, payload: dict | None) -> dict:
        """Assert a CLI dispatch succeeded and return its stdout JSON payload."""
>       assert rc == 0, f"CLI command failed: rc={rc} payload={payload!r}"
E       AssertionError: CLI command failed: rc=1 payload={'success': False, 'error': 'capability_absent', 'message': 'pause_chain requires a minted MutationCapability bound to action, occurrence, target, and fence epoch'}
E       assert 1 == 0

tests/arnold_pipelines/megaplan/chain/test_canary_rehearsal.py:996: AssertionError
_____________ test_canary_rehearsal_identityless_adoption_sequence _____________

tmp_path = PosixPath('/private/tmp/mrc-gold-basetemp/shard9/test_canary_rehearsal_identity0')
monkeypatch = <_pytest.monkeypatch.MonkeyPatch object at 0x10fab0cd0>
capsys = <_pytest.capture.CaptureFixture object at 0x10d9b6450>
offline_rollback_runtime = {'identity': PosixPath('/private/tmp/mrc-gold-basetemp/shard9/offline-runtime-rollback0/runtime-a-identity.json'), 'py...), 'receipt': PosixPath('/private/tmp/mrc-gold-basetemp/shard9/offline-runtime-rollback0/runtime-a-receipt.json'), ...}

    def test_canary_rehearsal_identityless_adoption_sequence(
        tmp_path: Path,
        monkeypatch: pytest.MonkeyPatch,
        capsys: pytest.CaptureFixture[str],
        offline_rollback_runtime: dict[str, Path | str],
    ) -> None:
        """Copied-state case that begins with repair_identity = null.
    
        Runs the full T-0101 sequence on identity-less state:
    
            pause → prior T-0101 cutovers → occurrence-adopt → enqueue/accept
            → occurrence-join → resume
    
        and exercises every T-0101e' property: three identical runs produce the
        same key/request/decision; one-bit changes to EVERY CAS digest refuse
        with zero mutation; different plan/timestamp/cursor/roots produce a
        different key; non-operator / missing pause / non-null existing identity
        / ambiguous failure / unequal roots refuse; crash injection after the
        adoption-authority / request writes converges on retry; two concurrent
        adopters yield one record/request/accepted decision; superseding the
        accepted decision blocks join; the join produces one real current
        lease/epoch with request→decision→claim→attempt equality; resume
        preserves the gate cursor byte-for-byte with fresh typed progress.
        """
        # ── copied state: progressed, blocked, UNBOUND chain, NO repair identity ─
        spec_path = _pin_legacy_chain(tmp_path)
        _git(tmp_path, "checkout", "-b", BRANCH)
        chain_state = ChainState()
        chain_state.current_milestone_index = 0
        chain_state.current_plan_name = PLAN
        chain_state.last_state = "blocked"
        chain_state.chain_session = SESSION
        chain_state.completed = []
        save_chain_state(spec_path, chain_state)  # metadata stays unbound/unpaused
    
        # The plan state is IDENTITY-LESS: no meta.repair_identity and no
        # latest_failure.metadata.repair_identity (the synthetic v1 seeding is
        # removed).  No repair request is enqueued at setup — the adoption
        # command creates request + accepted decision itself.
        plan_payload = _plan_payload(failure_recorded_at="2026-08-11T07:35:34Z")
        plan_path = _write_plan_state(tmp_path, plan_payload)
    
        real_old_identity = json.loads(
            Path(offline_rollback_runtime["identity"]).read_text(encoding="utf-8")
        )
        real_old_identity_path = Path(offline_rollback_runtime["identity"])
        real_old_receipt_path = Path(offline_rollback_runtime["receipt"])
        old_identity = _masked_legacy_identity(real_old_identity, LEGACY_CANDIDATE)
        old_root = Path(old_identity["import_root"]).resolve()
        old_revision = str(old_identity["source_revision"])
        masked_identity_path = (
            tmp_path / "migration-evidence" / "runtime-identity-masked.json"
        )
        masked_identity_path.parent.mkdir(parents=True, exist_ok=True)
        masked_identity_path.write_text(
            json.dumps(old_identity, indent=2, sort_keys=True) + "\n",
            encoding="utf-8",
        )
        marker_path = _write_cloud_marker(tmp_path, spec_path, old_root=old_root)
        manifest_path = _write_runtime_manifest(
            tmp_path / "runtime-manifest.json",
            epic_id="demo",
            runtime_root=old_root,
            expected_head=old_revision,
        )
        monkeypatch.setenv("ARNOLD_RUNTIME_MANIFEST", str(manifest_path))
        assert_quiesce_precondition(tmp_path)
        control = _emit_control_runtime_receipt(offline_rollback_runtime)
        control_revision = str(control["revision"])
        assert control_revision == _git(REPO_ROOT, "rev-parse", "HEAD")
        plan_dir = tmp_path / ".megaplan" / "plans" / PLAN
        join_receipt_path = plan_dir / "evidence" / "occurrence-join-receipt.json"
        rollback_receipt_path = tmp_path / "manifest-cutover-rollback.json"
    
        # ── (a) pause via the REAL chain CLI ──────────────────────────────────
        def _pause_argv() -> list[str]:
            return [
                "chain",
                "pause",
                "--spec", str(spec_path),
                "--project-dir", str(tmp_path),
                "--reason", "T-0101e' rehearsal: pause the identity-less chain",
                "--actor", "operator",
            ]
    
        rc, payload = _chain_cli(tmp_path, _pause_argv(), capsys)
>       assert rc == 0 and payload is not None and payload["paused"] is True, payload
E       AssertionError: {'error': 'capability_absent', 'message': 'pause_chain requires a minted MutationCapability bound to action, occurrence, target, and fence epoch', 'success': False}
E       assert (1 == 0)

tests/arnold_pipelines/megaplan/chain/test_canary_rehearsal.py:2778: AssertionError
_______________ test_prepare_is_provider_free_and_deterministic ________________

    def test_prepare_is_provider_free_and_deterministic() -> None:
>       parent = _parent_evidence()
                 ^^^^^^^^^^^^^^^^^^

tests/arnold_pipelines/megaplan/migration/test_occurrence_child_migration.py:292: 
_ _ _ _ _ _ _ _ _ _ _ _ _ _ _ _ _ _ _ _ _ _ _ _ _ _ _ _ _ _ _ _ _ _ _ _ _ _ _ _ 

    def _parent_evidence() -> ParentEvidence:
        fence = CoordinatorFence("run-parent", "rev-parent", "coordinator-parent", 7)
        evidence = EvidenceEnvelope("parent-evidence", "run-parent", "rev-parent", "parent", "test", {"ok": True})
        grant = CapabilityGrant("parent-grant", "run-parent", "rev-parent", "coordinator-parent", 7, ("subject-parent",), ("execute",), (evidence.evidence_id,))
        attempt = SubjectAttempt("attempt-parent", "run-parent", "rev-parent", "subject-parent", "parent-grant", "coordinator-parent", 7, 1)
        claim = Claim("claim-parent", "run-parent", "rev-parent", "subject-parent", "attempt-parent", "parent-grant", "coordinator-parent", 7, "repair", (evidence.evidence_id,), "parent-claim", {"ok": True})
        decision = Decision("decision-parent", "run-parent", "rev-parent", "subject-parent", "attempt-parent", "parent-grant", "coordinator-parent", 7, "claim-parent", "accepted", (evidence.evidence_id,), "parent-decision", {"ok": True})
>       view = RunAuthorityView(
            schema_version=1,
            run_id="run-parent",
            run_revision="rev-parent",
            journal_cursor=10,
            evidence_set_digest="evidence-set",
            evidence=(evidence,),
            observations=(),
            fences=(fence,),
            grants=(grant,),
            attempts=(attempt,),
            claims=(claim,),
            decisions=(decision,),
            quarantines=(),
            diagnostics=(),
            view_hash="view-parent",
        )
E       TypeError: RunAuthorityView.__init__() missing 1 required positional argument: 'coherent_observations'

tests/arnold_pipelines/megaplan/migration/test_occurrence_child_migration.py:233: TypeError
______________ test_commit_replay_is_idempotent_and_has_one_child ______________

    def test_commit_replay_is_idempotent_and_has_one_child() -> None:
>       parent = _parent_evidence()
                 ^^^^^^^^^^^^^^^^^^

tests/arnold_pipelines/megaplan/migration/test_occurrence_child_migration.py:306: 
_ _ _ _ _ _ _ _ _ _ _ _ _ _ _ _ _ _ _ _ _ _ _ _ _ _ _ _ _ _ _ _ _ _ _ _ _ _ _ _ 

    def _parent_evidence() -> ParentEvidence:
        fence = CoordinatorFence("run-parent", "rev-parent", "coordinator-parent", 7)
        evidence = EvidenceEnvelope("parent-evidence", "run-parent", "rev-parent", "parent", "test", {"ok": True})
        grant = CapabilityGrant("parent-grant", "run-parent", "rev-parent", "coordinator-parent", 7, ("subject-parent",), ("execute",), (evidence.evidence_id,))
        attempt = SubjectAttempt("attempt-parent", "run-parent", "rev-parent", "subject-parent", "parent-grant", "coordinator-parent", 7, 1)
        claim = Claim("claim-parent", "run-parent", "rev-parent", "subject-parent", "attempt-parent", "parent-grant", "coordinator-parent", 7, "repair", (evidence.evidence_id,), "parent-claim", {"ok": True})
        decision = Decision("decision-parent", "run-parent", "rev-parent", "subject-parent", "attempt-parent", "parent-grant", "coordinator-parent", 7, "claim-parent", "accepted", (evidence.evidence_id,), "parent-decision", {"ok": True})
>       view = RunAuthorityView(
            schema_version=1,
            run_id="run-parent",
            run_revision="rev-parent",
            journal_cursor=10,
            evidence_set_digest="evidence-set",
            evidence=(evidence,),
            observations=(),
            fences=(fence,),
            grants=(grant,),
            attempts=(attempt,),
            claims=(claim,),
            decisions=(decision,),
            quarantines=(),
            diagnostics=(),
            view_hash="view-parent",
        )
E       TypeError: RunAuthorityView.__init__() missing 1 required positional argument: 'coherent_observations'

tests/arnold_pipelines/megaplan/migration/test_occurrence_child_migration.py:233: TypeError
_________________ test_tampered_prepared_selector_is_rejected __________________

    def test_tampered_prepared_selector_is_rejected() -> None:
>       parent = _parent_evidence()
                 ^^^^^^^^^^^^^^^^^^

tests/arnold_pipelines/megaplan/migration/test_occurrence_child_migration.py:329: 
_ _ _ _ _ _ _ _ _ _ _ _ _ _ _ _ _ _ _ _ _ _ _ _ _ _ _ _ _ _ _ _ _ _ _ _ _ _ _ _ 

    def _parent_evidence() -> ParentEvidence:
        fence = CoordinatorFence("run-parent", "rev-parent", "coordinator-parent", 7)
        evidence = EvidenceEnvelope("parent-evidence", "run-parent", "rev-parent", "parent", "test", {"ok": True})
        grant = CapabilityGrant("parent-grant", "run-parent", "rev-parent", "coordinator-parent", 7, ("subject-parent",), ("execute",), (evidence.evidence_id,))
        attempt = SubjectAttempt("attempt-parent", "run-parent", "rev-parent", "subject-parent", "parent-grant", "coordinator-parent", 7, 1)
        claim = Claim("claim-parent", "run-parent", "rev-parent", "subject-parent", "attempt-parent", "parent-grant", "coordinator-parent", 7, "repair", (evidence.evidence_id,), "parent-claim", {"ok": True})
        decision = Decision("decision-parent", "run-parent", "rev-parent", "subject-parent", "attempt-parent", "parent-grant", "coordinator-parent", 7, "claim-parent", "accepted", (evidence.evidence_id,), "parent-decision", {"ok": True})
>       view = RunAuthorityView(
            schema_version=1,
            run_id="run-parent",
            run_revision="rev-parent",
            journal_cursor=10,
            evidence_set_digest="evidence-set",
            evidence=(evidence,),
            observations=(),
            fences=(fence,),
            grants=(grant,),
            attempts=(attempt,),
            claims=(claim,),
            decisions=(decision,),
            quarantines=(),
            diagnostics=(),
            view_hash="view-parent",
        )
E       TypeError: RunAuthorityView.__init__() missing 1 required positional argument: 'coherent_observations'

tests/arnold_pipelines/megaplan/migration/test_occurrence_child_migration.py:233: TypeError
________ test_existing_child_with_divergent_owner_identity_is_conflict _________

    def test_existing_child_with_divergent_owner_identity_is_conflict() -> None:
>       parent = _parent_evidence()
                 ^^^^^^^^^^^^^^^^^^

tests/arnold_pipelines/megaplan/migration/test_occurrence_child_migration.py:340: 
_ _ _ _ _ _ _ _ _ _ _ _ _ _ _ _ _ _ _ _ _ _ _ _ _ _ _ _ _ _ _ _ _ _ _ _ _ _ _ _ 

    def _parent_evidence() -> ParentEvidence:
        fence = CoordinatorFence("run-parent", "rev-parent", "coordinator-parent", 7)
        evidence = EvidenceEnvelope("parent-evidence", "run-parent", "rev-parent", "parent", "test", {"ok": True})
        grant = CapabilityGrant("parent-grant", "run-parent", "rev-parent", "coordinator-parent", 7, ("subject-parent",), ("execute",), (evidence.evidence_id,))
        attempt = SubjectAttempt("attempt-parent", "run-parent", "rev-parent", "subject-parent", "parent-grant", "coordinator-parent", 7, 1)
        claim = Claim("claim-parent", "run-parent", "rev-parent", "subject-parent", "attempt-parent", "parent-grant", "coordinator-parent", 7, "repair", (evidence.evidence_id,), "parent-claim", {"ok": True})
        decision = Decision("decision-parent", "run-parent", "rev-parent", "subject-parent", "attempt-parent", "parent-grant", "coordinator-parent", 7, "claim-parent", "accepted", (evidence.evidence_id,), "parent-decision", {"ok": True})
>       view = RunAuthorityView(
            schema_version=1,
            run_id="run-parent",
            run_revision="rev-parent",
            journal_cursor=10,
            evidence_set_digest="evidence-set",
            evidence=(evidence,),
            observations=(),
            fences=(fence,),
            grants=(grant,),
            attempts=(attempt,),
            claims=(claim,),
            decisions=(decision,),
            quarantines=(),
            diagnostics=(),
            view_hash="view-parent",
        )
E       TypeError: RunAuthorityView.__init__() missing 1 required positional argument: 'coherent_observations'

tests/arnold_pipelines/megaplan/migration/test_occurrence_child_migration.py:233: TypeError
______ test_crash_after_parent_and_child_steps_recovers_without_provider _______

    def test_crash_after_parent_and_child_steps_recovers_without_provider() -> None:
>       parent = _parent_evidence()
                 ^^^^^^^^^^^^^^^^^^

tests/arnold_pipelines/megaplan/migration/test_occurrence_child_migration.py:356: 
_ _ _ _ _ _ _ _ _ _ _ _ _ _ _ _ _ _ _ _ _ _ _ _ _ _ _ _ _ _ _ _ _ _ _ _ _ _ _ _ 

    def _parent_evidence() -> ParentEvidence:
        fence = CoordinatorFence("run-parent", "rev-parent", "coordinator-parent", 7)
        evidence = EvidenceEnvelope("parent-evidence", "run-parent", "rev-parent", "parent", "test", {"ok": True})
        grant = CapabilityGrant("parent-grant", "run-parent", "rev-parent", "coordinator-parent", 7, ("subject-parent",), ("execute",), (evidence.evidence_id,))
        attempt = SubjectAttempt("attempt-parent", "run-parent", "rev-parent", "subject-parent", "parent-grant", "coordinator-parent", 7, 1)
        claim = Claim("claim-parent", "run-parent", "rev-parent", "subject-parent", "attempt-parent", "parent-grant", "coordinator-parent", 7, "repair", (evidence.evidence_id,), "parent-claim", {"ok": True})
        decision = Decision("decision-parent", "run-parent", "rev-parent", "subject-parent", "attempt-parent", "parent-grant", "coordinator-parent", 7, "claim-parent", "accepted", (evidence.evidence_id,), "parent-decision", {"ok": True})
>       view = RunAuthorityView(
            schema_version=1,
            run_id="run-parent",
            run_revision="rev-parent",
            journal_cursor=10,
            evidence_set_digest="evidence-set",
            evidence=(evidence,),
            observations=(),
            fences=(fence,),
            grants=(grant,),
            attempts=(attempt,),
            claims=(claim,),
            decisions=(decision,),
            quarantines=(),
            diagnostics=(),
            view_hash="view-parent",
        )
E       TypeError: RunAuthorityView.__init__() missing 1 required positional argument: 'coherent_observations'

tests/arnold_pipelines/megaplan/migration/test_occurrence_child_migration.py:233: TypeError
_________ test_stale_owner_cursor_fails_closed_before_parent_mutation __________

    def test_stale_owner_cursor_fails_closed_before_parent_mutation() -> None:
>       parent = _parent_evidence()
                 ^^^^^^^^^^^^^^^^^^

tests/arnold_pipelines/megaplan/migration/test_occurrence_child_migration.py:376: 
_ _ _ _ _ _ _ _ _ _ _ _ _ _ _ _ _ _ _ _ _ _ _ _ _ _ _ _ _ _ _ _ _ _ _ _ _ _ _ _ 

    def _parent_evidence() -> ParentEvidence:
        fence = CoordinatorFence("run-parent", "rev-parent", "coordinator-parent", 7)
        evidence = EvidenceEnvelope("parent-evidence", "run-parent", "rev-parent", "parent", "test", {"ok": True})
        grant = CapabilityGrant("parent-grant", "run-parent", "rev-parent", "coordinator-parent", 7, ("subject-parent",), ("execute",), (evidence.evidence_id,))
        attempt = SubjectAttempt("attempt-parent", "run-parent", "rev-parent", "subject-parent", "parent-grant", "coordinator-parent", 7, 1)
        claim = Claim("claim-parent", "run-parent", "rev-parent", "subject-parent", "attempt-parent", "parent-grant", "coordinator-parent", 7, "repair", (evidence.evidence_id,), "parent-claim", {"ok": True})
        decision = Decision("decision-parent", "run-parent", "rev-parent", "subject-parent", "attempt-parent", "parent-grant", "coordinator-parent", 7, "claim-parent", "accepted", (evidence.evidence_id,), "parent-decision", {"ok": True})
>       view = RunAuthorityView(
            schema_version=1,
            run_id="run-parent",
            run_revision="rev-parent",
            journal_cursor=10,
            evidence_set_digest="evidence-set",
            evidence=(evidence,),
            observations=(),
            fences=(fence,),
            grants=(grant,),
            attempts=(attempt,),
            claims=(claim,),
            decisions=(decision,),
            quarantines=(),
            diagnostics=(),
            view_hash="view-parent",
        )
E       TypeError: RunAuthorityView.__init__() missing 1 required positional argument: 'coherent_observations'

tests/arnold_pipelines/megaplan/migration/test_occurrence_child_migration.py:233: TypeError
_________ test_prepare_rejects_r5_projection_without_authority_records _________

    def test_prepare_rejects_r5_projection_without_authority_records() -> None:
>       empty_view = RunAuthorityView(
            schema_version=1,
            run_id="run",
            run_revision="rev",
            journal_cursor=0,
            evidence_set_digest="none",
            evidence=(),
            observations=(),
            fences=(),
            grants=(),
            attempts=(),
            claims=(),
            decisions=(),
            quarantines=(),
            diagnostics=(),
            view_hash="view",
        )
E       TypeError: RunAuthorityView.__init__() missing 1 required positional argument: 'coherent_observations'

tests/arnold_pipelines/megaplan/migration/test_owner_adapters.py:155: TypeError
_________________ test_git_tree_guard_refuses_dirty_repo_root __________________

    def test_git_tree_guard_refuses_dirty_repo_root() -> None:
        # The engine candidate is a git repo root with uncommitted fixer changes.
>       assert (
            _git_tree_has_uncommitted_changes(
                Path("/workspace/runtime-candidates/arnold-4a830c6ac9a0")
            )
            is True
        )
E       AssertionError: assert False is True
E        +  where False = _git_tree_has_uncommitted_changes(PosixPath('/workspace/runtime-candidates/arnold-4a830c6ac9a0'))
E        +    where PosixPath('/workspace/runtime-candidates/arnold-4a830c6ac9a0') = Path('/workspace/runtime-candidates/arnold-4a830c6ac9a0')

tests/arnold_pipelines/megaplan/test_baseline_capture_guard.py:105: AssertionError
_____ test_cloud_quickstart_generates_canonical_initiative_from_one_brief ______

tmp_path = PosixPath('/private/tmp/mrc-gold-basetemp/shard9/test_cloud_quickstart_generate0')

    def test_cloud_quickstart_generates_canonical_initiative_from_one_brief(tmp_path: Path) -> None:
>       payload, project = _run_quickstart(tmp_path)
                           ^^^^^^^^^^^^^^^^^^^^^^^^^

tests/arnold_pipelines/megaplan/test_cloud_quickstart.py:62: 
_ _ _ _ _ _ _ _ _ _ _ _ _ _ _ _ _ _ _ _ _ _ _ _ _ _ _ _ _ _ _ _ _ _ _ _ _ _ _ _ 
tests/arnold_pipelines/megaplan/test_cloud_quickstart.py:35: in _run_quickstart
    proc = subprocess.run(
_ _ _ _ _ _ _ _ _ _ _ _ _ _ _ _ _ _ _ _ _ _ _ _ _ _ _ _ _ _ _ _ _ _ _ _ _ _ _ _ 

input = None, capture_output = True, timeout = None, check = True
popenargs = (['/private/tmp/mrc-gold-checkout/.venv/bin/python', '-m', 'arnold_pipelines.megaplan', 'cloud', 'quickstart', '--slug', ...],)
kwargs = {'cwd': PosixPath('/private/tmp/mrc-gold-basetemp/shard9/test_cloud_quickstart_generate0/project'), 'env': {'DEEPSEEK_...Y': 'fw', 'HOME': '/private/tmp/mrc-gold-home-s9.02coV0', 'LC_CTYPE': 'C.UTF-8', ...}, 'stderr': -1, 'stdout': -1, ...}
process = <Popen: returncode: 1 args: ['/private/tmp/mrc-gold-checkout/.venv/bin/pytho...>
stdout = '{\n  "success": false,\n  "error": "ssh_effect_adapter_unavailable",\n  "message": "SSH provider construction refused: no ssh_effect_adapter installed; SSH mutations are action-off and must never run ungated"\n}\n'
stderr = '', retcode = 1

    def run(*popenargs,
            input=None, capture_output=False, timeout=None, check=False, **kwargs):
        """Run command with arguments and return a CompletedProcess instance.
    
        The returned instance will have attributes args, returncode, stdout and
        stderr. By default, stdout and stderr are not captured, and those attributes
        will be None. Pass stdout=PIPE and/or stderr=PIPE in order to capture them,
        or pass capture_output=True to capture both.
    
        If check is True and the exit code was non-zero, it raises a
        CalledProcessError. The CalledProcessError object will have the return code
        in the returncode attribute, and output & stderr attributes if those streams
        were captured.
    
        If timeout is given, and the process takes too long, a TimeoutExpired
        exception will be raised.
    
        There is an optional argument "input", allowing you to
        pass bytes or a string to the subprocess's stdin.  If you use this argument
        you may not also use the Popen constructor's "stdin" argument, as
        it will be used internally.
    
        By default, all communication is in bytes, and therefore any "input" should
        be bytes, and the stdout and stderr will be bytes. If in text mode, any
        "input" should be a string, and stdout and stderr will be strings decoded
        according to locale encoding, or by "encoding" if set. Text mode is
        triggered by setting any of text, encoding, errors or universal_newlines.
    
        The other arguments are the same as for the Popen constructor.
        """
        if input is not None:
            if kwargs.get('stdin') is not None:
                raise ValueError('stdin and input arguments may not both be used.')
            kwargs['stdin'] = PIPE
    
        if capture_output:
            if kwargs.get('stdout') is not None or kwargs.get('stderr') is not None:
                raise ValueError('stdout and stderr arguments may not be used '
                                 'with capture_output.')
            kwargs['stdout'] = PIPE
            kwargs['stderr'] = PIPE
    
        with Popen(*popenargs, **kwargs) as process:
            try:
                stdout, stderr = process.communicate(input, timeout=timeout)
            except TimeoutExpired as exc:
                process.kill()
                if _mswindows:
                    # Windows accumulates the output in a single blocking
                    # read() call run on child threads, with the timeout
                    # being done in a join() on those threads.  communicate()
                    # _after_ kill() is required to collect that and add it
                    # to the exception.
                    exc.stdout, exc.stderr = process.communicate()
                else:
                    # POSIX _communicate already populated the output so
                    # far into the TimeoutExpired exception.
                    process.wait()
                raise
            except:  # Including KeyboardInterrupt, communicate handled that.
                process.kill()
                # We don't call process.wait() as .__exit__ does that for us.
                raise
            retcode = process.poll()
            if check and retcode:
>               raise CalledProcessError(retcode, process.args,
                                         output=stdout, stderr=stderr)
E               subprocess.CalledProcessError: Command '['/private/tmp/mrc-gold-checkout/.venv/bin/python', '-m', 'arnold_pipelines.megaplan', 'cloud', 'quickstart', '--slug', 'repair-loop', '--brief', '/private/tmp/mrc-gold-basetemp/shard9/test_cloud_quickstart_generate0/project/brief.md', '--north-star', '/private/tmp/mrc-gold-basetemp/shard9/test_cloud_quickstart_generate0/project/NORTHSTAR.md', '--skip-remote']' returned non-zero exit status 1.

/Users/peteromalley/.pyenv/versions/3.11.11/lib/python3.11/subprocess.py:571: CalledProcessError
_____________ test_cloud_quickstart_stdout_is_single_json_payload ______________

tmp_path = PosixPath('/private/tmp/mrc-gold-basetemp/shard9/test_cloud_quickstart_stdout_i0')

    def test_cloud_quickstart_stdout_is_single_json_payload(tmp_path: Path) -> None:
>       payload, _project = _run_quickstart(tmp_path)
                            ^^^^^^^^^^^^^^^^^^^^^^^^^

tests/arnold_pipelines/megaplan/test_cloud_quickstart.py:86: 
_ _ _ _ _ _ _ _ _ _ _ _ _ _ _ _ _ _ _ _ _ _ _ _ _ _ _ _ _ _ _ _ _ _ _ _ _ _ _ _ 
tests/arnold_pipelines/megaplan/test_cloud_quickstart.py:35: in _run_quickstart
    proc = subprocess.run(
_ _ _ _ _ _ _ _ _ _ _ _ _ _ _ _ _ _ _ _ _ _ _ _ _ _ _ _ _ _ _ _ _ _ _ _ _ _ _ _ 

input = None, capture_output = True, timeout = None, check = True
popenargs = (['/private/tmp/mrc-gold-checkout/.venv/bin/python', '-m', 'arnold_pipelines.megaplan', 'cloud', 'quickstart', '--slug', ...],)
kwargs = {'cwd': PosixPath('/private/tmp/mrc-gold-basetemp/shard9/test_cloud_quickstart_stdout_i0/project'), 'env': {'DEEPSEEK_...Y': 'fw', 'HOME': '/private/tmp/mrc-gold-home-s9.02coV0', 'LC_CTYPE': 'C.UTF-8', ...}, 'stderr': -1, 'stdout': -1, ...}
process = <Popen: returncode: 1 args: ['/private/tmp/mrc-gold-checkout/.venv/bin/pytho...>
stdout = '{\n  "success": false,\n  "error": "ssh_effect_adapter_unavailable",\n  "message": "SSH provider construction refused: no ssh_effect_adapter installed; SSH mutations are action-off and must never run ungated"\n}\n'
stderr = '', retcode = 1

    def run(*popenargs,
            input=None, capture_output=False, timeout=None, check=False, **kwargs):
        """Run command with arguments and return a CompletedProcess instance.
    
        The returned instance will have attributes args, returncode, stdout and
        stderr. By default, stdout and stderr are not captured, and those attributes
        will be None. Pass stdout=PIPE and/or stderr=PIPE in order to capture them,
        or pass capture_output=True to capture both.
    
        If check is True and the exit code was non-zero, it raises a
        CalledProcessError. The CalledProcessError object will have the return code
        in the returncode attribute, and output & stderr attributes if those streams
        were captured.
    
        If timeout is given, and the process takes too long, a TimeoutExpired
        exception will be raised.
    
        There is an optional argument "input", allowing you to
        pass bytes or a string to the subprocess's stdin.  If you use this argument
        you may not also use the Popen constructor's "stdin" argument, as
        it will be used internally.
    
        By default, all communication is in bytes, and therefore any "input" should
        be bytes, and the stdout and stderr will be bytes. If in text mode, any
        "input" should be a string, and stdout and stderr will be strings decoded
        according to locale encoding, or by "encoding" if set. Text mode is
        triggered by setting any of text, encoding, errors or universal_newlines.
    
        The other arguments are the same as for the Popen constructor.
        """
        if input is not None:
            if kwargs.get('stdin') is not None:
                raise ValueError('stdin and input arguments may not both be used.')
            kwargs['stdin'] = PIPE
    
        if capture_output:
            if kwargs.get('stdout') is not None or kwargs.get('stderr') is not None:
                raise ValueError('stdout and stderr arguments may not be used '
                                 'with capture_output.')
            kwargs['stdout'] = PIPE
            kwargs['stderr'] = PIPE
    
        with Popen(*popenargs, **kwargs) as process:
            try:
                stdout, stderr = process.communicate(input, timeout=timeout)
            except TimeoutExpired as exc:
                process.kill()
                if _mswindows:
                    # Windows accumulates the output in a single blocking
                    # read() call run on child threads, with the timeout
                    # being done in a join() on those threads.  communicate()
                    # _after_ kill() is required to collect that and add it
                    # to the exception.
                    exc.stdout, exc.stderr = process.communicate()
                else:
                    # POSIX _communicate already populated the output so
                    # far into the TimeoutExpired exception.
                    process.wait()
                raise
            except:  # Including KeyboardInterrupt, communicate handled that.
                process.kill()
                # We don't call process.wait() as .__exit__ does that for us.
                raise
            retcode = process.poll()
            if check and retcode:
>               raise CalledProcessError(retcode, process.args,
                                         output=stdout, stderr=stderr)
E               subprocess.CalledProcessError: Command '['/private/tmp/mrc-gold-checkout/.venv/bin/python', '-m', 'arnold_pipelines.megaplan', 'cloud', 'quickstart', '--slug', 'repair-loop', '--brief', '/private/tmp/mrc-gold-basetemp/shard9/test_cloud_quickstart_stdout_i0/project/brief.md', '--north-star', '/private/tmp/mrc-gold-basetemp/shard9/test_cloud_quickstart_stdout_i0/project/NORTHSTAR.md', '--skip-remote']' returned non-zero exit status 1.

/Users/peteromalley/.pyenv/versions/3.11.11/lib/python3.11/subprocess.py:571: CalledProcessError
________ test_cloud_quickstart_can_infer_extra_repo_workspace_from_role ________

tmp_path = PosixPath('/private/tmp/mrc-gold-basetemp/shard9/test_cloud_quickstart_can_infe0')

    def test_cloud_quickstart_can_infer_extra_repo_workspace_from_role(tmp_path: Path) -> None:
>       _payload, project = _run_quickstart(
            tmp_path,
            "--extra-repo",
            "worker=https://github.com/example/worker.git",
        )

tests/arnold_pipelines/megaplan/test_cloud_quickstart.py:92: 
_ _ _ _ _ _ _ _ _ _ _ _ _ _ _ _ _ _ _ _ _ _ _ _ _ _ _ _ _ _ _ _ _ _ _ _ _ _ _ _ 
tests/arnold_pipelines/megaplan/test_cloud_quickstart.py:35: in _run_quickstart
    proc = subprocess.run(
_ _ _ _ _ _ _ _ _ _ _ _ _ _ _ _ _ _ _ _ _ _ _ _ _ _ _ _ _ _ _ _ _ _ _ _ _ _ _ _ 

input = None, capture_output = True, timeout = None, check = True
popenargs = (['/private/tmp/mrc-gold-checkout/.venv/bin/python', '-m', 'arnold_pipelines.megaplan', 'cloud', 'quickstart', '--slug', ...],)
kwargs = {'cwd': PosixPath('/private/tmp/mrc-gold-basetemp/shard9/test_cloud_quickstart_can_infe0/project'), 'env': {'DEEPSEEK_...Y': 'fw', 'HOME': '/private/tmp/mrc-gold-home-s9.02coV0', 'LC_CTYPE': 'C.UTF-8', ...}, 'stderr': -1, 'stdout': -1, ...}
process = <Popen: returncode: 1 args: ['/private/tmp/mrc-gold-checkout/.venv/bin/pytho...>
stdout = '{\n  "success": false,\n  "error": "ssh_effect_adapter_unavailable",\n  "message": "SSH provider construction refused: no ssh_effect_adapter installed; SSH mutations are action-off and must never run ungated"\n}\n'
stderr = '', retcode = 1

    def run(*popenargs,
            input=None, capture_output=False, timeout=None, check=False, **kwargs):
        """Run command with arguments and return a CompletedProcess instance.
    
        The returned instance will have attributes args, returncode, stdout and
        stderr. By default, stdout and stderr are not captured, and those attributes
        will be None. Pass stdout=PIPE and/or stderr=PIPE in order to capture them,
        or pass capture_output=True to capture both.
    
        If check is True and the exit code was non-zero, it raises a
        CalledProcessError. The CalledProcessError object will have the return code
        in the returncode attribute, and output & stderr attributes if those streams
        were captured.
    
        If timeout is given, and the process takes too long, a TimeoutExpired
        exception will be raised.
    
        There is an optional argument "input", allowing you to
        pass bytes or a string to the subprocess's stdin.  If you use this argument
        you may not also use the Popen constructor's "stdin" argument, as
        it will be used internally.
    
        By default, all communication is in bytes, and therefore any "input" should
        be bytes, and the stdout and stderr will be bytes. If in text mode, any
        "input" should be a string, and stdout and stderr will be strings decoded
        according to locale encoding, or by "encoding" if set. Text mode is
        triggered by setting any of text, encoding, errors or universal_newlines.
    
        The other arguments are the same as for the Popen constructor.
        """
        if input is not None:
            if kwargs.get('stdin') is not None:
                raise ValueError('stdin and input arguments may not both be used.')
            kwargs['stdin'] = PIPE
    
        if capture_output:
            if kwargs.get('stdout') is not None or kwargs.get('stderr') is not None:
                raise ValueError('stdout and stderr arguments may not be used '
                                 'with capture_output.')
            kwargs['stdout'] = PIPE
            kwargs['stderr'] = PIPE
    
        with Popen(*popenargs, **kwargs) as process:
            try:
                stdout, stderr = process.communicate(input, timeout=timeout)
            except TimeoutExpired as exc:
                process.kill()
                if _mswindows:
                    # Windows accumulates the output in a single blocking
                    # read() call run on child threads, with the timeout
                    # being done in a join() on those threads.  communicate()
                    # _after_ kill() is required to collect that and add it
                    # to the exception.
                    exc.stdout, exc.stderr = process.communicate()
                else:
                    # POSIX _communicate already populated the output so
                    # far into the TimeoutExpired exception.
                    process.wait()
                raise
            except:  # Including KeyboardInterrupt, communicate handled that.
                process.kill()
                # We don't call process.wait() as .__exit__ does that for us.
                raise
            retcode = process.poll()
            if check and retcode:
>               raise CalledProcessError(retcode, process.args,
                                         output=stdout, stderr=stderr)
E               subprocess.CalledProcessError: Command '['/private/tmp/mrc-gold-checkout/.venv/bin/python', '-m', 'arnold_pipelines.megaplan', 'cloud', 'quickstart', '--slug', 'repair-loop', '--brief', '/private/tmp/mrc-gold-basetemp/shard9/test_cloud_quickstart_can_infe0/project/brief.md', '--north-star', '/private/tmp/mrc-gold-basetemp/shard9/test_cloud_quickstart_can_infe0/project/NORTHSTAR.md', '--skip-remote', '--extra-repo', 'worker=https://github.com/example/worker.git']' returned non-zero exit status 1.

/Users/peteromalley/.pyenv/versions/3.11.11/lib/python3.11/subprocess.py:571: CalledProcessError
___ test_cloud_quickstart_extra_repo_supports_branch_and_workspace_override ____

tmp_path = PosixPath('/private/tmp/mrc-gold-basetemp/shard9/test_cloud_quickstart_extra_re0')

    def test_cloud_quickstart_extra_repo_supports_branch_and_workspace_override(tmp_path: Path) -> None:
>       _payload, project = _run_quickstart(
            tmp_path,
            "--extra-repo",
            "worker=https://github.com/example/worker.git@develop:/workspace/custom-worker",
        )

tests/arnold_pipelines/megaplan/test_cloud_quickstart.py:114: 
_ _ _ _ _ _ _ _ _ _ _ _ _ _ _ _ _ _ _ _ _ _ _ _ _ _ _ _ _ _ _ _ _ _ _ _ _ _ _ _ 
tests/arnold_pipelines/megaplan/test_cloud_quickstart.py:35: in _run_quickstart
    proc = subprocess.run(
_ _ _ _ _ _ _ _ _ _ _ _ _ _ _ _ _ _ _ _ _ _ _ _ _ _ _ _ _ _ _ _ _ _ _ _ _ _ _ _ 

input = None, capture_output = True, timeout = None, check = True
popenargs = (['/private/tmp/mrc-gold-checkout/.venv/bin/python', '-m', 'arnold_pipelines.megaplan', 'cloud', 'quickstart', '--slug', ...],)
kwargs = {'cwd': PosixPath('/private/tmp/mrc-gold-basetemp/shard9/test_cloud_quickstart_extra_re0/project'), 'env': {'DEEPSEEK_...Y': 'fw', 'HOME': '/private/tmp/mrc-gold-home-s9.02coV0', 'LC_CTYPE': 'C.UTF-8', ...}, 'stderr': -1, 'stdout': -1, ...}
process = <Popen: returncode: 1 args: ['/private/tmp/mrc-gold-checkout/.venv/bin/pytho...>
stdout = '{\n  "success": false,\n  "error": "ssh_effect_adapter_unavailable",\n  "message": "SSH provider construction refused: no ssh_effect_adapter installed; SSH mutations are action-off and must never run ungated"\n}\n'
stderr = '', retcode = 1

    def run(*popenargs,
            input=None, capture_output=False, timeout=None, check=False, **kwargs):
        """Run command with arguments and return a CompletedProcess instance.
    
        The returned instance will have attributes args, returncode, stdout and
        stderr. By default, stdout and stderr are not captured, and those attributes
        will be None. Pass stdout=PIPE and/or stderr=PIPE in order to capture them,
        or pass capture_output=True to capture both.
    
        If check is True and the exit code was non-zero, it raises a
        CalledProcessError. The CalledProcessError object will have the return code
        in the returncode attribute, and output & stderr attributes if those streams
        were captured.
    
        If timeout is given, and the process takes too long, a TimeoutExpired
        exception will be raised.
    
        There is an optional argument "input", allowing you to
        pass bytes or a string to the subprocess's stdin.  If you use this argument
        you may not also use the Popen constructor's "stdin" argument, as
        it will be used internally.
    
        By default, all communication is in bytes, and therefore any "input" should
        be bytes, and the stdout and stderr will be bytes. If in text mode, any
        "input" should be a string, and stdout and stderr will be strings decoded
        according to locale encoding, or by "encoding" if set. Text mode is
        triggered by setting any of text, encoding, errors or universal_newlines.
    
        The other arguments are the same as for the Popen constructor.
        """
        if input is not None:
            if kwargs.get('stdin') is not None:
                raise ValueError('stdin and input arguments may not both be used.')
            kwargs['stdin'] = PIPE
    
        if capture_output:
            if kwargs.get('stdout') is not None or kwargs.get('stderr') is not None:
                raise ValueError('stdout and stderr arguments may not be used '
                                 'with capture_output.')
            kwargs['stdout'] = PIPE
            kwargs['stderr'] = PIPE
    
        with Popen(*popenargs, **kwargs) as process:
            try:
                stdout, stderr = process.communicate(input, timeout=timeout)
            except TimeoutExpired as exc:
                process.kill()
                if _mswindows:
                    # Windows accumulates the output in a single blocking
                    # read() call run on child threads, with the timeout
                    # being done in a join() on those threads.  communicate()
                    # _after_ kill() is required to collect that and add it
                    # to the exception.
                    exc.stdout, exc.stderr = process.communicate()
                else:
                    # POSIX _communicate already populated the output so
                    # far into the TimeoutExpired exception.
                    process.wait()
                raise
            except:  # Including KeyboardInterrupt, communicate handled that.
                process.kill()
                # We don't call process.wait() as .__exit__ does that for us.
                raise
            retcode = process.poll()
            if check and retcode:
>               raise CalledProcessError(retcode, process.args,
                                         output=stdout, stderr=stderr)
E               subprocess.CalledProcessError: Command '['/private/tmp/mrc-gold-checkout/.venv/bin/python', '-m', 'arnold_pipelines.megaplan', 'cloud', 'quickstart', '--slug', 'repair-loop', '--brief', '/private/tmp/mrc-gold-basetemp/shard9/test_cloud_quickstart_extra_re0/project/brief.md', '--north-star', '/private/tmp/mrc-gold-basetemp/shard9/test_cloud_quickstart_extra_re0/project/NORTHSTAR.md', '--skip-remote', '--extra-repo', 'worker=https://github.com/example/worker.git@develop:/workspace/custom-worker']' returned non-zero exit status 1.

/Users/peteromalley/.pyenv/versions/3.11.11/lib/python3.11/subprocess.py:571: CalledProcessError
_______ test_cloud_quickstart_extra_repo_keeps_legacy_url_workspace_form _______

tmp_path = PosixPath('/private/tmp/mrc-gold-basetemp/shard9/test_cloud_quickstart_extra_re1')

    def test_cloud_quickstart_extra_repo_keeps_legacy_url_workspace_form(tmp_path: Path) -> None:
>       _payload, project = _run_quickstart(
            tmp_path,
            "--extra-repo",
            "https://github.com/example/worker.git@develop=/workspace/repair-loop/worker",
        )

tests/arnold_pipelines/megaplan/test_cloud_quickstart.py:136: 
_ _ _ _ _ _ _ _ _ _ _ _ _ _ _ _ _ _ _ _ _ _ _ _ _ _ _ _ _ _ _ _ _ _ _ _ _ _ _ _ 
tests/arnold_pipelines/megaplan/test_cloud_quickstart.py:35: in _run_quickstart
    proc = subprocess.run(
_ _ _ _ _ _ _ _ _ _ _ _ _ _ _ _ _ _ _ _ _ _ _ _ _ _ _ _ _ _ _ _ _ _ _ _ _ _ _ _ 

input = None, capture_output = True, timeout = None, check = True
popenargs = (['/private/tmp/mrc-gold-checkout/.venv/bin/python', '-m', 'arnold_pipelines.megaplan', 'cloud', 'quickstart', '--slug', ...],)
kwargs = {'cwd': PosixPath('/private/tmp/mrc-gold-basetemp/shard9/test_cloud_quickstart_extra_re1/project'), 'env': {'DEEPSEEK_...Y': 'fw', 'HOME': '/private/tmp/mrc-gold-home-s9.02coV0', 'LC_CTYPE': 'C.UTF-8', ...}, 'stderr': -1, 'stdout': -1, ...}
process = <Popen: returncode: 1 args: ['/private/tmp/mrc-gold-checkout/.venv/bin/pytho...>
stdout = '{\n  "success": false,\n  "error": "ssh_effect_adapter_unavailable",\n  "message": "SSH provider construction refused: no ssh_effect_adapter installed; SSH mutations are action-off and must never run ungated"\n}\n'
stderr = '', retcode = 1

    def run(*popenargs,
            input=None, capture_output=False, timeout=None, check=False, **kwargs):
        """Run command with arguments and return a CompletedProcess instance.
    
        The returned instance will have attributes args, returncode, stdout and
        stderr. By default, stdout and stderr are not captured, and those attributes
        will be None. Pass stdout=PIPE and/or stderr=PIPE in order to capture them,
        or pass capture_output=True to capture both.
    
        If check is True and the exit code was non-zero, it raises a
        CalledProcessError. The CalledProcessError object will have the return code
        in the returncode attribute, and output & stderr attributes if those streams
        were captured.
    
        If timeout is given, and the process takes too long, a TimeoutExpired
        exception will be raised.
    
        There is an optional argument "input", allowing you to
        pass bytes or a string to the subprocess's stdin.  If you use this argument
        you may not also use the Popen constructor's "stdin" argument, as
        it will be used internally.
    
        By default, all communication is in bytes, and therefore any "input" should
        be bytes, and the stdout and stderr will be bytes. If in text mode, any
        "input" should be a string, and stdout and stderr will be strings decoded
        according to locale encoding, or by "encoding" if set. Text mode is
        triggered by setting any of text, encoding, errors or universal_newlines.
    
        The other arguments are the same as for the Popen constructor.
        """
        if input is not None:
            if kwargs.get('stdin') is not None:
                raise ValueError('stdin and input arguments may not both be used.')
            kwargs['stdin'] = PIPE
    
        if capture_output:
            if kwargs.get('stdout') is not None or kwargs.get('stderr') is not None:
                raise ValueError('stdout and stderr arguments may not be used '
                                 'with capture_output.')
            kwargs['stdout'] = PIPE
            kwargs['stderr'] = PIPE
    
        with Popen(*popenargs, **kwargs) as process:
            try:
                stdout, stderr = process.communicate(input, timeout=timeout)
            except TimeoutExpired as exc:
                process.kill()
                if _mswindows:
                    # Windows accumulates the output in a single blocking
                    # read() call run on child threads, with the timeout
                    # being done in a join() on those threads.  communicate()
                    # _after_ kill() is required to collect that and add it
                    # to the exception.
                    exc.stdout, exc.stderr = process.communicate()
                else:
                    # POSIX _communicate already populated the output so
                    # far into the TimeoutExpired exception.
                    process.wait()
                raise
            except:  # Including KeyboardInterrupt, communicate handled that.
                process.kill()
                # We don't call process.wait() as .__exit__ does that for us.
                raise
            retcode = process.poll()
            if check and retcode:
>               raise CalledProcessError(retcode, process.args,
                                         output=stdout, stderr=stderr)
E               subprocess.CalledProcessError: Command '['/private/tmp/mrc-gold-checkout/.venv/bin/python', '-m', 'arnold_pipelines.megaplan', 'cloud', 'quickstart', '--slug', 'repair-loop', '--brief', '/private/tmp/mrc-gold-basetemp/shard9/test_cloud_quickstart_extra_re1/project/brief.md', '--north-star', '/private/tmp/mrc-gold-basetemp/shard9/test_cloud_quickstart_extra_re1/project/NORTHSTAR.md', '--skip-remote', '--extra-repo', 'https://github.com/example/worker.git@develop=/workspace/repair-loop/worker']' returned non-zero exit status 1.

/Users/peteromalley/.pyenv/versions/3.11.11/lib/python3.11/subprocess.py:571: CalledProcessError
___________ test_multi_sprint_cloud_preflight_blocks_thin_north_star ___________

tmp_path = PosixPath('/private/tmp/mrc-gold-basetemp/shard9/test_multi_sprint_cloud_prefli0')

    def test_multi_sprint_cloud_preflight_blocks_thin_north_star(tmp_path: Path) -> None:
        project = tmp_path / "project"
        project.mkdir()
        chain, cloud = _write_multi_sprint_chain(project, north_star_text="# North Star\n\nThin.\n")
    
        proc = _run_preflight(project, chain, cloud)
        payload = json.loads(proc.stdout)
    
        assert proc.returncode == 1
        assert payload["success"] is False
>       assert payload["north_star_findings"][0]["code"] == "north_star_too_thin"
               ^^^^^^^^^^^^^^^^^^^^^^^^^^^^^^
E       KeyError: 'north_star_findings'

tests/arnold_pipelines/megaplan/test_cloud_quickstart.py:259: KeyError
_________ test_multi_sprint_cloud_preflight_accepts_filled_north_star __________

tmp_path = PosixPath('/private/tmp/mrc-gold-basetemp/shard9/test_multi_sprint_cloud_prefli1')

    def test_multi_sprint_cloud_preflight_accepts_filled_north_star(tmp_path: Path) -> None:
        project = tmp_path / "project"
        project.mkdir()
        filled = (
            "# North Star\n\n"
            "The chain must deliver the planned migration through two coordinated sprints while preserving "
            "the public workflow contract, existing user data, and current operational recovery behavior. "
            "Every sprint should move toward the same end state, avoid local-only assumptions, keep rollback "
            "paths visible, and document any temporary bridge so the follow-up sprint can remove it safely.\n"
        )
        chain, cloud = _write_multi_sprint_chain(project, north_star_text=filled)
    
        proc = _run_preflight(project, chain, cloud)
        payload = json.loads(proc.stdout)
    
>       assert proc.returncode == 0
E       assert 1 == 0
E        +  where 1 = CompletedProcess(args=['/private/tmp/mrc-gold-checkout/.venv/bin/python', '-m', 'arnold_pipelines.megaplan', 'cloud', ...on refused: no ssh_effect_adapter installed; SSH mutations are action-off and must never run ungated"\n}\n', stderr='').returncode

tests/arnold_pipelines/megaplan/test_cloud_quickstart.py:277: AssertionError
_______ test_m5a_acceptance_gate_preserves_systemic_repair_goal_custody ________

    def test_m5a_acceptance_gate_preserves_systemic_repair_goal_custody() -> None:
        watchdog = (
            REPO_ROOT / "arnold_pipelines" / "megaplan" / "cloud" / "wrappers" / "arnold-watchdog"
        ).read_text(encoding="utf-8")
    
>       retry_custody = watchdog.index("next_repair_goal_retry_sequence")
                        ^^^^^^^^^^^^^^^^^^^^^^^^^^^^^^^^^^^^^^^^^^^^^^^^^
E       ValueError: substring not found

tests/arnold_pipelines/megaplan/test_custody_control_plane_unattended_policy.py:54: ValueError
__ test_partnered_5_glm_preserves_phase_shape_with_finalize_as_only_gpt_route __

tmp_path = PosixPath('/private/tmp/mrc-gold-basetemp/shard9/test_partnered_5_glm_preserves0')

    def test_partnered_5_glm_preserves_phase_shape_with_finalize_as_only_gpt_route(
        tmp_path: Path,
    ) -> None:
        profiles = load_profiles(project_dir=tmp_path)
        metadata = load_profile_metadata(project_dir=tmp_path)
    
        base = profiles["partnered-5"]
        glm = profiles["partnered-5-glm"]
        base_metadata = metadata["partnered-5"]
        glm_metadata = metadata["partnered-5-glm"]
    
        expected = _expected_glm_profile(base)
>       assert glm == expected
E       AssertionError: assert {'critique': ...glm-5.2', ...} == {'critique': ...lm-5.2'], ...}
E         
E         Omitting 3 identical items, use -vv to show
E         Differing items:
E         {'plan': 'hermes:zhipu:glm-5.2'} != {'plan': ['hermes:deepseek:deepseek-v4-pro', 'hermes:zhipu:glm-5.2']}
E         {'gate': 'hermes:zhipu:glm-5.2'} != {'gate': 'hermes:deepseek:deepseek-v4-pro'}
E         {'loop_plan': 'hermes:zhipu:glm-5.2'} != {'loop_plan': ['hermes:deepseek:deepseek-v4-pro', 'hermes:zhipu:glm-5.2']}
E         {'loop_execute': 'hermes:zhipu:glm-5.2'} != {'loop_execute': ['hermes:deepseek:deepseek-v4-pro', 'hermes:zhipu:glm-5.2']}...
E         
E         ...Full output truncated (8 lines hidden), use '-vv' to show

tests/arnold_pipelines/megaplan/test_partnered_5_glm_profile.py:81: AssertionError
_______ test_partnered_5_glm_preserves_non_gpt_phase_and_critique_routes _______

tmp_path = PosixPath('/private/tmp/mrc-gold-basetemp/shard9/test_partnered_5_glm_preserves1')

    def test_partnered_5_glm_preserves_non_gpt_phase_and_critique_routes(
        tmp_path: Path,
    ) -> None:
        base_args = _profile_args("partnered-5")
        glm_args = _profile_args("partnered-5-glm")
    
        apply_profile_expansion(base_args, tmp_path)
        apply_profile_expansion(glm_args, tmp_path)
    
        expected_phase_models = _replace_phase_model_gpt_specs(base_args.phase_model)
        expected_phase_models = [
            f"finalize={FINALIZE_SPEC}" if entry.startswith("finalize=") else entry
            for entry in expected_phase_models
        ]
>       assert glm_args.phase_model == expected_phase_models
E       AssertionError: assert ['plan=hermes...glm-5.2', ...] == ['plan=hermes...-v4-pro', ...]
E         
E         At index 4 diff: 'revise=hermes:zhipu:glm-5.2' != 'revise=hermes:deepseek:deepseek-v4-flash'
E         Use -v to get more diff

tests/arnold_pipelines/megaplan/test_partnered_5_glm_profile.py:120: AssertionError
_______ test_execute_success_atomically_arms_recoverable_review_handoff ________

tmp_path = PosixPath('/private/tmp/mrc-gold-basetemp/shard9/test_execute_success_atomicall0')

    def test_execute_success_atomically_arms_recoverable_review_handoff(
        tmp_path: Path,
    ) -> None:
        plan_dir = tmp_path / ".megaplan" / "plans" / "demo"
        plan_dir.mkdir(parents=True)
        (plan_dir / "execution.json").write_text('{"output":"done"}', encoding="utf-8")
        state = _base_state("executed")
        state["active_step"] = {"phase": "execute", "worker_pid": 999_999}
        state["history"].append({"step": "execute", "result": "success"})
    
        persisted = write_plan_state(plan_dir, mode="replace", state=state)
        on_disk = json.loads((plan_dir / "state.json").read_text())
    
        assert persisted == on_disk
>       assert "active_step" not in on_disk
E       AssertionError: assert 'active_step' not in {'active_step': {'phase': 'execute', 'worker_pid': 999999}, 'config': {}, 'current_state': 'executed', 'history': [{'result': 'success', 'step': 'execute'}], ...}

tests/arnold_pipelines/megaplan/test_phase_handoff_custody.py:35: AssertionError
______ test_authoritative_execute_complete_transition_still_arms_recovery ______

tmp_path = PosixPath('/private/tmp/mrc-gold-basetemp/shard9/test_authoritative_execute_com0')

    def test_authoritative_execute_complete_transition_still_arms_recovery(
        tmp_path: Path,
    ) -> None:
        plan_dir = tmp_path / ".megaplan" / "plans" / "demo"
        plan_dir.mkdir(parents=True)
        (plan_dir / "execution.json").write_text('{"output":"done"}', encoding="utf-8")
        state = _base_state("executing")
        state["active_step"] = {
            "phase": "execute",
            "run_id": "execute-run",
            "worker_pid": 999_999,
        }
        (plan_dir / "state.json").write_text(json.dumps(state), encoding="utf-8")
    
        persisted = write_plan_state(
            plan_dir,
            mode="patch-many",
            patch={"current_state": "executed"},
        )
    
>       assert "active_step" not in persisted
E       AssertionError: assert 'active_step' not in {'active_step': {'phase': 'execute', 'run_id': 'execute-run', 'worker_pid': 999999}, 'config': {}, 'current_state': 'executed', 'history': [], ...}

tests/arnold_pipelines/megaplan/test_phase_handoff_custody.py:181: AssertionError
_______________ test_manual_trigger_uses_simple_fixer_delegation _______________

tmp_path = PosixPath('/private/tmp/mrc-gold-basetemp/shard9/test_manual_trigger_uses_simpl0')
monkeypatch = <_pytest.monkeypatch.MonkeyPatch object at 0x109b2fa50>

    def test_manual_trigger_uses_simple_fixer_delegation(
        tmp_path: Path, monkeypatch: pytest.MonkeyPatch
    ) -> None:
        """T27: trigger_once delegates to simple_fixer instead of executing a subprocess.
    
        The delegation goes through RepairDelegation with caller_kind="operator_trigger".
        The result includes delegation_outcome and simple_fixer_outcome fields instead
        of managed_run_id/managed_manifest_path/trigger_returncode.
        """
        marker_dir, queue_root, target = _fixture(tmp_path)
        _authorized(monkeypatch)
    
>       result = manual_repair_trigger.trigger_once(
            session=SESSION,
            plan=PLAN,
            expected_history_index=15,
            expected_artifact_hash=ARTIFACT_HASH,
            marker_dir=marker_dir,
            queue_root=queue_root,
            target_resolver=lambda *_args, **_kwargs: target,
        )

tests/cloud/test_manual_repair_trigger.py:124: 
_ _ _ _ _ _ _ _ _ _ _ _ _ _ _ _ _ _ _ _ _ _ _ _ _ _ _ _ _ _ _ _ _ _ _ _ _ _ _ _ 

    def trigger_once(
        *,
        session: str,
        plan: str,
        expected_history_index: int,
        expected_artifact_hash: str,
        marker_dir: Path,
        queue_root: Path,
        repair_data_dir: Path | None = None,
        target_resolver: Callable[..., dict[str, Any]] = resolve_current_target,
    ) -> dict[str, Any]:
        """Validate, enqueue, and delegate one exact canonical repair request.
    
        Builds a typed ``RepairDelegation`` with ``caller_kind=\"operator_trigger\"``
        and delegates to the canonical ``simple_fixer`` through the repair
        delegation shim.  When an exact-occurrence identity cannot be
        constructed the function emits ``manual_repair_trigger_rejected``
        and preserves the append-only queue evidence receipt.
    
        Legacy subprocess dispatch and env-var override authority have been
        retired; all trigger paths now flow through the delegation shim.
        """
    
        session = _text(session)
        plan = _text(plan)
        artifact_hash = _text(expected_artifact_hash)
        if not session or not plan or expected_history_index < 0 or not artifact_hash:
            raise ManualRepairTriggerError(
                "session, plan, non-negative history index, and artifact hash are required"
            )
        if not feature_flags.mutation_authorized(feature_flags.MUTATION_PATH_L1):
>           raise ManualRepairTriggerError(
                "L1 mutation is not authorized; set invocation-scoped ARNOLD_AUTONOMY=1 and "
                "ARNOLD_REPAIR_TRIGGER_ENABLED=1"
            )
E           arnold_pipelines.megaplan.cloud.manual_repair_trigger.ManualRepairTriggerError: L1 mutation is not authorized; set invocation-scoped ARNOLD_AUTONOMY=1 and ARNOLD_REPAIR_TRIGGER_ENABLED=1

arnold_pipelines/megaplan/cloud/manual_repair_trigger.py:300: ManualRepairTriggerError
________________ test_manual_trigger_rejects_legacy_trigger_bin ________________

tmp_path = PosixPath('/private/tmp/mrc-gold-basetemp/shard9/test_manual_trigger_rejects_le0')
monkeypatch = <_pytest.monkeypatch.MonkeyPatch object at 0x102937310>

    def test_manual_trigger_rejects_legacy_trigger_bin(
        tmp_path: Path, monkeypatch: pytest.MonkeyPatch
    ) -> None:
        """T27: trigger_once no longer accepts trigger_bin or command_runner parameters.
    
        Passing trigger_bin or command_runner as keyword arguments raises TypeError
        because those parameters have been removed in favour of simple_fixer delegation.
        The ARNOLD_MANUAL_REPAIR_TRIGGER_BIN environment variable is also ignored.
        """
        marker_dir, queue_root, target = _fixture(tmp_path)
        _authorized(monkeypatch)
    
        # trigger_bin is no longer a valid parameter.
        with pytest.raises(TypeError, match="trigger_bin"):
            manual_repair_trigger.trigger_once(
                session=SESSION,
                plan=PLAN,
                expected_history_index=15,
                expected_artifact_hash=ARTIFACT_HASH,
                marker_dir=marker_dir,
                queue_root=queue_root,
                trigger_bin=Path("/usr/local/bin/legacy-trigger"),
                target_resolver=lambda *_args, **_kwargs: target,
            )
    
        # command_runner is no longer accepted.
        with pytest.raises(TypeError, match="command_runner"):
            manual_repair_trigger.trigger_once(
                session=SESSION,
                plan=PLAN,
                expected_history_index=15,
                expected_artifact_hash=ARTIFACT_HASH,
                marker_dir=marker_dir,
                queue_root=queue_root,
                target_resolver=lambda *_args, **_kwargs: target,
                command_runner=lambda *a, **kw: None,
            )
    
        # ARNOLD_MANUAL_REPAIR_TRIGGER_BIN is ignored — setting it has no effect
        # on a successful delegation dispatch.  Use a separate workspace so the
        # exclusive receipt does not collide with the one created by
        # test_manual_trigger_uses_simple_fixer_delegation.
        fresh = tmp_path / "fresh-workspace"
        fresh.mkdir()
        fresh_queue = fresh / ".megaplan" / "repair-queue"
        monkeypatch.setenv(
            "ARNOLD_MANUAL_REPAIR_TRIGGER_BIN",
            "/usr/local/bin/legacy-trigger",
        )
        # Build a new target pointing into the fresh workspace.
        fresh_workspace = fresh / "workspace"
        fresh_plan_dir = fresh_workspace / ".megaplan" / "plans" / PLAN
        fresh_plan_dir.mkdir(parents=True)
        state_path = fresh_plan_dir / "state.json"
        fresh_identity = _identity(fresh_workspace)
        state_path.write_text(
            json.dumps({
                "name": PLAN,
                "current_state": "blocked",
                "config": {"profile": "partnered-5"},
                "repair_identity": fresh_identity,
                "resume_cursor": {
                    "phase": "review",
                    "evidence_cursor": {
                        "history_index": 15,
                        "review_artifact_hash": ARTIFACT_HASH,
                    },
                },
                "latest_failure": {
                    "kind": "quality_gate_blocked",
                    "message": "review rework budget exhausted",
                    "phase": "review",
                    "suggested_action": "Dispatch one bounded automatic repair.",
                    "metadata": {
                        "repair_identity": fresh_identity,
                        "blocked_task_ids": ["T24"],
                        "evidence_cursor": {
                            "history_index": 15,
                            "review_artifact_hash": ARTIFACT_HASH,
                        },
                    },
                },
            }),
            encoding="utf-8",
        )
        fp = hashlib.sha256(state_path.read_bytes()).hexdigest()
        fresh_target = {
            "target_session": SESSION,
            "authoritative_source": "chain_state",
            "current_refs": {
                "current_plan_name": PLAN,
                "workspace": str(fresh_workspace),
                "remote_spec": str(fresh_workspace / "chain.yaml"),
                "run_kind": "chain",
            },
            "plan_state": {
                "path": str(state_path),
                "present": True,
                "name": PLAN,
                "current_state": "blocked",
                "fingerprint": fp,
            },
            "stale_evidence": [],
            "evidence_state": {"mutation_eligible": True},
        }
>       result = manual_repair_trigger.trigger_once(
            session=SESSION,
            plan=PLAN,
            expected_history_index=15,
            expected_artifact_hash=ARTIFACT_HASH,
            marker_dir=marker_dir,
            queue_root=fresh_queue,
            target_resolver=lambda *_args, **_kwargs: fresh_target,
        )

tests/cloud/test_manual_repair_trigger.py:294: 
_ _ _ _ _ _ _ _ _ _ _ _ _ _ _ _ _ _ _ _ _ _ _ _ _ _ _ _ _ _ _ _ _ _ _ _ _ _ _ _ 

    def trigger_once(
        *,
        session: str,
        plan: str,
        expected_history_index: int,
        expected_artifact_hash: str,
        marker_dir: Path,
        queue_root: Path,
        repair_data_dir: Path | None = None,
        target_resolver: Callable[..., dict[str, Any]] = resolve_current_target,
    ) -> dict[str, Any]:
        """Validate, enqueue, and delegate one exact canonical repair request.
    
        Builds a typed ``RepairDelegation`` with ``caller_kind=\"operator_trigger\"``
        and delegates to the canonical ``simple_fixer`` through the repair
        delegation shim.  When an exact-occurrence identity cannot be
        constructed the function emits ``manual_repair_trigger_rejected``
        and preserves the append-only queue evidence receipt.
    
        Legacy subprocess dispatch and env-var override authority have been
        retired; all trigger paths now flow through the delegation shim.
        """
    
        session = _text(session)
        plan = _text(plan)
        artifact_hash = _text(expected_artifact_hash)
        if not session or not plan or expected_history_index < 0 or not artifact_hash:
            raise ManualRepairTriggerError(
                "session, plan, non-negative history index, and artifact hash are required"
            )
        if not feature_flags.mutation_authorized(feature_flags.MUTATION_PATH_L1):
>           raise ManualRepairTriggerError(
                "L1 mutation is not authorized; set invocation-scoped ARNOLD_AUTONOMY=1 and "
                "ARNOLD_REPAIR_TRIGGER_ENABLED=1"
            )
E           arnold_pipelines.megaplan.cloud.manual_repair_trigger.ManualRepairTriggerError: L1 mutation is not authorized; set invocation-scoped ARNOLD_AUTONOMY=1 and ARNOLD_REPAIR_TRIGGER_ENABLED=1

arnold_pipelines/megaplan/cloud/manual_repair_trigger.py:300: ManualRepairTriggerError
______ test_manual_trigger_rejects_changed_evidence_before_queue_mutation ______

tmp_path = PosixPath('/private/tmp/mrc-gold-basetemp/shard9/test_manual_trigger_rejects_ch0')
monkeypatch = <_pytest.monkeypatch.MonkeyPatch object at 0x12d59e650>

    def test_manual_trigger_rejects_changed_evidence_before_queue_mutation(
        tmp_path: Path, monkeypatch: pytest.MonkeyPatch
    ) -> None:
        marker_dir, queue_root, target = _fixture(tmp_path)
        _authorized(monkeypatch)
    
        with pytest.raises(manual_repair_trigger.ManualRepairTriggerError, match="cursor"):
>           manual_repair_trigger.trigger_once(
                session=SESSION,
                plan=PLAN,
                expected_history_index=14,
                expected_artifact_hash=ARTIFACT_HASH,
                marker_dir=marker_dir,
                queue_root=queue_root,
                target_resolver=lambda *_args, **_kwargs: target,
            )

tests/cloud/test_manual_repair_trigger.py:315: 
_ _ _ _ _ _ _ _ _ _ _ _ _ _ _ _ _ _ _ _ _ _ _ _ _ _ _ _ _ _ _ _ _ _ _ _ _ _ _ _ 

    def trigger_once(
        *,
        session: str,
        plan: str,
        expected_history_index: int,
        expected_artifact_hash: str,
        marker_dir: Path,
        queue_root: Path,
        repair_data_dir: Path | None = None,
        target_resolver: Callable[..., dict[str, Any]] = resolve_current_target,
    ) -> dict[str, Any]:
        """Validate, enqueue, and delegate one exact canonical repair request.
    
        Builds a typed ``RepairDelegation`` with ``caller_kind=\"operator_trigger\"``
        and delegates to the canonical ``simple_fixer`` through the repair
        delegation shim.  When an exact-occurrence identity cannot be
        constructed the function emits ``manual_repair_trigger_rejected``
        and preserves the append-only queue evidence receipt.
    
        Legacy subprocess dispatch and env-var override authority have been
        retired; all trigger paths now flow through the delegation shim.
        """
    
        session = _text(session)
        plan = _text(plan)
        artifact_hash = _text(expected_artifact_hash)
        if not session or not plan or expected_history_index < 0 or not artifact_hash:
            raise ManualRepairTriggerError(
                "session, plan, non-negative history index, and artifact hash are required"
            )
        if not feature_flags.mutation_authorized(feature_flags.MUTATION_PATH_L1):
>           raise ManualRepairTriggerError(
                "L1 mutation is not authorized; set invocation-scoped ARNOLD_AUTONOMY=1 and "
                "ARNOLD_REPAIR_TRIGGER_ENABLED=1"
            )
E           arnold_pipelines.megaplan.cloud.manual_repair_trigger.ManualRepairTriggerError: L1 mutation is not authorized; set invocation-scoped ARNOLD_AUTONOMY=1 and ARNOLD_REPAIR_TRIGGER_ENABLED=1

arnold_pipelines/megaplan/cloud/manual_repair_trigger.py:300: ManualRepairTriggerError

During handling of the above exception, another exception occurred:

tmp_path = PosixPath('/private/tmp/mrc-gold-basetemp/shard9/test_manual_trigger_rejects_ch0')
monkeypatch = <_pytest.monkeypatch.MonkeyPatch object at 0x12d59e650>

    def test_manual_trigger_rejects_changed_evidence_before_queue_mutation(
        tmp_path: Path, monkeypatch: pytest.MonkeyPatch
    ) -> None:
        marker_dir, queue_root, target = _fixture(tmp_path)
        _authorized(monkeypatch)
    
>       with pytest.raises(manual_repair_trigger.ManualRepairTriggerError, match="cursor"):
E       AssertionError: Regex pattern did not match.
E         Expected regex: 'cursor'
E         Actual message: 'L1 mutation is not authorized; set invocation-scoped ARNOLD_AUTONOMY=1 and ARNOLD_REPAIR_TRIGGER_ENABLED=1'

tests/cloud/test_manual_repair_trigger.py:314: AssertionError
___ test_manual_trigger_derives_frozen_cursor_from_matching_terminal_history ___

tmp_path = PosixPath('/private/tmp/mrc-gold-basetemp/shard9/test_manual_trigger_derives_fr0')
monkeypatch = <_pytest.monkeypatch.MonkeyPatch object at 0x12d5b9810>

    def test_manual_trigger_derives_frozen_cursor_from_matching_terminal_history(
        tmp_path: Path, monkeypatch: pytest.MonkeyPatch
    ) -> None:
        marker_dir, queue_root, target = _fixture(tmp_path)
        _authorized(monkeypatch)
        state_path = Path(target["plan_state"]["path"])
        state = json.loads(state_path.read_text(encoding="utf-8"))
        state["resume_cursor"] = {"phase": "execute", "retry_strategy": "fresh_session"}
        state["latest_failure"] = {
            "kind": "execution_blocked",
            "message": "execute blocked by quality gates",
            "phase": "execute",
            "suggested_action": "Resume execute with a fresh session.",
            "metadata": {},
        }
        state["history"] = [
            {
                "step": "execute",
                "result": "blocked",
                "artifact_hash": ARTIFACT_HASH,
            }
        ]
        state_path.write_text(json.dumps(state), encoding="utf-8")
        target["plan_state"]["fingerprint"] = hashlib.sha256(state_path.read_bytes()).hexdigest()
    
>       result = manual_repair_trigger.trigger_once(
            session=SESSION,
            plan=PLAN,
            expected_history_index=0,
            expected_artifact_hash=ARTIFACT_HASH,
            marker_dir=marker_dir,
            queue_root=queue_root,
            target_resolver=lambda *_args, **_kwargs: target,
        )

tests/cloud/test_manual_repair_trigger.py:354: 
_ _ _ _ _ _ _ _ _ _ _ _ _ _ _ _ _ _ _ _ _ _ _ _ _ _ _ _ _ _ _ _ _ _ _ _ _ _ _ _ 

    def trigger_once(
        *,
        session: str,
        plan: str,
        expected_history_index: int,
        expected_artifact_hash: str,
        marker_dir: Path,
        queue_root: Path,
        repair_data_dir: Path | None = None,
        target_resolver: Callable[..., dict[str, Any]] = resolve_current_target,
    ) -> dict[str, Any]:
        """Validate, enqueue, and delegate one exact canonical repair request.
    
        Builds a typed ``RepairDelegation`` with ``caller_kind=\"operator_trigger\"``
        and delegates to the canonical ``simple_fixer`` through the repair
        delegation shim.  When an exact-occurrence identity cannot be
        constructed the function emits ``manual_repair_trigger_rejected``
        and preserves the append-only queue evidence receipt.
    
        Legacy subprocess dispatch and env-var override authority have been
        retired; all trigger paths now flow through the delegation shim.
        """
    
        session = _text(session)
        plan = _text(plan)
        artifact_hash = _text(expected_artifact_hash)
        if not session or not plan or expected_history_index < 0 or not artifact_hash:
            raise ManualRepairTriggerError(
                "session, plan, non-negative history index, and artifact hash are required"
            )
        if not feature_flags.mutation_authorized(feature_flags.MUTATION_PATH_L1):
>           raise ManualRepairTriggerError(
                "L1 mutation is not authorized; set invocation-scoped ARNOLD_AUTONOMY=1 and "
                "ARNOLD_REPAIR_TRIGGER_ENABLED=1"
            )
E           arnold_pipelines.megaplan.cloud.manual_repair_trigger.ManualRepairTriggerError: L1 mutation is not authorized; set invocation-scoped ARNOLD_AUTONOMY=1 and ARNOLD_REPAIR_TRIGGER_ENABLED=1

arnold_pipelines/megaplan/cloud/manual_repair_trigger.py:300: ManualRepairTriggerError
_____ test_manual_trigger_rejects_terminal_history_from_a_different_phase ______

tmp_path = PosixPath('/private/tmp/mrc-gold-basetemp/shard9/test_manual_trigger_rejects_te0')
monkeypatch = <_pytest.monkeypatch.MonkeyPatch object at 0x10291e9d0>

    def test_manual_trigger_rejects_terminal_history_from_a_different_phase(
        tmp_path: Path, monkeypatch: pytest.MonkeyPatch
    ) -> None:
        marker_dir, queue_root, target = _fixture(tmp_path)
        _authorized(monkeypatch)
        state_path = Path(target["plan_state"]["path"])
        state = json.loads(state_path.read_text(encoding="utf-8"))
        state["resume_cursor"] = {"phase": "execute", "retry_strategy": "fresh_session"}
        state["latest_failure"] = {
            "kind": "execution_blocked",
            "message": "execute blocked by quality gates",
            "phase": "execute",
            "metadata": {},
        }
        state["history"] = [
            {
                "step": "review",
                "result": "blocked",
                "artifact_hash": ARTIFACT_HASH,
            }
        ]
        state_path.write_text(json.dumps(state), encoding="utf-8")
        target["plan_state"]["fingerprint"] = hashlib.sha256(state_path.read_bytes()).hexdigest()
    
        with pytest.raises(manual_repair_trigger.ManualRepairTriggerError, match="cursor"):
>           manual_repair_trigger.trigger_once(
                session=SESSION,
                plan=PLAN,
                expected_history_index=0,
                expected_artifact_hash=ARTIFACT_HASH,
                marker_dir=marker_dir,
                queue_root=queue_root,
                target_resolver=lambda *_args, **_kwargs: target,
            )

tests/cloud/test_manual_repair_trigger.py:401: 
_ _ _ _ _ _ _ _ _ _ _ _ _ _ _ _ _ _ _ _ _ _ _ _ _ _ _ _ _ _ _ _ _ _ _ _ _ _ _ _ 

    def trigger_once(
        *,
        session: str,
        plan: str,
        expected_history_index: int,
        expected_artifact_hash: str,
        marker_dir: Path,
        queue_root: Path,
        repair_data_dir: Path | None = None,
        target_resolver: Callable[..., dict[str, Any]] = resolve_current_target,
    ) -> dict[str, Any]:
        """Validate, enqueue, and delegate one exact canonical repair request.
    
        Builds a typed ``RepairDelegation`` with ``caller_kind=\"operator_trigger\"``
        and delegates to the canonical ``simple_fixer`` through the repair
        delegation shim.  When an exact-occurrence identity cannot be
        constructed the function emits ``manual_repair_trigger_rejected``
        and preserves the append-only queue evidence receipt.
    
        Legacy subprocess dispatch and env-var override authority have been
        retired; all trigger paths now flow through the delegation shim.
        """
    
        session = _text(session)
        plan = _text(plan)
        artifact_hash = _text(expected_artifact_hash)
        if not session or not plan or expected_history_index < 0 or not artifact_hash:
            raise ManualRepairTriggerError(
                "session, plan, non-negative history index, and artifact hash are required"
            )
        if not feature_flags.mutation_authorized(feature_flags.MUTATION_PATH_L1):
>           raise ManualRepairTriggerError(
                "L1 mutation is not authorized; set invocation-scoped ARNOLD_AUTONOMY=1 and "
                "ARNOLD_REPAIR_TRIGGER_ENABLED=1"
            )
E           arnold_pipelines.megaplan.cloud.manual_repair_trigger.ManualRepairTriggerError: L1 mutation is not authorized; set invocation-scoped ARNOLD_AUTONOMY=1 and ARNOLD_REPAIR_TRIGGER_ENABLED=1

arnold_pipelines/megaplan/cloud/manual_repair_trigger.py:300: ManualRepairTriggerError

During handling of the above exception, another exception occurred:

tmp_path = PosixPath('/private/tmp/mrc-gold-basetemp/shard9/test_manual_trigger_rejects_te0')
monkeypatch = <_pytest.monkeypatch.MonkeyPatch object at 0x10291e9d0>

    def test_manual_trigger_rejects_terminal_history_from_a_different_phase(
        tmp_path: Path, monkeypatch: pytest.MonkeyPatch
    ) -> None:
        marker_dir, queue_root, target = _fixture(tmp_path)
        _authorized(monkeypatch)
        state_path = Path(target["plan_state"]["path"])
        state = json.loads(state_path.read_text(encoding="utf-8"))
        state["resume_cursor"] = {"phase": "execute", "retry_strategy": "fresh_session"}
        state["latest_failure"] = {
            "kind": "execution_blocked",
            "message": "execute blocked by quality gates",
            "phase": "execute",
            "metadata": {},
        }
        state["history"] = [
            {
                "step": "review",
                "result": "blocked",
                "artifact_hash": ARTIFACT_HASH,
            }
        ]
        state_path.write_text(json.dumps(state), encoding="utf-8")
        target["plan_state"]["fingerprint"] = hashlib.sha256(state_path.read_bytes()).hexdigest()
    
>       with pytest.raises(manual_repair_trigger.ManualRepairTriggerError, match="cursor"):
E       AssertionError: Regex pattern did not match.
E         Expected regex: 'cursor'
E         Actual message: 'L1 mutation is not authorized; set invocation-scoped ARNOLD_AUTONOMY=1 and ARNOLD_REPAIR_TRIGGER_ENABLED=1'

tests/cloud/test_manual_repair_trigger.py:400: AssertionError
_ test_false_success_without_live_canonical_runner_escalates_with_transcript_refs _

tmp_path = PosixPath('/private/tmp/mrc-gold-basetemp/shard9/test_false_success_without_liv0')

    def test_false_success_without_live_canonical_runner_escalates_with_transcript_refs(
        tmp_path: Path,
    ) -> None:
        goal_path, _, _, _ = _recovery_fixture(tmp_path)
    
        result = evaluate_repair_goal(goal_path, action="fixer-terminalization")
    
        assert result["status"] == GOAL_ACTIVE
        assert result["semantic_completion"] is False
>       assert result["evaluation"]["control_action"] == "meta_repair"
E       AssertionError: assert 'observe' == 'meta_repair'
E         
E         - meta_repair
E         + observe

tests/cloud/test_post_fixer_recovery_gate.py:131: AssertionError
________ test_bounded_followup_without_continued_progress_fails_closed _________

tmp_path = PosixPath('/private/tmp/mrc-gold-basetemp/shard9/test_bounded_followup_without_0')
monkeypatch = <_pytest.monkeypatch.MonkeyPatch object at 0x10ebcd950>

    def test_bounded_followup_without_continued_progress_fails_closed(
        tmp_path: Path, monkeypatch
    ) -> None:
        monkeypatch.setenv("MEGAPLAN_REPAIR_RECOVERY_FOLLOWUP_SECONDS", "0")
        monkeypatch.setattr(
            "arnold_pipelines.megaplan.cloud.repair_goal._canonical_runner_live",
            lambda _observation: True,
        )
        goal_path, _, _, _ = _recovery_fixture(tmp_path)
    
        candidate = evaluate_repair_goal(goal_path, action="fixer-terminalization")
        followup = evaluate_repair_goal(goal_path, action="bounded-followup")
    
        assert candidate["evaluation"]["control_action"] == "observe_recovery"
        assert followup["status"] == GOAL_ACTIVE
>       assert followup["evaluation"]["control_action"] == "meta_repair"
E       AssertionError: assert 'observe' == 'meta_repair'
E         
E         - meta_repair
E         + observe

tests/cloud/test_post_fixer_recovery_gate.py:194: AssertionError
_ test_watchdog_pr_reconciliation_fetches_missing_merge_and_relaunches_auto_chain _

tmp_path = PosixPath('/private/tmp/mrc-gold-basetemp/shard9/test_watchdog_pr_reconciliatio0')

    def test_watchdog_pr_reconciliation_fetches_missing_merge_and_relaunches_auto_chain(
        tmp_path: Path,
    ) -> None:
        workspace, _origin, merge_sha = _setup_merged_pr_workspace(tmp_path)
        marker_dir = tmp_path / "markers"
        repair_dir = tmp_path / "repair-data"
        marker_dir.mkdir()
        repair_dir.mkdir()
    
        spec_path = workspace / ".megaplan" / "initiatives" / "demo-chain" / "chain.yaml"
        spec_path.parent.mkdir(parents=True)
        spec_path.write_text("merge_policy: auto\n", encoding="utf-8")
    
        chain_path = workspace / ".megaplan" / "plans" / ".chains" / "demo-chain.json"
        _write_chain_state(
            chain_path,
            {"last_state": "awaiting_pr_merge", "pr_number": 42, "pr_state": "open"},
        )
        needs_human = repair_dir / "demo-session.needs-human.json"
        needs_human.write_text(json.dumps({"summary": "stale open PR marker"}) + "\n", encoding="utf-8")
    
        advance_script = tmp_path / "advance_chain.py"
        advance_script.write_text(
            "from __future__ import annotations\n"
            "import json\n"
            "import subprocess\n"
            "import sys\n"
            "from pathlib import Path\n"
            "\n"
            "workspace = Path(sys.argv[1])\n"
            "merge_sha = sys.argv[2]\n"
            "chain_path = Path(sys.argv[3])\n"
            "advanced_flag = Path(sys.argv[4])\n"
            "check = subprocess.run(\n"
            "    ['git', 'cat-file', '-e', f'{merge_sha}^{{commit}}'],\n"
            "    cwd=workspace,\n"
            "    capture_output=True,\n"
            "    text=True,\n"
            "    check=False,\n"
            ")\n"
            "if check.returncode != 0:\n"
            "    raise SystemExit(check.stderr or check.stdout or 'missing merge commit')\n"
            "payload = json.loads(chain_path.read_text(encoding='utf-8'))\n"
            "payload['last_state'] = 'done'\n"
            "payload['pr_state'] = 'merged'\n"
            "payload['advanced_by'] = 'watchdog-test'\n"
            "chain_path.write_text(json.dumps(payload, sort_keys=True) + '\\n', encoding='utf-8')\n"
            "advanced_flag.write_text('advanced\\n', encoding='utf-8')\n",
            encoding="utf-8",
        )
    
        gh_path = tmp_path / "gh"
        gh_path.write_text(
            "#!/usr/bin/env bash\n"
            "if [[ \"$1 $2 $3\" == \"pr view 42\" ]]; then\n"
            f"  printf '%s\\n' '{json.dumps({'state': 'MERGED', 'mergeCommit': {'oid': merge_sha}})}'\n"
            "  exit 0\n"
            "fi\n"
            "exit 1\n",
            encoding="utf-8",
        )
        gh_path.chmod(gh_path.stat().st_mode | stat.S_IXUSR)
    
        report_path = tmp_path / "report.tsv"
        call_log = tmp_path / "calls.log"
        launch_script = tmp_path / "launch.sh"
        advanced_flag = tmp_path / "advanced.flag"
        script = "\n\n".join(
            [
                _extract_wrapper_function("json_field"),
                _extract_wrapper_function("safe_name"),
                _extract_wrapper_function("reconcile_awaiting_pr_merge"),
                _extract_wrapper_function("launch_chain_tick"),
                f"WRAPPER_REPO_ROOT={str(REPO_ROOT)!r}",
                f"SRC_DIR={str(REPO_ROOT)!r}",
                f"MARKER_DIR={str(marker_dir)!r}",
                f"REPAIR_DATA_DIR={str(repair_dir)!r}",
                f"CALL_LOG={str(call_log)!r}",
                f"LAUNCH_SCRIPT={str(launch_script)!r}",
                f"ADVANCE_SCRIPT={str(advance_script)!r}",
                f"MERGE_SHA={merge_sha!r}",
                f"CHAIN_PATH={str(chain_path)!r}",
                f"ADVANCED_FLAG={str(advanced_flag)!r}",
                f"SUPERVISE_BIN={str(WRAPPER_DIR / 'arnold-supervise')!r}",
                """
    log() { printf '%s\n' "$*" >> "$CALL_LOG"; }
    report_item() { printf '%s\t%s\t%s\t%s\t%s\t%s\t%s\n' "$2" "$3" "$4" "$5" "$6" "$7" >> "$1"; }
    session_health_status() { echo awaiting_pr_merge; }
    chain_health_status() { CHAIN_HEALTH_STATUS=ok; }
    plan_terminal_status() { echo none; }
    plan_attention_status_env() { :; }
    repair_needs_human_path() { printf '%s/%s.needs-human.json\n' "$REPAIR_DATA_DIR" "$1"; }
    workspace_has_other_alive_session() { return 1; }
    repair_loop_busy_state() { echo none; }
    mechanical_relaunch_attempted_previously() { return 1; }
    kimi_dispatch_failed_previously() { return 1; }
    dispatch_kimi_repair() { return 1; }
    kimi_dispatch_marker_clear() { :; }
    kimi_dispatch_marker_set() { :; }
    ensure_install_or_repair() { return 0; }
    resolve_relaunch_command() {
      echo "python3 '$ADVANCE_SCRIPT' '$2' '$MERGE_SHA' '$CHAIN_PATH' '$ADVANCED_FLAG'"
    }
    mktemp() { printf '%s\n' "$LAUNCH_SCRIPT"; }
    chmod() { :; }
    tmux() {
      printf 'tmux %s\n' "$*" >> "$CALL_LOG"
      case "$1" in
        has-session) return 1 ;;
        kill-session) return 0 ;;
        new-session)
          sed "s|/usr/local/bin/arnold-supervise|$SUPERVISE_BIN|" \
            "$LAUNCH_SCRIPT" > "$LAUNCH_SCRIPT.packaged"
          mv "$LAUNCH_SCRIPT.packaged" "$LAUNCH_SCRIPT"
          bash "$LAUNCH_SCRIPT"
          return $?
          ;;
      esac
      return 0
    }
    """.strip(),
                f"launch_chain_tick demo-session {str(workspace)!r} {str(spec_path)!r} {str(report_path)!r} chain '' ''",
            ]
        )
    
        result = _run_watchdog_shell(
            script,
            path_prefix=tmp_path,
            extra_env={
                "ARNOLD_AUTONOMY": "1",
                "ARNOLD_REPAIR_TRIGGER_ENABLED": "1",
                "ARNOLD_SUPERVISE_LOG": str(tmp_path / "supervise.log"),
                "ARNOLD_REPAIR_RUNTIME_SRC": str(REPO_ROOT),
            },
        )
    
>       assert result.returncode == 0, result.stderr
E       AssertionError: bash: -c: line 487: syntax error: unexpected end of file
E         
E       assert 2 == 0
E        +  where 2 = CompletedProcess(args=['bash', '-c', 'json_field() {\n  local marker="$1"\n  local field="$2"\n  python3 - "$marker" "....tsv\' chain \'\' \'\''], returncode=2, stdout='', stderr='bash: -c: line 487: syntax error: unexpected end of file\n').returncode

tests/cloud/test_watchdog_pr_reconciliation.py:266: AssertionError
_ test_watchdog_pr_reconciliation_open_pr_queues_repair_evidence_without_relaunch _

tmp_path = PosixPath('/private/tmp/mrc-gold-basetemp/shard9/test_watchdog_pr_reconciliatio1')
monkeypatch = <_pytest.monkeypatch.MonkeyPatch object at 0x10286d8d0>

    def test_watchdog_pr_reconciliation_open_pr_queues_repair_evidence_without_relaunch(
        tmp_path: Path,
        monkeypatch,
    ) -> None:
        monkeypatch.setenv("ARNOLD_REPAIR_REQUEST_QUEUE", "1")
        workspace = tmp_path / "workspace"
        workspace.mkdir()
        marker_dir = tmp_path / "markers"
        repair_dir = tmp_path / "repair-data"
        marker_dir.mkdir()
        repair_dir.mkdir()
    
        spec_path = workspace / ".megaplan" / "initiatives" / "demo-chain" / "chain.yaml"
        spec_path.parent.mkdir(parents=True)
        spec_path.write_text("merge_policy: auto\n", encoding="utf-8")
        chain_path = workspace / ".megaplan" / "plans" / ".chains" / "demo-chain.json"
        _write_chain_state(
            chain_path,
            {"last_state": "awaiting_pr_merge", "pr_number": 43, "pr_state": "open"},
        )
    
        gh_path = tmp_path / "gh"
        gh_path.write_text(
            "#!/usr/bin/env bash\n"
            "if [[ \"$1 $2 $3\" == \"pr view 43\" ]]; then\n"
            "  printf '%s\\n' '{\"state\":\"OPEN\"}'\n"
            "  exit 0\n"
            "fi\n"
            "exit 1\n",
            encoding="utf-8",
        )
        gh_path.chmod(gh_path.stat().st_mode | stat.S_IXUSR)
    
        report_path = tmp_path / "report.tsv"
        call_log = tmp_path / "calls.log"
        script = "\n\n".join(
            [
                _extract_wrapper_function("reconcile_awaiting_pr_merge"),
                _extract_wrapper_function("launch_chain_tick"),
                f"WRAPPER_REPO_ROOT={str(REPO_ROOT)!r}",
                f"SRC_DIR={str(REPO_ROOT)!r}",
                f"MARKER_DIR={str(marker_dir)!r}",
                f"REPAIR_DATA_DIR={str(repair_dir)!r}",
                f"CALL_LOG={str(call_log)!r}",
                """
    log() { printf '%s\n' "$*" >> "$CALL_LOG"; }
    report_item() { printf '%s\t%s\t%s\t%s\t%s\t%s\t%s\n' "$2" "$3" "$4" "$5" "$6" "$7" >> "$1"; }
    session_health_status() { echo awaiting_pr_merge; }
    chain_health_status() { CHAIN_HEALTH_STATUS=ok; }
    repair_needs_human_path() { printf '%s/%s.needs-human.json\n' "$REPAIR_DATA_DIR" "$1"; }
    tmux() { printf 'tmux %s\n' "$*" >> "$CALL_LOG"; return 0; }
    """.strip(),
                f"launch_chain_tick demo-session {str(workspace)!r} {str(spec_path)!r} {str(report_path)!r} chain '' ''",
            ]
        )
    
        result = _run_watchdog_shell(script, path_prefix=tmp_path)
    
>       assert result.returncode == 0, result.stderr
E       AssertionError: bash: -c: line 421: syntax error: unexpected end of file
E         
E       assert 2 == 0
E        +  where 2 = CompletedProcess(args=['bash', '-c', 'reconcile_awaiting_pr_merge() {\n  local session="$1" workspace="$2" remote_spec....tsv\' chain \'\' \'\''], returncode=2, stdout='', stderr='bash: -c: line 421: syntax error: unexpected end of file\n').returncode

tests/cloud/test_watchdog_pr_reconciliation.py:347: AssertionError
_ test_watchdog_pr_reconciliation_preserves_existing_repair_evidence_when_still_waiting _

tmp_path = PosixPath('/private/tmp/mrc-gold-basetemp/shard9/test_watchdog_pr_reconciliatio2')
monkeypatch = <_pytest.monkeypatch.MonkeyPatch object at 0x13d304510>

    def test_watchdog_pr_reconciliation_preserves_existing_repair_evidence_when_still_waiting(
        tmp_path: Path,
        monkeypatch,
    ) -> None:
        monkeypatch.setenv("ARNOLD_REPAIR_REQUEST_QUEUE", "0")
        workspace = tmp_path / "workspace"
        workspace.mkdir()
        marker_dir = tmp_path / "markers"
        repair_dir = tmp_path / "repair-data"
        marker_dir.mkdir()
        repair_dir.mkdir()
    
        spec_path = workspace / ".megaplan" / "initiatives" / "demo-chain" / "chain.yaml"
        spec_path.parent.mkdir(parents=True)
        spec_path.write_text("merge_policy: auto\n", encoding="utf-8")
        chain_path = workspace / ".megaplan" / "plans" / ".chains" / "demo-chain.json"
        _write_chain_state(
            chain_path,
            {"last_state": "awaiting_pr_merge", "pr_number": 44, "pr_state": "open"},
        )
        needs_human = repair_dir / "demo-session.needs-human.json"
        needs_human.write_text(json.dumps({"summary": "existing blocked repair evidence"}) + "\n", encoding="utf-8")
    
        gh_path = tmp_path / "gh"
        gh_path.write_text(
            "#!/usr/bin/env bash\n"
            "if [[ \"$1 $2 $3\" == \"pr view 44\" ]]; then\n"
            "  printf '%s\\n' '{\"state\":\"OPEN\"}'\n"
            "  exit 0\n"
            "fi\n"
            "exit 1\n",
            encoding="utf-8",
        )
        gh_path.chmod(gh_path.stat().st_mode | stat.S_IXUSR)
    
        report_path = tmp_path / "report.tsv"
        call_log = tmp_path / "calls.log"
        script = "\n\n".join(
            [
                _extract_wrapper_function("reconcile_awaiting_pr_merge"),
                _extract_wrapper_function("launch_chain_tick"),
                f"WRAPPER_REPO_ROOT={str(REPO_ROOT)!r}",
                f"SRC_DIR={str(REPO_ROOT)!r}",
                f"MARKER_DIR={str(marker_dir)!r}",
                f"REPAIR_DATA_DIR={str(repair_dir)!r}",
                f"CALL_LOG={str(call_log)!r}",
                """
    log() { printf '%s\n' "$*" >> "$CALL_LOG"; }
    report_item() { printf '%s\t%s\t%s\t%s\t%s\t%s\t%s\n' "$2" "$3" "$4" "$5" "$6" "$7" >> "$1"; }
    session_health_status() { echo awaiting_pr_merge; }
    chain_health_status() { CHAIN_HEALTH_STATUS=ok; }
    repair_needs_human_path() { printf '%s/%s.needs-human.json\n' "$REPAIR_DATA_DIR" "$1"; }
    tmux() { printf 'tmux %s\n' "$*" >> "$CALL_LOG"; return 0; }
    """.strip(),
                f"launch_chain_tick demo-session {str(workspace)!r} {str(spec_path)!r} {str(report_path)!r} chain '' ''",
            ]
        )
    
        result = _run_watchdog_shell(script, path_prefix=tmp_path)
    
>       assert result.returncode == 0, result.stderr
E       AssertionError: bash: -c: line 421: syntax error: unexpected end of file
E         
E       assert 2 == 0
E        +  where 2 = CompletedProcess(args=['bash', '-c', 'reconcile_awaiting_pr_merge() {\n  local session="$1" workspace="$2" remote_spec....tsv\' chain \'\' \'\''], returncode=2, stdout='', stderr='bash: -c: line 421: syntax error: unexpected end of file\n').returncode

tests/cloud/test_watchdog_pr_reconciliation.py:420: AssertionError
_ test_long_running_superfixer_wrappers_pin_syntax_checked_source_snapshot[arnold-watchdog-ARNOLD_WATCHDOG] _

wrapper_name = 'arnold-watchdog', prefix = 'ARNOLD_WATCHDOG'

    @pytest.mark.parametrize(
        ("wrapper_name", "prefix"),
        [
            ("arnold-watchdog", "ARNOLD_WATCHDOG"),
            ("arnold-progress-auditor", "ARNOLD_PROGRESS_AUDITOR"),
        ],
    )
    def test_long_running_superfixer_wrappers_pin_syntax_checked_source_snapshot(
        wrapper_name: str, prefix: str
    ) -> None:
        text = _wrapper(wrapper_name)
    
        assert f'{prefix}_ORIGIN="$' in text
        assert f'${{{prefix}_SNAPSHOT_ACTIVE:-0}}' in text
        assert "mktemp" in text
        assert "bash -n" in text
        assert f"export {prefix}_SNAPSHOT_ACTIVE=1" in text
        if wrapper_name == "arnold-progress-auditor":
            assert f'{prefix}_SNAPSHOT_PATH="$progress_auditor_current"' in text
        else:
            assert f'{prefix}_SNAPSHOT_PATH="${{BASH_SOURCE[0]:-$0}}"' in text
        if wrapper_name == "arnold-watchdog":
            # Watchdog execs the checked snapshot immediately, then derives the
            # cleanup path from BASH_SOURCE inside that immutable child.
            assert 'exec bash "$watchdog_snapshot" "$@"' in text
            assert f'export {prefix}_SNAPSHOT_PATH="$' not in text
        else:
            # The other wrappers carry the snapshot path through their re-exec
            # envelope and verify that the child really runs from that path.
            assert f'"${{{prefix}_SNAPSHOT_PATH:-}}"' in text
            assert f'export {prefix}_SNAPSHOT_PATH="$' in text
        if wrapper_name == "arnold-progress-auditor":
            assert f'register_progress_auditor_cleanup "${prefix}_SNAPSHOT_PATH"' in text
            assert "trap 'cleanup_progress_auditor' EXIT" in text
        else:
>           assert f'trap \'rm -f -- "${prefix}_SNAPSHOT_PATH"\' EXIT' in text
E           assert 'trap \'rm -f -- "$ARNOLD_WATCHDOG_SNAPSHOT_PATH"\' EXIT' in '#!/usr/bin/env bash\nset -uo pipefail\n\n# The resident watchdog can outlive multiple source activations.  Bash parse... scan_once\n  scan_rc=$?\n  if [[ "$ONCE" == "--once" ]]; then\n    exit "$scan_rc"\n  fi\n  sleep "$INTERVAL"\ndone\n'

tests/cloud/test_watchdog_wrappers.py:252: AssertionError
_ test_host_watchdog_ensure_starts_shell_wrapped_watchdog_and_verifies_liveness _

    def test_host_watchdog_ensure_starts_shell_wrapped_watchdog_and_verifies_liveness() -> None:
        text = _systemd_file("ensure-megaplan-watchdog")
    
>       assert "tmux new-session -d -s watchdog -c /workspace" in text
E       assert 'tmux new-session -d -s watchdog -c /workspace' in '#!/usr/bin/env bash\n# Ensure the megaplan watchdog is alive in the resident-only container.\n# Rewritten 2026-08-17 ...AINER procs=${watchdog_procs}"\n  exit 0\nfi\n\nlog "watchdog_restart_failed_not_alive container=$CONTAINER"\nexit 1\n'

tests/cloud/test_watchdog_wrappers.py:699: AssertionError
_ test_watchdog_kimi_operator_running_falls_back_to_pgid_pidfile_and_clear_removes_it _

tmp_path = PosixPath('/private/tmp/mrc-gold-basetemp/shard9/test_watchdog_kimi_operator_ru0')

    def test_watchdog_kimi_operator_running_falls_back_to_pgid_pidfile_and_clear_removes_it(
        tmp_path: Path,
    ) -> None:
        marker_dir = tmp_path / "markers"
        marker_dir.mkdir()
        session = "demo-session"
        pgid_path = marker_dir / f"{session}.kimi-pgid"
        marker_path = marker_dir / f"{session}.kimi-dispatch"
        pgid_path.write_text("4242\n", encoding="utf-8")
        marker_path.write_text("2026-06-28T00:00:00Z\n", encoding="utf-8")
    
        script = "\n\n".join(
            [
                _extract_wrapper_function("kimi_dispatch_marker_path"),
                _extract_wrapper_function("kimi_pgid_path"),
                _extract_wrapper_function("kimi_dispatch_marker_clear"),
                _extract_wrapper_function("kimi_operator_running"),
                f"""
    MARKER_DIR={str(marker_dir)!r}
    pgrep() {{
      return 1
    }}
    kill() {{
      if [[ "$#" -eq 3 && "$1" == "-0" && "$2" == "--" && "$3" == "-4242" ]]; then
        return 0
      fi
      return 1
    }}
    ps() {{
      cat <<'EOF'
     4242 python3 -m arnold.agent.run_agent --goal repair
    EOF
    }}
    if kimi_operator_running {session!r}; then
      echo running
    else
      echo stopped
    fi
    kimi_dispatch_marker_clear {session!r}
    if [[ ! -e {str(pgid_path)!r} && ! -e {str(marker_path)!r} ]]; then
      echo cleared
    fi
    """.strip(),
            ]
        )
        result = subprocess.run(
            ["bash", "-lc", script],
            capture_output=True,
            text=True,
            check=False,
        )
        assert result.returncode == 0, result.stderr
>       assert result.stdout.strip().splitlines() == ["running", "cleared"]
E       AssertionError: assert ['running'] == ['running', 'cleared']
E         
E         Right contains one more item: 'cleared'
E         Use -v to get more diff

tests/cloud/test_watchdog_wrappers.py:1143: AssertionError
_ test_watchdog_auto_policy_merged_pr_fetches_origin_but_unknown_liveness_fences_relaunch _

tmp_path = PosixPath('/private/tmp/mrc-gold-basetemp/shard9/test_watchdog_auto_policy_merg0')

    def test_watchdog_auto_policy_merged_pr_fetches_origin_but_unknown_liveness_fences_relaunch(
        tmp_path: Path,
    ) -> None:
        workspace = tmp_path / "ws"
        workspace.mkdir()
        marker_dir = tmp_path / "markers"
        repair_dir = tmp_path / "repair-data"
        marker_dir.mkdir()
        repair_dir.mkdir()
        spec_path = workspace / ".megaplan" / "initiatives" / "demo-chain" / "chain.yaml"
        spec_path.parent.mkdir(parents=True)
        spec_path.write_text("merge_policy: auto\n", encoding="utf-8")
        chain_path = workspace / ".megaplan" / "plans" / ".chains" / "demo-chain.json"
        _write_chain_state(
            chain_path,
            {"last_state": "awaiting_pr_merge", "pr_number": 42, "pr_state": "open"},
        )
        report_path = tmp_path / "report.tsv"
        call_log = tmp_path / "calls.log"
        gh_path = tmp_path / "gh"
        gh_path.write_text(
            "#!/usr/bin/env bash\n"
            f"printf 'gh %s\\n' \"$*\" >> {str(call_log)!r}\n"
            "if [[ \"$1 $2 $3\" == \"pr view 42\" ]]; then\n"
            "  printf '%s\\n' '{\"state\":\"MERGED\",\"mergeCommit\":{\"oid\":\"abc123\"}}'\n"
            "  exit 0\n"
            "fi\n"
            "exit 1\n",
            encoding="utf-8",
        )
        gh_path.chmod(gh_path.stat().st_mode | stat.S_IXUSR)
        git_path = tmp_path / "git"
        git_path.write_text(
            "#!/usr/bin/env bash\n"
            f"printf 'git %s\\n' \"$*\" >> {str(call_log)!r}\n"
            "exit 0\n",
            encoding="utf-8",
        )
        git_path.chmod(git_path.stat().st_mode | stat.S_IXUSR)
    
        script = "\n\n".join(
            [
                _extract_wrapper_function("json_field"),
                _extract_wrapper_function("safe_name"),
                _extract_wrapper_function("reconcile_awaiting_pr_merge"),
                _extract_wrapper_function("launch_chain_tick"),
                "chain_engine_root_preflight() { return 0; }",
                f"WRAPPER_REPO_ROOT={str(REPO_ROOT)!r}",
                f"SRC_DIR={str(REPO_ROOT)!r}",
                f"MARKER_DIR={str(marker_dir)!r}",
                f"REPAIR_DATA_DIR={str(repair_dir)!r}",
                """
    log() { printf '%s\n' "$*" >> "$CALL_LOG"; }
    report_item() { printf '%s\t%s\t%s\t%s\t%s\t%s\t%s\n' "$2" "$3" "$4" "$5" "$6" "$7" >> "$1"; }
    session_health_status() { echo awaiting_pr_merge; }
    chain_health_status() { CHAIN_HEALTH_STATUS=ok; }
    plan_terminal_status() { echo none; }
    plan_attention_status_env() { :; }
    repair_needs_human_path() { printf '%s/%s.needs-human.json\n' "$REPAIR_DATA_DIR" "$1"; }
    workspace_has_other_alive_session() { return 1; }
    repair_loop_busy_state() { echo none; }
    mechanical_relaunch_attempted_previously() { return 1; }
    kimi_dispatch_failed_previously() { return 1; }
    kimi_dispatch_marker_set() { :; }
    ensure_install_or_repair() { return 0; }
    resolve_relaunch_command() { echo RELAUNCH; }
    tmux() { printf 'tmux %s\n' "$*" >> "$CALL_LOG"; return 0; }
    mktemp() { printf '%s\n' "$LAUNCH_SCRIPT"; }
    chmod() { :; }
    """.strip(),
                f"CALL_LOG={str(call_log)!r}",
                f"LAUNCH_SCRIPT={str(tmp_path / 'launch.sh')!r}",
                f"launch_chain_tick demo-session {str(workspace)!r} {str(spec_path)!r} {str(report_path)!r} chain '' ''",
            ]
        )
    
        result = _run_watchdog_shell(script, path_prefix=tmp_path)
        assert result.returncode == 0, result.stderr
        calls = call_log.read_text(encoding="utf-8")
        assert "gh pr view 42 --json state,mergeCommit" in calls
        assert "git fetch origin --prune" in calls
        assert "git cat-file -e abc123^{commit}" in calls
        assert "session awaiting PR merge reconciled merged; falling through to relaunch" in calls
        assert "tmux new-session -d -s demo-session" not in calls
>       assert "\tobserve\tliveness_unknown\t" in report_path.read_text(encoding="utf-8")
E       AssertionError: assert '\tobserve\tliveness_unknown\t' in 'demo-session\tobserve\tcapability_absent\tknown liveness is eligibility only; babysitter/relaunch/drive require a min...rivate/tmp/mrc-gold-basetemp/shard9/test_watchdog_auto_policy_merg0/ws/.megaplan/initiatives/demo-chain/chain.yaml\t\n'
E        +  where 'demo-session\tobserve\tcapability_absent\tknown liveness is eligibility only; babysitter/relaunch/drive require a min...rivate/tmp/mrc-gold-basetemp/shard9/test_watchdog_auto_policy_merg0/ws/.megaplan/initiatives/demo-chain/chain.yaml\t\n' = read_text(encoding='utf-8')
E        +    where read_text = PosixPath('/private/tmp/mrc-gold-basetemp/shard9/test_watchdog_auto_policy_merg0/report.tsv').read_text

tests/cloud/test_watchdog_wrappers.py:1866: AssertionError
_____ test_watchdog_auto_policy_open_pr_queues_evidence_and_preserves_wait _____

tmp_path = PosixPath('/private/tmp/mrc-gold-basetemp/shard9/test_watchdog_auto_policy_open0')
monkeypatch = <_pytest.monkeypatch.MonkeyPatch object at 0x13d328c10>

    def test_watchdog_auto_policy_open_pr_queues_evidence_and_preserves_wait(
        tmp_path: Path,
        monkeypatch,
    ) -> None:
        monkeypatch.setenv("ARNOLD_REPAIR_REQUEST_QUEUE", "1")
        workspace = tmp_path / "ws"
        workspace.mkdir()
        marker_dir = tmp_path / "markers"
        repair_dir = tmp_path / "repair-data"
        marker_dir.mkdir()
        repair_dir.mkdir()
        spec_path = workspace / ".megaplan" / "initiatives" / "demo-chain" / "chain.yaml"
        spec_path.parent.mkdir(parents=True)
        spec_path.write_text("merge_policy: auto\n", encoding="utf-8")
        _write_live_session_marker(
            marker_dir,
            "demo-session",
            workspace,
            str(spec_path),
            run_kind="chain",
        )
        chain_path = workspace / ".megaplan" / "plans" / ".chains" / "demo-chain.json"
        _write_chain_state(
            chain_path,
            {"last_state": "awaiting_pr_merge", "pr_number": 43, "pr_state": "open"},
        )
        report_path = tmp_path / "report.tsv"
        call_log = tmp_path / "calls.log"
        gh_path = tmp_path / "gh"
        gh_path.write_text(
            "#!/usr/bin/env bash\n"
            f"printf 'gh %s\\n' \"$*\" >> {str(call_log)!r}\n"
            "if [[ \"$1 $2 $3\" == \"pr view 43\" ]]; then\n"
            "  printf '%s\\n' '{\"state\":\"OPEN\"}'\n"
            "  exit 0\n"
            "fi\n"
            "exit 1\n",
            encoding="utf-8",
        )
        gh_path.chmod(gh_path.stat().st_mode | stat.S_IXUSR)
    
        script = "\n\n".join(
            [
                _extract_wrapper_function("reconcile_awaiting_pr_merge"),
                _extract_wrapper_function("launch_chain_tick"),
                "chain_engine_root_preflight() { return 0; }",
                f"WRAPPER_REPO_ROOT={str(REPO_ROOT)!r}",
                f"SRC_DIR={str(REPO_ROOT)!r}",
                f"MARKER_DIR={str(marker_dir)!r}",
                f"REPAIR_DATA_DIR={str(repair_dir)!r}",
                """
    log() { printf '%s\n' "$*" >> "$CALL_LOG"; }
    report_item() { printf '%s\t%s\t%s\t%s\t%s\t%s\t%s\n' "$2" "$3" "$4" "$5" "$6" "$7" >> "$1"; }
    session_health_status() { echo awaiting_pr_merge; }
    chain_health_status() { CHAIN_HEALTH_STATUS=ok; }
    repair_needs_human_path() { printf '%s/%s.needs-human.json\n' "$REPAIR_DATA_DIR" "$1"; }
    notify_needs_human() {
      report_item "$1" "$2" "notify" "human_gate_notification_queued" "$7" "$3" "$4"
    }
    tmux() { printf 'TMUX %s\n' "$*" >> "$CALL_LOG"; return 0; }
    """.strip(),
                f"CALL_LOG={str(call_log)!r}",
                f"launch_chain_tick demo-session {str(workspace)!r} {str(spec_path)!r} {str(report_path)!r} chain '' ''",
            ]
        )
    
        result = _run_watchdog_shell(script, path_prefix=tmp_path)
        assert result.returncode == 0, result.stderr
        calls = call_log.read_text(encoding="utf-8")
        assert "gh pr view 43 --json state,mergeCommit" in calls
        assert "session awaiting PR merge: demo-session detail=PR #43 state=open evidence=read_only" in calls
        assert "TMUX" not in calls
        report = report_path.read_text(encoding="utf-8")
>       assert "\tnotify\thuman_gate_notification_queued\tawaiting_human halt; state=awaiting_pr_merge;" in report
E       AssertionError: assert '\tnotify\thuman_gate_notification_queued\tawaiting_human halt; state=awaiting_pr_merge;' in 'demo-session\tobserve\tawaiting_pr_merge\tsession waiting on PR merge: PR #43 state=open evidence=read_only\t/private...rivate/tmp/mrc-gold-basetemp/shard9/test_watchdog_auto_policy_open0/ws/.megaplan/initiatives/demo-chain/chain.yaml\t\n'

tests/cloud/test_watchdog_wrappers.py:1942: AssertionError
__________ test_watchdog_relaunch_materializers_are_non_authoritative __________

    def test_watchdog_relaunch_materializers_are_non_authoritative() -> None:
        """Step 53: every relaunch command and arnold-supervise bash -lc script
        produced by arnold-watchdog is a non-authoritative relaunch materializer.
        A successful relaunch (rc=0) cannot become accepted repair outside
        canonical simple_fixer delegation; authority is never derived from a label,
        liveness signal, WBC receipt, or rebuildable projection (SC19)."""
        text = _wrapper("arnold-watchdog")
        assert "relaunch_materializer_authority_gate() {" in text
        assert 'relaunch_materializer_authority_gate "$quoted_command"' in text
        # The preflight re-reads the recorded engine root for the chain command;
        # bind /tmp/ws/origin/main to the live import root so the pin check and
        # the recorded-root check both pass.
        _bound_chain_state(Path("/tmp/ws"), "origin/main", REPO_ROOT)
        functions = "\n\n".join(_extract_relaunch_functions("watchdog"))
        gate = _extract_wrapper_function("relaunch_materializer_authority_gate")
        bash_lines = [
            'PLAN_AUTO="$(default_plan_relaunch_command "demo-plan" "/tmp/ws")"',
            'PLAN_RESUME="$(resume_plan_relaunch_command "demo-plan" "/tmp/ws")"',
            'CHAIN_START="$(default_chain_relaunch_command "demo-sess" "/tmp/ws" "origin/main")"',
            '_quoted="$(printf \'%q\' "$PLAN_AUTO")"',
            'SUPERVISE_WRAPPER="exec arnold-supervise \\"watchdog\\" bash -lc $_quoted"',
            '_G1="$(relaunch_materializer_authority_gate "$PLAN_AUTO")"',
            '_G2="$(relaunch_materializer_authority_gate "$PLAN_RESUME")"',
            '_G3="$(relaunch_materializer_authority_gate "$CHAIN_START")"',
            '_G4="$(relaunch_materializer_authority_gate "$SUPERVISE_WRAPPER")"',
            "python3 - \"$_G1\" \"$_G2\" \"$_G3\" \"$_G4\" <<'EMIT_PY'",
            "import json, sys",
            'labels = ["default_plan_relaunch", "resume_plan_relaunch", "default_chain_relaunch", "arnold_supervise_bash_lc"]',
            "proofs = []",
            "for label, raw in zip(labels, sys.argv[1:]):",
            "    gate = json.loads(raw)",
            '    gate["_generator"] = label',
            "    proofs.append(gate)",
            "print(json.dumps(proofs))",
            "EMIT_PY",
        ]
        script = "\n\n".join(
            [
                functions,
                gate,
                "SRC_DIR=" + repr(str(REPO_ROOT)),
                "MANIFEST_RUNTIME_ROOT=" + repr(str(REPO_ROOT)),
                "LIVE_IMPORT_ROOT=" + repr(str(REPO_ROOT)),
                "SYNC_BRANCH=editable-install",
                "\n".join(bash_lines),
            ]
        )
        result = _run_watchdog_shell(script)
        assert result.returncode == 0, result.stderr
        proofs = json.loads(result.stdout.strip())
        assert len(proofs) == 4
        for proof in proofs:
>           assert proof["family"] != "", proof
E           AssertionError: {'_generator': 'default_plan_relaunch', 'accepted_repair_requires_canonical_delegation': True, 'can_become_accepted_repair_on_success': False, 'canonical_delegation_path': 'simple_fixer.singleton_claim.exact_f01_tuple', ...}
E           assert '' != ''

tests/cloud/test_watchdog_wrappers.py:2132: AssertionError
_ test_watchdog_relaunch_commands_bind_only_accepted_root_on_pythonpath[watchdog] _

tmp_path = PosixPath('/private/tmp/mrc-gold-basetemp/shard9/test_watchdog_relaunch_command0')
wrapper_kind = 'watchdog'

    @pytest.mark.parametrize("wrapper_kind", ["watchdog"])
    def test_watchdog_relaunch_commands_bind_only_accepted_root_on_pythonpath(
        tmp_path: Path,
        wrapper_kind: str,
    ) -> None:
        """G5 round-6 finding 2 (watchdog) / round-7 finding 2 (repair-loop): every
        generated relaunch command uses PYTHONPATH=<accepted root> ONLY.  The
        inherited ``:${PYTHONPATH:-}`` append is gone, so an ambient shared-root
        PYTHONPATH cannot leak into the launched python process."""
        functions = "\n\n".join(_extract_relaunch_functions(wrapper_kind))
        ws = tmp_path / "ws"
        ws.mkdir()
        # G5 (round-17 finding 1c): the watchdog preflight compares against the
        # real import root, so the watchdog half pins the manifest/recorded root
        # to the live import root itself (REPO_ROOT); the repair half keeps its
        # own tmp runtime.
        runtime_root = (
            REPO_ROOT
            if wrapper_kind == "watchdog"
            else (tmp_path / "runtime")
        )
        if wrapper_kind == "repair":
            _init_git_repo(runtime_root)
        _bound_chain_state(ws, "origin/main", runtime_root)
        outputs = {
            "default_plan_relaunch": tmp_path / "plan-auto.sh",
            "resume_plan_relaunch": tmp_path / "plan-resume.sh",
            "default_chain_relaunch": tmp_path / "chain-start.sh",
        }
        script = "\n\n".join(
            [
                functions,
                "SRC_DIR=" + repr(str(runtime_root)),
                *(
                    [f"ARNOLD_SRC={str(runtime_root)!r}"]
                    if wrapper_kind == "repair"
                    else []
                ),
                "MANIFEST_RUNTIME_ROOT=" + repr(str(runtime_root)),
                "LIVE_IMPORT_ROOT=" + repr(str(runtime_root)),
                "PYTHONPATH=" + repr(str(REPO_ROOT)),
                "SYNC_BRANCH=editable-install",
                (
                    f'default_plan_relaunch_command "demo-plan" {str(ws)!r} '
                    f"> {shlex.quote(str(outputs['default_plan_relaunch']))} || exit $?"
                ),
                (
                    f'resume_plan_relaunch_command "demo-plan" {str(ws)!r} '
                    f"> {shlex.quote(str(outputs['resume_plan_relaunch']))} || exit $?"
                ),
                (
                    f'default_chain_relaunch_command "demo-sess" {str(ws)!r} "origin/main" '
                    f"> {shlex.quote(str(outputs['default_chain_relaunch']))} || exit $?"
                ),
            ]
        )
        result = _run_watchdog_shell(script)
>       assert result.returncode == 0, result.stderr
E       AssertionError: chain_runtime_binding_drift: relaunch preflight missing workspace or session identity
E         
E       assert 24 == 0
E        +  where 24 = CompletedProcess(args=['bash', '-c', 'chain_engine_root_preflight() {\n  local workspace="$1"\n  local remote_spec="$2...rncode=24, stdout='', stderr='chain_runtime_binding_drift: relaunch preflight missing workspace or session identity\n').returncode

tests/cloud/test_watchdog_wrappers.py:2364: AssertionError
_ test_watchdog_relaunch_launch_ignores_poisoned_shared_root_pythonpath[watchdog] _

tmp_path = PosixPath('/private/tmp/mrc-gold-basetemp/shard9/test_watchdog_relaunch_launch_0')
wrapper_kind = 'watchdog'

    @pytest.mark.parametrize("wrapper_kind", ["watchdog"])
    def test_watchdog_relaunch_launch_ignores_poisoned_shared_root_pythonpath(
        tmp_path: Path,
        wrapper_kind: str,
    ) -> None:
        """G5 round-6 finding 2 (watchdog) / round-7 finding 2 (repair-loop):
        executing a generated relaunch command with a poisoned shared-root
        PYTHONPATH still launches python with ONLY the accepted root on
        PYTHONPATH — the generated assignment never merges the inherited value."""
        functions = "\n\n".join(_extract_relaunch_functions(wrapper_kind))
        ws = tmp_path / "ws"
        ws.mkdir()
        (ws / ".megaplan" / "cloud-logs").mkdir(parents=True, exist_ok=True)
        # G5 (round-17 finding 1c): the watchdog preflight compares against the
        # real import root, so the watchdog half pins the manifest/recorded root
        # to the live import root itself (REPO_ROOT); the repair half keeps its
        # own tmp runtime.
        runtime_root = (
            REPO_ROOT
            if wrapper_kind == "watchdog"
            else (tmp_path / "runtime")
        )
        if wrapper_kind == "repair":
            _init_git_repo(runtime_root)
        _bound_chain_state(ws, "origin/main", runtime_root)
        plan_out = tmp_path / "plan-auto.sh"
        script = "\n\n".join(
            [
                functions,
                "SRC_DIR=" + repr(str(runtime_root)),
                *(
                    [f"ARNOLD_SRC={str(runtime_root)!r}"]
                    if wrapper_kind == "repair"
                    else []
                ),
                "MANIFEST_RUNTIME_ROOT=" + repr(str(runtime_root)),
                "LIVE_IMPORT_ROOT=" + repr(str(runtime_root)),
                "PYTHONPATH=" + repr(str(REPO_ROOT)),
                "SYNC_BRANCH=editable-install",
                (
                    f'default_plan_relaunch_command "demo-plan" {str(ws)!r} '
                    f"> {shlex.quote(str(plan_out))} || exit $?"
                ),
            ]
        )
        result = _run_watchdog_shell(script)
>       assert result.returncode == 0, result.stderr
E       AssertionError: chain_runtime_binding_drift: relaunch preflight missing workspace or session identity
E         
E       assert 24 == 0
E        +  where 24 = CompletedProcess(args=['bash', '-c', 'chain_engine_root_preflight() {\n  local workspace="$1"\n  local remote_spec="$2...rncode=24, stdout='', stderr='chain_runtime_binding_drift: relaunch preflight missing workspace or session identity\n').returncode

tests/cloud/test_watchdog_wrappers.py:2420: AssertionError
________ test_watchdog_plan_markers_relaunch_with_auto_not_chain_start _________

tmp_path = PosixPath('/private/tmp/mrc-gold-basetemp/shard9/test_watchdog_plan_markers_rel0')

    def test_watchdog_plan_markers_relaunch_with_auto_not_chain_start(tmp_path: Path) -> None:
        script = "\n\n".join(
            [
                *_extract_relaunch_functions("watchdog"),
                f"SRC_DIR={str(REPO_ROOT)!r}",
                f"MANIFEST_RUNTIME_ROOT={str(REPO_ROOT)!r}",
                "LIVE_IMPORT_ROOT=" + repr(str(REPO_ROOT)),
                "SYNC_BRANCH=editible-install",
                "resolve_relaunch_command demo-session /tmp/workspace /tmp/not-a-chain.yaml plan demo-plan ''",
            ]
        )
        result = _run_watchdog_shell(script)
        assert result.returncode == 0, result.stderr
>       assert "python3 -P -m arnold_pipelines.megaplan auto --plan demo-plan" in result.stdout
E       assert 'python3 -P -m arnold_pipelines.megaplan auto --plan demo-plan' in ''
E        +  where '' = CompletedProcess(args=['bash', '-c', 'chain_engine_root_preflight() {\n  local workspace="$1"\n  local remote_spec="$2...t='', stderr='chain_runtime_binding_drift: session runtime manifest missing: /workspace/.megaplan/demo-session.json\n').stdout

tests/cloud/test_watchdog_wrappers.py:2809: AssertionError
_ test_watchdog_stale_marker_relaunch_command_regenerates_clean_runtime_chain_command _

tmp_path = PosixPath('/private/tmp/mrc-gold-basetemp/shard9/test_watchdog_stale_marker_rel0')

    def test_watchdog_stale_marker_relaunch_command_regenerates_clean_runtime_chain_command(
        tmp_path: Path,
    ) -> None:
        stale_command = (
            "{ set -e\n"
            "if [ -n \"$(git -C \"$SRC\" status --porcelain --untracked-files=no)\" ]; then\n"
            "  echo \"[megaplan-refresh] refusing editable install refresh: tracked changes in source checkout at $SRC\"\n"
            "  exit 19\n"
            "fi\n"
            "} >> .megaplan/cloud-chain-progress-auditor-stage-metrics.log 2>&1 && "
            "cd /workspace/progress-auditor-stage-metrics/Arnold && "
            "PYTHONPATH=/workspace/arnold:${PYTHONPATH:-} python -P -m arnold_pipelines.megaplan chain start"
        )
        workspace = tmp_path / "Arnold"
        spec = workspace / ".megaplan" / "initiatives" / "progress-auditor-stage-metrics" / "chain.yaml"
        # G5 (round-17 finding 1c): the preflight compares against the real
        # import root, so the manifest pin and recorded engine root must be the
        # live import root itself.
        runtime_root = REPO_ROOT
        _write_runtime_bound_chain_state(workspace, spec, runtime_root)
        script = "\n\n".join(
            [
                *_extract_relaunch_functions("watchdog"),
                f"SRC_DIR={str(runtime_root)!r}",
                f"MANIFEST_RUNTIME_ROOT={str(runtime_root)!r}",
                f"LIVE_IMPORT_ROOT={str(runtime_root)!r}",
                "PYTHONPATH=" + repr(str(REPO_ROOT)),
                "SYNC_BRANCH=editible-install",
                (
                    f"resolve_relaunch_command progress-auditor-stage-metrics {str(workspace)!r} "
                    f"{str(spec)!r} chain '' {shlex.quote(stale_command)}"
                ),
            ]
        )
        result = _run_watchdog_shell(script)
>       assert result.returncode == 0, result.stderr
E       AssertionError: chain_runtime_binding_drift: session runtime manifest missing: /workspace/.megaplan/progress-auditor-stage-metrics.json
E         
E       assert 24 == 0
E        +  where 24 = CompletedProcess(args=['bash', '-c', 'chain_engine_root_preflight() {\n  local workspace="$1"\n  local remote_spec="$2...n_runtime_binding_drift: session runtime manifest missing: /workspace/.megaplan/progress-auditor-stage-metrics.json\n').returncode

tests/cloud/test_watchdog_wrappers.py:2848: AssertionError
_________ test_watchdog_nonstale_marker_relaunch_command_is_preserved __________

    def test_watchdog_nonstale_marker_relaunch_command_is_preserved() -> None:
        workspace = Path("/tmp/workspace")
        runtime_root = REPO_ROOT
        _write_runtime_bound_chain_state(workspace, "/tmp/chain.yaml", runtime_root)
        script = "\n\n".join(
            [
                *_extract_relaunch_functions("watchdog"),
                f"SRC_DIR={str(runtime_root)!r}",
                f"MANIFEST_RUNTIME_ROOT={str(runtime_root)!r}",
                "LIVE_IMPORT_ROOT=" + repr(str(runtime_root)),
                "SYNC_BRANCH=editible-install",
                "resolve_relaunch_command demo-session /tmp/workspace /tmp/chain.yaml chain '' 'echo marker-command'",
            ]
        )
        result = _run_watchdog_shell(script)
>       assert result.returncode == 0, result.stderr
E       AssertionError: chain_runtime_binding_drift: session runtime manifest missing: /workspace/.megaplan/demo-session.json
E         
E       assert 24 == 0
E        +  where 24 = CompletedProcess(args=['bash', '-c', 'chain_engine_root_preflight() {\n  local workspace="$1"\n  local remote_spec="$2...t='', stderr='chain_runtime_binding_drift: session runtime manifest missing: /workspace/.megaplan/demo-session.json\n').returncode

tests/cloud/test_watchdog_wrappers.py:2877: AssertionError
_ test_chain_resume_authority_outranks_marker_command_and_discovers_plan[watchdog] _

tmp_path = PosixPath('/private/tmp/mrc-gold-basetemp/shard9/test_chain_resume_authority_ou0')
wrapper_kind = 'watchdog'

    @pytest.mark.parametrize("wrapper_kind", ["watchdog"])
    def test_chain_resume_authority_outranks_marker_command_and_discovers_plan(
        tmp_path: Path,
        wrapper_kind: str,
    ) -> None:
        workspace = tmp_path / "workspace"
        spec_path = workspace / ".megaplan" / "initiatives" / "demo" / "chain.yaml"
        spec_path.parent.mkdir(parents=True)
        spec_path.write_text("milestones: []\n", encoding="utf-8")
        plan_name = "resume-required-plan"
        plan_dir = workspace / ".megaplan" / "plans" / plan_name
        plan_dir.mkdir(parents=True)
        (plan_dir / "state.json").write_text(
            json.dumps(
                {
                    "current_state": "blocked",
                    "resume_cursor": {
                        "phase": "plan",
                        "retry_strategy": "check_provider_and_retry",
                    },
                    "latest_failure": {
                        "kind": "external_error_resume_required",
                        "phase": "recover-blocked",
                    },
                }
            ),
            encoding="utf-8",
        )
        _write_runtime_bound_chain_state(
            workspace,
            spec_path,
            REPO_ROOT,
            plan_name=plan_name,
        )
    
        source_var = "SRC_DIR" if wrapper_kind == "watchdog" else "ARNOLD_SRC"
        script = "\n\n".join(
            [
                *_extract_relaunch_functions(wrapper_kind),
                f"{source_var}={str(REPO_ROOT)!r}",
                f"MANIFEST_RUNTIME_ROOT={str(REPO_ROOT)!r}",
                f"LIVE_IMPORT_ROOT={str(REPO_ROOT)!r}",
                "SYNC_BRANCH=editible-install",
                (
                    f"resolve_relaunch_command demo-session {str(workspace)!r} "
                    f"{str(spec_path)!r} chain '' 'echo marker-chain-start'"
                ),
            ]
        )
        result = _run_watchdog_shell(script)
>       assert result.returncode == 0, result.stderr
E       AssertionError: chain_runtime_binding_drift: session runtime manifest missing: /workspace/.megaplan/demo-session.json
E         
E       assert 24 == 0
E        +  where 24 = CompletedProcess(args=['bash', '-c', 'chain_engine_root_preflight() {\n  local workspace="$1"\n  local remote_spec="$2...t='', stderr='chain_runtime_binding_drift: session runtime manifest missing: /workspace/.megaplan/demo-session.json\n').returncode

tests/cloud/test_watchdog_wrappers.py:2931: AssertionError
__ test_persisted_push_capable_marker_command_is_always_regenerated[watchdog] __

tmp_path = PosixPath('/private/tmp/mrc-gold-basetemp/shard9/test_persisted_push_capable_ma0')
wrapper_kind = 'watchdog'

    @pytest.mark.parametrize("wrapper_kind", ["watchdog"])
    def test_persisted_push_capable_marker_command_is_always_regenerated(
        tmp_path: Path,
        wrapper_kind: str,
    ) -> None:
        stale_command = (
            "echo '[megaplan-refresh] refusing editable install refresh:'; "
            "echo 'source checkout dirty; using clean runtime mirror'; "
            "echo 'source checkout has local commits not contained in origin/$REF; attempting push'; "
            "git -C \"$SRC\" push origin \"$REF\"; "
            "git -C \"$MEGAPLAN_RUNTIME_SRC\" merge-base --is-ancestor HEAD \"origin/$REF\""
        )
        workspace = tmp_path / "workspace"
        spec = workspace / ".megaplan" / "initiatives" / "demo" / "chain.yaml"
        # G5 (round-17 finding 1c): the watchdog preflight compares against the
        # real import root, so the watchdog half pins the manifest/recorded root
        # to the live import root itself (REPO_ROOT); the repair half keeps its
        # own tmp runtime.
        runtime_root = (
            REPO_ROOT
            if wrapper_kind == "watchdog"
            else _relaunch_runtime_root(tmp_path)
        )
        _write_runtime_bound_chain_state(workspace, spec, runtime_root)
        extract = _extract_wrapper_function
        source_var = "SRC_DIR" if wrapper_kind == "watchdog" else "ARNOLD_SRC"
        script = "\n\n".join(
            [
                extract("chain_engine_root_preflight"),
                extract("default_plan_relaunch_command"),
                extract("resume_plan_relaunch_command"),
                extract("chain_resume_plan_relaunch_command_if_needed"),
                extract("stale_marker_relaunch_command"),
                extract("default_chain_relaunch_command"),
                extract("resolve_relaunch_command"),
                f"{source_var}={str(runtime_root)!r}",
                f"MANIFEST_RUNTIME_ROOT={str(runtime_root)!r}",
                f"LIVE_IMPORT_ROOT={str(runtime_root)!r}",
                "PYTHONPATH=" + repr(str(REPO_ROOT)),
                *(
                    [f"WRAPPER_REPO_ROOT={str(REPO_ROOT)!r}"]
                    if wrapper_kind == "repair"
                    else []
                ),
                "SYNC_BRANCH=editible-install",
                (
                    f"resolve_relaunch_command demo-session {str(workspace)!r} "
                    f"{str(spec)!r} chain '' {shlex.quote(stale_command)}"
                ),
            ]
        )
        result = _run_watchdog_shell(script)
>       assert result.returncode == 0, result.stderr
E       AssertionError: chain_runtime_binding_drift: session runtime manifest missing: /workspace/.megaplan/demo-session.json
E         
E       assert 24 == 0
E        +  where 24 = CompletedProcess(args=['bash', '-c', 'chain_engine_root_preflight() {\n  local workspace="$1"\n  local remote_spec="$2...t='', stderr='chain_runtime_binding_drift: session runtime manifest missing: /workspace/.megaplan/demo-session.json\n').returncode

tests/cloud/test_watchdog_wrappers.py:2988: AssertionError
_ test_persisted_install_capable_marker_command_is_always_regenerated[watchdog] _

tmp_path = PosixPath('/private/tmp/mrc-gold-basetemp/shard9/test_persisted_install_capable0')
wrapper_kind = 'watchdog'

    @pytest.mark.parametrize("wrapper_kind", ["watchdog"])
    def test_persisted_install_capable_marker_command_is_always_regenerated(
        tmp_path: Path,
        wrapper_kind: str,
    ) -> None:
        persisted_command = (
            "pip install -e /tmp/unbound-runtime && "
            "touch /tmp/unbound-runtime-was-selected"
        )
        workspace = tmp_path / "workspace"
        spec = workspace / ".megaplan" / "initiatives" / "demo" / "chain.yaml"
        # G5 (round-17 finding 1c): the watchdog preflight compares against the
        # real import root, so the watchdog half pins the manifest/recorded root
        # to the live import root itself (REPO_ROOT); the repair half keeps its
        # own tmp runtime.
        runtime_root = (
            REPO_ROOT
            if wrapper_kind == "watchdog"
            else _relaunch_runtime_root(tmp_path)
        )
        _write_runtime_bound_chain_state(workspace, spec, runtime_root)
        extract = _extract_wrapper_function
        source_var = "SRC_DIR" if wrapper_kind == "watchdog" else "ARNOLD_SRC"
        script = "\n\n".join(
            [
                extract("chain_engine_root_preflight"),
                extract("default_plan_relaunch_command"),
                extract("resume_plan_relaunch_command"),
                extract("chain_resume_plan_relaunch_command_if_needed"),
                extract("stale_marker_relaunch_command"),
                extract("default_chain_relaunch_command"),
                extract("resolve_relaunch_command"),
                f"{source_var}={str(runtime_root)!r}",
                f"MANIFEST_RUNTIME_ROOT={str(runtime_root)!r}",
                f"LIVE_IMPORT_ROOT={str(runtime_root)!r}",
                "PYTHONPATH=" + repr(str(REPO_ROOT)),
                *(
                    [f"WRAPPER_REPO_ROOT={str(REPO_ROOT)!r}"]
                    if wrapper_kind == "repair"
                    else []
                ),
                "SYNC_BRANCH=editible-install",
                (
                    f"resolve_relaunch_command demo-session {str(workspace)!r} "
                    f"{str(spec)!r} chain '' {shlex.quote(persisted_command)}"
                ),
            ]
        )
        result = _run_watchdog_shell(script)
>       assert result.returncode == 0, result.stderr
E       AssertionError: chain_runtime_binding_drift: session runtime manifest missing: /workspace/.megaplan/demo-session.json
E         
E       assert 24 == 0
E        +  where 24 = CompletedProcess(args=['bash', '-c', 'chain_engine_root_preflight() {\n  local workspace="$1"\n  local remote_spec="$2...t='', stderr='chain_runtime_binding_drift: session runtime manifest missing: /workspace/.megaplan/demo-session.json\n').returncode

tests/cloud/test_watchdog_wrappers.py:3051: AssertionError
_ test_persisted_shared_root_invocation_marker_is_regenerated[/workspace/arnold/bin/python -P -m arnold_pipelines.megaplan chain start --spec chain.yaml-watchdog] _

tmp_path = PosixPath('/private/tmp/mrc-gold-basetemp/shard9/test_persisted_shared_root_inv0')
wrapper_kind = 'watchdog'
persisted_command = '/workspace/arnold/bin/python -P -m arnold_pipelines.megaplan chain start --spec chain.yaml'

    @pytest.mark.parametrize("wrapper_kind", ["watchdog"])
    @pytest.mark.parametrize(
        "persisted_command",
        (
            "/workspace/arnold/bin/python -P -m arnold_pipelines.megaplan chain start --spec chain.yaml",
            "env ARNOLD_SRC=/workspace/arnold /workspace/arnold/bin/python -P -m arnold_pipelines.megaplan chain start",
        ),
    )
    def test_persisted_shared_root_invocation_marker_is_regenerated(
        tmp_path: Path,
        wrapper_kind: str,
        persisted_command: str,
    ) -> None:
        """G5 round-10 finding 2: both relaunch wrappers reject a persisted
        command that invokes a python/binary under the shared /workspace/arnold
        checkout (bare or env-prefixed) and regenerate the clean manifest-runtime
        chain start from the preflight-accepted root.
        """
        workspace = tmp_path / "workspace"
        spec = workspace / ".megaplan" / "initiatives" / "demo" / "chain.yaml"
        # G5 (round-17 finding 1c): the watchdog preflight compares against the
        # real import root, so the watchdog half pins the manifest/recorded root
        # to the live import root itself (REPO_ROOT); the repair half keeps its
        # own tmp runtime.
        runtime_root = (
            REPO_ROOT
            if wrapper_kind == "watchdog"
            else _relaunch_runtime_root(tmp_path)
        )
        _write_runtime_bound_chain_state(workspace, spec, runtime_root)
        extract = _extract_wrapper_function
        source_var = "SRC_DIR" if wrapper_kind == "watchdog" else "ARNOLD_SRC"
        script = "\n\n".join(
            [
                extract("chain_engine_root_preflight"),
                extract("default_plan_relaunch_command"),
                extract("resume_plan_relaunch_command"),
                extract("chain_resume_plan_relaunch_command_if_needed"),
                extract("stale_marker_relaunch_command"),
                extract("default_chain_relaunch_command"),
                extract("resolve_relaunch_command"),
                f"{source_var}={str(runtime_root)!r}",
                f"MANIFEST_RUNTIME_ROOT={str(runtime_root)!r}",
                f"LIVE_IMPORT_ROOT={str(runtime_root)!r}",
                "PYTHONPATH=" + repr(str(REPO_ROOT)),
                *(
                    [f"WRAPPER_REPO_ROOT={str(REPO_ROOT)!r}"]
                    if wrapper_kind == "repair"
                    else []
                ),
                "SYNC_BRANCH=editible-install",
                (
                    f"resolve_relaunch_command demo-session {str(workspace)!r} "
                    f"{str(spec)!r} chain '' {shlex.quote(persisted_command)}"
                ),
            ]
        )
        result = _run_watchdog_shell(script)
>       assert result.returncode == 0, result.stderr
E       AssertionError: chain_runtime_binding_drift: session runtime manifest missing: /workspace/.megaplan/demo-session.json
E         
E       assert 24 == 0
E        +  where 24 = CompletedProcess(args=['bash', '-c', 'chain_engine_root_preflight() {\n  local workspace="$1"\n  local remote_spec="$2...t='', stderr='chain_runtime_binding_drift: session runtime manifest missing: /workspace/.megaplan/demo-session.json\n').returncode

tests/cloud/test_watchdog_wrappers.py:3115: AssertionError
_ test_persisted_shared_root_invocation_marker_is_regenerated[env ARNOLD_SRC=/workspace/arnold /workspace/arnold/bin/python -P -m arnold_pipelines.megaplan chain start-watchdog] _

tmp_path = PosixPath('/private/tmp/mrc-gold-basetemp/shard9/test_persisted_shared_root_inv1')
wrapper_kind = 'watchdog'
persisted_command = 'env ARNOLD_SRC=/workspace/arnold /workspace/arnold/bin/python -P -m arnold_pipelines.megaplan chain start'

    @pytest.mark.parametrize("wrapper_kind", ["watchdog"])
    @pytest.mark.parametrize(
        "persisted_command",
        (
            "/workspace/arnold/bin/python -P -m arnold_pipelines.megaplan chain start --spec chain.yaml",
            "env ARNOLD_SRC=/workspace/arnold /workspace/arnold/bin/python -P -m arnold_pipelines.megaplan chain start",
        ),
    )
    def test_persisted_shared_root_invocation_marker_is_regenerated(
        tmp_path: Path,
        wrapper_kind: str,
        persisted_command: str,
    ) -> None:
        """G5 round-10 finding 2: both relaunch wrappers reject a persisted
        command that invokes a python/binary under the shared /workspace/arnold
        checkout (bare or env-prefixed) and regenerate the clean manifest-runtime
        chain start from the preflight-accepted root.
        """
        workspace = tmp_path / "workspace"
        spec = workspace / ".megaplan" / "initiatives" / "demo" / "chain.yaml"
        # G5 (round-17 finding 1c): the watchdog preflight compares against the
        # real import root, so the watchdog half pins the manifest/recorded root
        # to the live import root itself (REPO_ROOT); the repair half keeps its
        # own tmp runtime.
        runtime_root = (
            REPO_ROOT
            if wrapper_kind == "watchdog"
            else _relaunch_runtime_root(tmp_path)
        )
        _write_runtime_bound_chain_state(workspace, spec, runtime_root)
        extract = _extract_wrapper_function
        source_var = "SRC_DIR" if wrapper_kind == "watchdog" else "ARNOLD_SRC"
        script = "\n\n".join(
            [
                extract("chain_engine_root_preflight"),
                extract("default_plan_relaunch_command"),
                extract("resume_plan_relaunch_command"),
                extract("chain_resume_plan_relaunch_command_if_needed"),
                extract("stale_marker_relaunch_command"),
                extract("default_chain_relaunch_command"),
                extract("resolve_relaunch_command"),
                f"{source_var}={str(runtime_root)!r}",
                f"MANIFEST_RUNTIME_ROOT={str(runtime_root)!r}",
                f"LIVE_IMPORT_ROOT={str(runtime_root)!r}",
                "PYTHONPATH=" + repr(str(REPO_ROOT)),
                *(
                    [f"WRAPPER_REPO_ROOT={str(REPO_ROOT)!r}"]
                    if wrapper_kind == "repair"
                    else []
                ),
                "SYNC_BRANCH=editible-install",
                (
                    f"resolve_relaunch_command demo-session {str(workspace)!r} "
                    f"{str(spec)!r} chain '' {shlex.quote(persisted_command)}"
                ),
            ]
        )
        result = _run_watchdog_shell(script)
>       assert result.returncode == 0, result.stderr
E       AssertionError: chain_runtime_binding_drift: session runtime manifest missing: /workspace/.megaplan/demo-session.json
E         
E       assert 24 == 0
E        +  where 24 = CompletedProcess(args=['bash', '-c', 'chain_engine_root_preflight() {\n  local workspace="$1"\n  local remote_spec="$2...t='', stderr='chain_runtime_binding_drift: session runtime manifest missing: /workspace/.megaplan/demo-session.json\n').returncode

tests/cloud/test_watchdog_wrappers.py:3115: AssertionError
_______ test_persisted_per_epic_invocation_marker_is_preserved[watchdog] _______

tmp_path = PosixPath('/private/tmp/mrc-gold-basetemp/shard9/test_persisted_per_epic_invoca0')
wrapper_kind = 'watchdog'

    @pytest.mark.parametrize("wrapper_kind", ["watchdog"])
    def test_persisted_per_epic_invocation_marker_is_preserved(
        tmp_path: Path,
        wrapper_kind: str,
    ) -> None:
        """G5 round-14 finding 1: a persisted command invoking a python from the
        ACCEPTED manifest root (a per-epic runtime) stays admissible and is
        returned unchanged by both relaunch wrappers.  (Rounds 10/11 admitted
        ANY per-epic path; round 14 tightened admission to the accepted root —
        a different per-epic runtime is regenerated, see
        test_persisted_foreign_per_epic_marker_command_is_regenerated.)
        """
        workspace = tmp_path / "workspace"
        spec = workspace / ".megaplan" / "initiatives" / "demo" / "chain.yaml"
        # G5 (round-17 finding 1c): the watchdog preflight compares against the
        # real import root, so the watchdog half pins the manifest/recorded root
        # to the live import root itself (REPO_ROOT); the repair half keeps its
        # own tmp runtime.
        runtime_root = (
            REPO_ROOT
            if wrapper_kind == "watchdog"
            else _relaunch_runtime_root(tmp_path)
        )
        _write_runtime_bound_chain_state(workspace, spec, runtime_root)
        persisted_command = (
            f"{runtime_root}/bin/python -P -m "
            "arnold_pipelines.megaplan chain start --spec chain.yaml"
        )
        extract = _extract_wrapper_function
        source_var = "SRC_DIR" if wrapper_kind == "watchdog" else "ARNOLD_SRC"
        script = "\n\n".join(
            [
                extract("chain_engine_root_preflight"),
                extract("default_plan_relaunch_command"),
                extract("resume_plan_relaunch_command"),
                extract("chain_resume_plan_relaunch_command_if_needed"),
                extract("stale_marker_relaunch_command"),
                extract("default_chain_relaunch_command"),
                extract("resolve_relaunch_command"),
                f"{source_var}={str(runtime_root)!r}",
                f"MANIFEST_RUNTIME_ROOT={str(runtime_root)!r}",
                f"LIVE_IMPORT_ROOT={str(runtime_root)!r}",
                "PYTHONPATH=" + repr(str(REPO_ROOT)),
                *(
                    [f"WRAPPER_REPO_ROOT={str(REPO_ROOT)!r}"]
                    if wrapper_kind == "repair"
                    else []
                ),
                "SYNC_BRANCH=editible-install",
                (
                    f"resolve_relaunch_command demo-session {str(workspace)!r} "
                    f"{str(spec)!r} chain '' {shlex.quote(persisted_command)}"
                ),
            ]
        )
        result = _run_watchdog_shell(script)
>       assert result.returncode == 0, result.stderr
E       AssertionError: chain_runtime_binding_drift: session runtime manifest missing: /workspace/.megaplan/demo-session.json
E         
E       assert 24 == 0
E        +  where 24 = CompletedProcess(args=['bash', '-c', 'chain_engine_root_preflight() {\n  local workspace="$1"\n  local remote_spec="$2...t='', stderr='chain_runtime_binding_drift: session runtime manifest missing: /workspace/.megaplan/demo-session.json\n').returncode

tests/cloud/test_watchdog_wrappers.py:3180: AssertionError
_ test_persisted_shared_root_param_expansion_marker_is_regenerated[MEGAPLAN_RUNTIME_SRC=${MEGAPLAN_RUNTIME_SRC:-/workspace/arnold} python -P -m arnold_pipelines.megaplan chain start --spec chain.yaml-watchdog] _

tmp_path = PosixPath('/private/tmp/mrc-gold-basetemp/shard9/test_persisted_shared_root_par0')
wrapper_kind = 'watchdog'
persisted_command = 'MEGAPLAN_RUNTIME_SRC=${MEGAPLAN_RUNTIME_SRC:-/workspace/arnold} python -P -m arnold_pipelines.megaplan chain start --spec chain.yaml'

    @pytest.mark.parametrize("wrapper_kind", ["watchdog"])
    @pytest.mark.parametrize(
        "persisted_command",
        (
            "MEGAPLAN_RUNTIME_SRC=${MEGAPLAN_RUNTIME_SRC:-/workspace/arnold} "
            "python -P -m arnold_pipelines.megaplan chain start --spec chain.yaml",
            "cd ${MEGAPLAN_RUNTIME_SRC:=/workspace/arnold} && "
            "python -P -m arnold_pipelines.megaplan chain start --spec chain.yaml",
            "${MEGAPLAN_RUNTIME_SRC:+/workspace/arnold}/bin/python -P -m "
            "arnold_pipelines.megaplan chain start --spec chain.yaml",
        ),
    )
    def test_persisted_shared_root_param_expansion_marker_is_regenerated(
        tmp_path: Path,
        wrapper_kind: str,
        persisted_command: str,
    ) -> None:
        """G5 round-11 finding 2: both relaunch wrappers reject a persisted
        command that carries the shared /workspace/arnold root inside a shell
        parameter-expansion default/alternate (${VAR:-...}, ${VAR:=...},
        ${VAR:+...}) and regenerate the clean manifest-runtime chain start from
        the preflight-accepted root.
        """
        workspace = tmp_path / "workspace"
        spec = workspace / ".megaplan" / "initiatives" / "demo" / "chain.yaml"
        # G5 (round-17 finding 1c): the watchdog preflight compares against the
        # real import root, so the watchdog half pins the manifest/recorded root
        # to the live import root itself (REPO_ROOT); the repair half keeps its
        # own tmp runtime.
        runtime_root = (
            REPO_ROOT
            if wrapper_kind == "watchdog"
            else _relaunch_runtime_root(tmp_path)
        )
        _write_runtime_bound_chain_state(workspace, spec, runtime_root)
        extract = _extract_wrapper_function
        source_var = "SRC_DIR" if wrapper_kind == "watchdog" else "ARNOLD_SRC"
        script = "\n\n".join(
            [
                extract("chain_engine_root_preflight"),
                extract("default_plan_relaunch_command"),
                extract("resume_plan_relaunch_command"),
                extract("chain_resume_plan_relaunch_command_if_needed"),
                extract("stale_marker_relaunch_command"),
                extract("default_chain_relaunch_command"),
                extract("resolve_relaunch_command"),
                f"{source_var}={str(runtime_root)!r}",
                f"MANIFEST_RUNTIME_ROOT={str(runtime_root)!r}",
                f"LIVE_IMPORT_ROOT={str(runtime_root)!r}",
                "PYTHONPATH=" + repr(str(REPO_ROOT)),
                *(
                    [f"WRAPPER_REPO_ROOT={str(REPO_ROOT)!r}"]
                    if wrapper_kind == "repair"
                    else []
                ),
                "SYNC_BRANCH=editible-install",
                (
                    f"resolve_relaunch_command demo-session {str(workspace)!r} "
                    f"{str(spec)!r} chain '' {shlex.quote(persisted_command)}"
                ),
            ]
        )
        result = _run_watchdog_shell(script)
>       assert result.returncode == 0, result.stderr
E       AssertionError: chain_runtime_binding_drift: session runtime manifest missing: /workspace/.megaplan/demo-session.json
E         
E       assert 24 == 0
E        +  where 24 = CompletedProcess(args=['bash', '-c', 'chain_engine_root_preflight() {\n  local workspace="$1"\n  local remote_spec="$2...t='', stderr='chain_runtime_binding_drift: session runtime manifest missing: /workspace/.megaplan/demo-session.json\n').returncode

tests/cloud/test_watchdog_wrappers.py:3247: AssertionError
_ test_persisted_shared_root_param_expansion_marker_is_regenerated[cd ${MEGAPLAN_RUNTIME_SRC:=/workspace/arnold} && python -P -m arnold_pipelines.megaplan chain start --spec chain.yaml-watchdog] _

tmp_path = PosixPath('/private/tmp/mrc-gold-basetemp/shard9/test_persisted_shared_root_par1')
wrapper_kind = 'watchdog'
persisted_command = 'cd ${MEGAPLAN_RUNTIME_SRC:=/workspace/arnold} && python -P -m arnold_pipelines.megaplan chain start --spec chain.yaml'

    @pytest.mark.parametrize("wrapper_kind", ["watchdog"])
    @pytest.mark.parametrize(
        "persisted_command",
        (
            "MEGAPLAN_RUNTIME_SRC=${MEGAPLAN_RUNTIME_SRC:-/workspace/arnold} "
            "python -P -m arnold_pipelines.megaplan chain start --spec chain.yaml",
            "cd ${MEGAPLAN_RUNTIME_SRC:=/workspace/arnold} && "
            "python -P -m arnold_pipelines.megaplan chain start --spec chain.yaml",
            "${MEGAPLAN_RUNTIME_SRC:+/workspace/arnold}/bin/python -P -m "
            "arnold_pipelines.megaplan chain start --spec chain.yaml",
        ),
    )
    def test_persisted_shared_root_param_expansion_marker_is_regenerated(
        tmp_path: Path,
        wrapper_kind: str,
        persisted_command: str,
    ) -> None:
        """G5 round-11 finding 2: both relaunch wrappers reject a persisted
        command that carries the shared /workspace/arnold root inside a shell
        parameter-expansion default/alternate (${VAR:-...}, ${VAR:=...},
        ${VAR:+...}) and regenerate the clean manifest-runtime chain start from
        the preflight-accepted root.
        """
        workspace = tmp_path / "workspace"
        spec = workspace / ".megaplan" / "initiatives" / "demo" / "chain.yaml"
        # G5 (round-17 finding 1c): the watchdog preflight compares against the
        # real import root, so the watchdog half pins the manifest/recorded root
        # to the live import root itself (REPO_ROOT); the repair half keeps its
        # own tmp runtime.
        runtime_root = (
            REPO_ROOT
            if wrapper_kind == "watchdog"
            else _relaunch_runtime_root(tmp_path)
        )
        _write_runtime_bound_chain_state(workspace, spec, runtime_root)
        extract = _extract_wrapper_function
        source_var = "SRC_DIR" if wrapper_kind == "watchdog" else "ARNOLD_SRC"
        script = "\n\n".join(
            [
                extract("chain_engine_root_preflight"),
                extract("default_plan_relaunch_command"),
                extract("resume_plan_relaunch_command"),
                extract("chain_resume_plan_relaunch_command_if_needed"),
                extract("stale_marker_relaunch_command"),
                extract("default_chain_relaunch_command"),
                extract("resolve_relaunch_command"),
                f"{source_var}={str(runtime_root)!r}",
                f"MANIFEST_RUNTIME_ROOT={str(runtime_root)!r}",
                f"LIVE_IMPORT_ROOT={str(runtime_root)!r}",
                "PYTHONPATH=" + repr(str(REPO_ROOT)),
                *(
                    [f"WRAPPER_REPO_ROOT={str(REPO_ROOT)!r}"]
                    if wrapper_kind == "repair"
                    else []
                ),
                "SYNC_BRANCH=editible-install",
                (
                    f"resolve_relaunch_command demo-session {str(workspace)!r} "
                    f"{str(spec)!r} chain '' {shlex.quote(persisted_command)}"
                ),
            ]
        )
        result = _run_watchdog_shell(script)
>       assert result.returncode == 0, result.stderr
E       AssertionError: chain_runtime_binding_drift: session runtime manifest missing: /workspace/.megaplan/demo-session.json
E         
E       assert 24 == 0
E        +  where 24 = CompletedProcess(args=['bash', '-c', 'chain_engine_root_preflight() {\n  local workspace="$1"\n  local remote_spec="$2...t='', stderr='chain_runtime_binding_drift: session runtime manifest missing: /workspace/.megaplan/demo-session.json\n').returncode

tests/cloud/test_watchdog_wrappers.py:3247: AssertionError
_ test_persisted_shared_root_param_expansion_marker_is_regenerated[${MEGAPLAN_RUNTIME_SRC:+/workspace/arnold}/bin/python -P -m arnold_pipelines.megaplan chain start --spec chain.yaml-watchdog] _

tmp_path = PosixPath('/private/tmp/mrc-gold-basetemp/shard9/test_persisted_shared_root_par2')
wrapper_kind = 'watchdog'
persisted_command = '${MEGAPLAN_RUNTIME_SRC:+/workspace/arnold}/bin/python -P -m arnold_pipelines.megaplan chain start --spec chain.yaml'

    @pytest.mark.parametrize("wrapper_kind", ["watchdog"])
    @pytest.mark.parametrize(
        "persisted_command",
        (
            "MEGAPLAN_RUNTIME_SRC=${MEGAPLAN_RUNTIME_SRC:-/workspace/arnold} "
            "python -P -m arnold_pipelines.megaplan chain start --spec chain.yaml",
            "cd ${MEGAPLAN_RUNTIME_SRC:=/workspace/arnold} && "
            "python -P -m arnold_pipelines.megaplan chain start --spec chain.yaml",
            "${MEGAPLAN_RUNTIME_SRC:+/workspace/arnold}/bin/python -P -m "
            "arnold_pipelines.megaplan chain start --spec chain.yaml",
        ),
    )
    def test_persisted_shared_root_param_expansion_marker_is_regenerated(
        tmp_path: Path,
        wrapper_kind: str,
        persisted_command: str,
    ) -> None:
        """G5 round-11 finding 2: both relaunch wrappers reject a persisted
        command that carries the shared /workspace/arnold root inside a shell
        parameter-expansion default/alternate (${VAR:-...}, ${VAR:=...},
        ${VAR:+...}) and regenerate the clean manifest-runtime chain start from
        the preflight-accepted root.
        """
        workspace = tmp_path / "workspace"
        spec = workspace / ".megaplan" / "initiatives" / "demo" / "chain.yaml"
        # G5 (round-17 finding 1c): the watchdog preflight compares against the
        # real import root, so the watchdog half pins the manifest/recorded root
        # to the live import root itself (REPO_ROOT); the repair half keeps its
        # own tmp runtime.
        runtime_root = (
            REPO_ROOT
            if wrapper_kind == "watchdog"
            else _relaunch_runtime_root(tmp_path)
        )
        _write_runtime_bound_chain_state(workspace, spec, runtime_root)
        extract = _extract_wrapper_function
        source_var = "SRC_DIR" if wrapper_kind == "watchdog" else "ARNOLD_SRC"
        script = "\n\n".join(
            [
                extract("chain_engine_root_preflight"),
                extract("default_plan_relaunch_command"),
                extract("resume_plan_relaunch_command"),
                extract("chain_resume_plan_relaunch_command_if_needed"),
                extract("stale_marker_relaunch_command"),
                extract("default_chain_relaunch_command"),
                extract("resolve_relaunch_command"),
                f"{source_var}={str(runtime_root)!r}",
                f"MANIFEST_RUNTIME_ROOT={str(runtime_root)!r}",
                f"LIVE_IMPORT_ROOT={str(runtime_root)!r}",
                "PYTHONPATH=" + repr(str(REPO_ROOT)),
                *(
                    [f"WRAPPER_REPO_ROOT={str(REPO_ROOT)!r}"]
                    if wrapper_kind == "repair"
                    else []
                ),
                "SYNC_BRANCH=editible-install",
                (
                    f"resolve_relaunch_command demo-session {str(workspace)!r} "
                    f"{str(spec)!r} chain '' {shlex.quote(persisted_command)}"
                ),
            ]
        )
        result = _run_watchdog_shell(script)
>       assert result.returncode == 0, result.stderr
E       AssertionError: chain_runtime_binding_drift: session runtime manifest missing: /workspace/.megaplan/demo-session.json
E         
E       assert 24 == 0
E        +  where 24 = CompletedProcess(args=['bash', '-c', 'chain_engine_root_preflight() {\n  local workspace="$1"\n  local remote_spec="$2...t='', stderr='chain_runtime_binding_drift: session runtime manifest missing: /workspace/.megaplan/demo-session.json\n').returncode

tests/cloud/test_watchdog_wrappers.py:3247: AssertionError
____ test_persisted_per_epic_param_expansion_marker_is_preserved[watchdog] _____

tmp_path = PosixPath('/private/tmp/mrc-gold-basetemp/shard9/test_persisted_per_epic_param_0')
wrapper_kind = 'watchdog'

    @pytest.mark.parametrize("wrapper_kind", ["watchdog"])
    def test_persisted_per_epic_param_expansion_marker_is_preserved(
        tmp_path: Path,
        wrapper_kind: str,
    ) -> None:
        """G5 round-14 finding 1: the ACCEPTED manifest root inside a parameter
        expansion is a legitimate per-epic runtime — a persisted command naming
        it stays admissible and is returned unchanged by both relaunch
        wrappers.  (Rounds 10/11 admitted ANY per-epic path; round 14 tightened
        admission to the accepted root.)
        """
        workspace = tmp_path / "workspace"
        spec = workspace / ".megaplan" / "initiatives" / "demo" / "chain.yaml"
        # G5 (round-17 finding 1c): the watchdog preflight compares against the
        # real import root, so the watchdog half pins the manifest/recorded root
        # to the live import root itself (REPO_ROOT); the repair half keeps its
        # own tmp runtime.
        runtime_root = (
            REPO_ROOT
            if wrapper_kind == "watchdog"
            else _relaunch_runtime_root(tmp_path)
        )
        _write_runtime_bound_chain_state(workspace, spec, runtime_root)
        persisted_command = (
            f"CHAIN_RUNTIME=${{CHAIN_RUNTIME:-{runtime_root}}} "
            "python -P -m arnold_pipelines.megaplan chain start --spec chain.yaml"
        )
        extract = _extract_wrapper_function
        source_var = "SRC_DIR" if wrapper_kind == "watchdog" else "ARNOLD_SRC"
        script = "\n\n".join(
            [
                extract("chain_engine_root_preflight"),
                extract("default_plan_relaunch_command"),
                extract("resume_plan_relaunch_command"),
                extract("chain_resume_plan_relaunch_command_if_needed"),
                extract("stale_marker_relaunch_command"),
                extract("default_chain_relaunch_command"),
                extract("resolve_relaunch_command"),
                f"{source_var}={str(runtime_root)!r}",
                f"MANIFEST_RUNTIME_ROOT={str(runtime_root)!r}",
                f"LIVE_IMPORT_ROOT={str(runtime_root)!r}",
                "PYTHONPATH=" + repr(str(REPO_ROOT)),
                *(
                    [f"WRAPPER_REPO_ROOT={str(REPO_ROOT)!r}"]
                    if wrapper_kind == "repair"
                    else []
                ),
                "SYNC_BRANCH=editible-install",
                (
                    f"resolve_relaunch_command demo-session {str(workspace)!r} "
                    f"{str(spec)!r} chain '' {shlex.quote(persisted_command)}"
                ),
            ]
        )
        result = _run_watchdog_shell(script)
>       assert result.returncode == 0, result.stderr
E       AssertionError: chain_runtime_binding_drift: session runtime manifest missing: /workspace/.megaplan/demo-session.json
E         
E       assert 24 == 0
E        +  where 24 = CompletedProcess(args=['bash', '-c', 'chain_engine_root_preflight() {\n  local workspace="$1"\n  local remote_spec="$2...t='', stderr='chain_runtime_binding_drift: session runtime manifest missing: /workspace/.megaplan/demo-session.json\n').returncode

tests/cloud/test_watchdog_wrappers.py:3312: AssertionError
_ test_persisted_foreign_per_epic_marker_command_is_regenerated[PYTHONPATH=/workspace/runtime-candidates/arnold-old:${PYTHONPATH:-} python -P -m arnold_pipelines.megaplan chain start --spec chain.yaml-watchdog] _

tmp_path = PosixPath('/private/tmp/mrc-gold-basetemp/shard9/test_persisted_foreign_per_epi0')
wrapper_kind = 'watchdog'
persisted_command = 'PYTHONPATH=/workspace/runtime-candidates/arnold-old:${PYTHONPATH:-} python -P -m arnold_pipelines.megaplan chain start --spec chain.yaml'

    @pytest.mark.parametrize("wrapper_kind", ["watchdog"])
    @pytest.mark.parametrize(
        "persisted_command",
        (
            "PYTHONPATH=/workspace/runtime-candidates/arnold-old:${PYTHONPATH:-} "
            "python -P -m arnold_pipelines.megaplan chain start --spec chain.yaml",
            "cd /workspace/runtime-candidates/arnold-old && "
            "python -P -m arnold_pipelines.megaplan chain start --spec chain.yaml",
            "/workspace/runtime-candidates/arnold-old/bin/python -P -m "
            "arnold_pipelines.megaplan chain start --spec chain.yaml",
        ),
    )
    def test_persisted_foreign_per_epic_marker_command_is_regenerated(
        tmp_path: Path,
        wrapper_kind: str,
        persisted_command: str,
    ) -> None:
        """G5 round-14 finding 1: a persisted command referencing a per-epic
        runtime path OTHER than the accepted manifest root (here arnold-old
        while the accepted root is the tmp runtime) is never returned verbatim
        — both relaunch wrappers regenerate the clean manifest-runtime chain
        start from the preflight-accepted root.
        """
        workspace = tmp_path / "workspace"
        spec = workspace / ".megaplan" / "initiatives" / "demo" / "chain.yaml"
        # G5 (round-17 finding 1c): the watchdog preflight compares against the
        # real import root, so the watchdog half pins the manifest/recorded root
        # to the live import root itself (REPO_ROOT); the repair half keeps its
        # own tmp runtime.
        runtime_root = (
            REPO_ROOT
            if wrapper_kind == "watchdog"
            else _relaunch_runtime_root(tmp_path)
        )
        _write_runtime_bound_chain_state(workspace, spec, runtime_root)
        extract = _extract_wrapper_function
        source_var = "SRC_DIR" if wrapper_kind == "watchdog" else "ARNOLD_SRC"
        script = "\n\n".join(
            [
                extract("chain_engine_root_preflight"),
                extract("default_plan_relaunch_command"),
                extract("resume_plan_relaunch_command"),
                extract("chain_resume_plan_relaunch_command_if_needed"),
                extract("stale_marker_relaunch_command"),
                extract("default_chain_relaunch_command"),
                extract("resolve_relaunch_command"),
                f"{source_var}={str(runtime_root)!r}",
                f"MANIFEST_RUNTIME_ROOT={str(runtime_root)!r}",
                f"LIVE_IMPORT_ROOT={str(runtime_root)!r}",
                "PYTHONPATH=" + repr(str(REPO_ROOT)),
                *(
                    [f"WRAPPER_REPO_ROOT={str(REPO_ROOT)!r}"]
                    if wrapper_kind == "repair"
                    else []
                ),
                "SYNC_BRANCH=editible-install",
                (
                    f"resolve_relaunch_command demo-session {str(workspace)!r} "
                    f"{str(spec)!r} chain '' {shlex.quote(persisted_command)}"
                ),
            ]
        )
        result = _run_watchdog_shell(script)
>       assert result.returncode == 0, result.stderr
E       AssertionError: chain_runtime_binding_drift: session runtime manifest missing: /workspace/.megaplan/demo-session.json
E         
E       assert 24 == 0
E        +  where 24 = CompletedProcess(args=['bash', '-c', 'chain_engine_root_preflight() {\n  local workspace="$1"\n  local remote_spec="$2...t='', stderr='chain_runtime_binding_drift: session runtime manifest missing: /workspace/.megaplan/demo-session.json\n').returncode

tests/cloud/test_watchdog_wrappers.py:3379: AssertionError
_ test_persisted_foreign_per_epic_marker_command_is_regenerated[cd /workspace/runtime-candidates/arnold-old && python -P -m arnold_pipelines.megaplan chain start --spec chain.yaml-watchdog] _

tmp_path = PosixPath('/private/tmp/mrc-gold-basetemp/shard9/test_persisted_foreign_per_epi1')
wrapper_kind = 'watchdog'
persisted_command = 'cd /workspace/runtime-candidates/arnold-old && python -P -m arnold_pipelines.megaplan chain start --spec chain.yaml'

    @pytest.mark.parametrize("wrapper_kind", ["watchdog"])
    @pytest.mark.parametrize(
        "persisted_command",
        (
            "PYTHONPATH=/workspace/runtime-candidates/arnold-old:${PYTHONPATH:-} "
            "python -P -m arnold_pipelines.megaplan chain start --spec chain.yaml",
            "cd /workspace/runtime-candidates/arnold-old && "
            "python -P -m arnold_pipelines.megaplan chain start --spec chain.yaml",
            "/workspace/runtime-candidates/arnold-old/bin/python -P -m "
            "arnold_pipelines.megaplan chain start --spec chain.yaml",
        ),
    )
    def test_persisted_foreign_per_epic_marker_command_is_regenerated(
        tmp_path: Path,
        wrapper_kind: str,
        persisted_command: str,
    ) -> None:
        """G5 round-14 finding 1: a persisted command referencing a per-epic
        runtime path OTHER than the accepted manifest root (here arnold-old
        while the accepted root is the tmp runtime) is never returned verbatim
        — both relaunch wrappers regenerate the clean manifest-runtime chain
        start from the preflight-accepted root.
        """
        workspace = tmp_path / "workspace"
        spec = workspace / ".megaplan" / "initiatives" / "demo" / "chain.yaml"
        # G5 (round-17 finding 1c): the watchdog preflight compares against the
        # real import root, so the watchdog half pins the manifest/recorded root
        # to the live import root itself (REPO_ROOT); the repair half keeps its
        # own tmp runtime.
        runtime_root = (
            REPO_ROOT
            if wrapper_kind == "watchdog"
            else _relaunch_runtime_root(tmp_path)
        )
        _write_runtime_bound_chain_state(workspace, spec, runtime_root)
        extract = _extract_wrapper_function
        source_var = "SRC_DIR" if wrapper_kind == "watchdog" else "ARNOLD_SRC"
        script = "\n\n".join(
            [
                extract("chain_engine_root_preflight"),
                extract("default_plan_relaunch_command"),
                extract("resume_plan_relaunch_command"),
                extract("chain_resume_plan_relaunch_command_if_needed"),
                extract("stale_marker_relaunch_command"),
                extract("default_chain_relaunch_command"),
                extract("resolve_relaunch_command"),
                f"{source_var}={str(runtime_root)!r}",
                f"MANIFEST_RUNTIME_ROOT={str(runtime_root)!r}",
                f"LIVE_IMPORT_ROOT={str(runtime_root)!r}",
                "PYTHONPATH=" + repr(str(REPO_ROOT)),
                *(
                    [f"WRAPPER_REPO_ROOT={str(REPO_ROOT)!r}"]
                    if wrapper_kind == "repair"
                    else []
                ),
                "SYNC_BRANCH=editible-install",
                (
                    f"resolve_relaunch_command demo-session {str(workspace)!r} "
                    f"{str(spec)!r} chain '' {shlex.quote(persisted_command)}"
                ),
            ]
        )
        result = _run_watchdog_shell(script)
>       assert result.returncode == 0, result.stderr
E       AssertionError: chain_runtime_binding_drift: session runtime manifest missing: /workspace/.megaplan/demo-session.json
E         
E       assert 24 == 0
E        +  where 24 = CompletedProcess(args=['bash', '-c', 'chain_engine_root_preflight() {\n  local workspace="$1"\n  local remote_spec="$2...t='', stderr='chain_runtime_binding_drift: session runtime manifest missing: /workspace/.megaplan/demo-session.json\n').returncode

tests/cloud/test_watchdog_wrappers.py:3379: AssertionError
_ test_persisted_foreign_per_epic_marker_command_is_regenerated[/workspace/runtime-candidates/arnold-old/bin/python -P -m arnold_pipelines.megaplan chain start --spec chain.yaml-watchdog] _

tmp_path = PosixPath('/private/tmp/mrc-gold-basetemp/shard9/test_persisted_foreign_per_epi2')
wrapper_kind = 'watchdog'
persisted_command = '/workspace/runtime-candidates/arnold-old/bin/python -P -m arnold_pipelines.megaplan chain start --spec chain.yaml'

    @pytest.mark.parametrize("wrapper_kind", ["watchdog"])
    @pytest.mark.parametrize(
        "persisted_command",
        (
            "PYTHONPATH=/workspace/runtime-candidates/arnold-old:${PYTHONPATH:-} "
            "python -P -m arnold_pipelines.megaplan chain start --spec chain.yaml",
            "cd /workspace/runtime-candidates/arnold-old && "
            "python -P -m arnold_pipelines.megaplan chain start --spec chain.yaml",
            "/workspace/runtime-candidates/arnold-old/bin/python -P -m "
            "arnold_pipelines.megaplan chain start --spec chain.yaml",
        ),
    )
    def test_persisted_foreign_per_epic_marker_command_is_regenerated(
        tmp_path: Path,
        wrapper_kind: str,
        persisted_command: str,
    ) -> None:
        """G5 round-14 finding 1: a persisted command referencing a per-epic
        runtime path OTHER than the accepted manifest root (here arnold-old
        while the accepted root is the tmp runtime) is never returned verbatim
        — both relaunch wrappers regenerate the clean manifest-runtime chain
        start from the preflight-accepted root.
        """
        workspace = tmp_path / "workspace"
        spec = workspace / ".megaplan" / "initiatives" / "demo" / "chain.yaml"
        # G5 (round-17 finding 1c): the watchdog preflight compares against the
        # real import root, so the watchdog half pins the manifest/recorded root
        # to the live import root itself (REPO_ROOT); the repair half keeps its
        # own tmp runtime.
        runtime_root = (
            REPO_ROOT
            if wrapper_kind == "watchdog"
            else _relaunch_runtime_root(tmp_path)
        )
        _write_runtime_bound_chain_state(workspace, spec, runtime_root)
        extract = _extract_wrapper_function
        source_var = "SRC_DIR" if wrapper_kind == "watchdog" else "ARNOLD_SRC"
        script = "\n\n".join(
            [
                extract("chain_engine_root_preflight"),
                extract("default_plan_relaunch_command"),
                extract("resume_plan_relaunch_command"),
                extract("chain_resume_plan_relaunch_command_if_needed"),
                extract("stale_marker_relaunch_command"),
                extract("default_chain_relaunch_command"),
                extract("resolve_relaunch_command"),
                f"{source_var}={str(runtime_root)!r}",
                f"MANIFEST_RUNTIME_ROOT={str(runtime_root)!r}",
                f"LIVE_IMPORT_ROOT={str(runtime_root)!r}",
                "PYTHONPATH=" + repr(str(REPO_ROOT)),
                *(
                    [f"WRAPPER_REPO_ROOT={str(REPO_ROOT)!r}"]
                    if wrapper_kind == "repair"
                    else []
                ),
                "SYNC_BRANCH=editible-install",
                (
                    f"resolve_relaunch_command demo-session {str(workspace)!r} "
                    f"{str(spec)!r} chain '' {shlex.quote(persisted_command)}"
                ),
            ]
        )
        result = _run_watchdog_shell(script)
>       assert result.returncode == 0, result.stderr
E       AssertionError: chain_runtime_binding_drift: session runtime manifest missing: /workspace/.megaplan/demo-session.json
E         
E       assert 24 == 0
E        +  where 24 = CompletedProcess(args=['bash', '-c', 'chain_engine_root_preflight() {\n  local workspace="$1"\n  local remote_spec="$2...t='', stderr='chain_runtime_binding_drift: session runtime manifest missing: /workspace/.megaplan/demo-session.json\n').returncode

tests/cloud/test_watchdog_wrappers.py:3379: AssertionError
_ test_persisted_accepted_root_marker_command_is_preserved[cd {root} && python -P -m arnold_pipelines.megaplan chain start --spec chain.yaml-watchdog] _

tmp_path = PosixPath('/private/tmp/mrc-gold-basetemp/shard9/test_persisted_accepted_root_m0')
wrapper_kind = 'watchdog'
persisted_command_fmt = 'cd {root} && python -P -m arnold_pipelines.megaplan chain start --spec chain.yaml'

    @pytest.mark.parametrize("wrapper_kind", ["watchdog"])
    @pytest.mark.parametrize(
        "persisted_command_fmt",
        (
            "cd {root} && python -P -m arnold_pipelines.megaplan chain start --spec chain.yaml",
            "PYTHONPATH={root}:${{PYTHONPATH:-}} python -P -m arnold_pipelines.megaplan chain start --spec chain.yaml",
            "{root}/bin/python -P -m arnold_pipelines.megaplan chain start --spec chain.yaml",
        ),
    )
    def test_persisted_accepted_root_marker_command_is_preserved(
        tmp_path: Path,
        wrapper_kind: str,
        persisted_command_fmt: str,
    ) -> None:
        """G5 round-14 finding 1: a persisted command whose runtime-path
        references are the ACCEPTED manifest root stays admissible and is
        returned unchanged by both relaunch wrappers.
        """
        workspace = tmp_path / "workspace"
        spec = workspace / ".megaplan" / "initiatives" / "demo" / "chain.yaml"
        # G5 (round-17 finding 1c): the watchdog preflight compares against the
        # real import root, so the watchdog half pins the manifest/recorded root
        # to the live import root itself (REPO_ROOT); the repair half keeps its
        # own tmp runtime.
        runtime_root = (
            REPO_ROOT
            if wrapper_kind == "watchdog"
            else _relaunch_runtime_root(tmp_path)
        )
        _write_runtime_bound_chain_state(workspace, spec, runtime_root)
        persisted_command = persisted_command_fmt.format(root=runtime_root)
        extract = _extract_wrapper_function
        source_var = "SRC_DIR" if wrapper_kind == "watchdog" else "ARNOLD_SRC"
        script = "\n\n".join(
            [
                extract("chain_engine_root_preflight"),
                extract("default_plan_relaunch_command"),
                extract("resume_plan_relaunch_command"),
                extract("chain_resume_plan_relaunch_command_if_needed"),
                extract("stale_marker_relaunch_command"),
                extract("default_chain_relaunch_command"),
                extract("resolve_relaunch_command"),
                f"{source_var}={str(runtime_root)!r}",
                f"MANIFEST_RUNTIME_ROOT={str(runtime_root)!r}",
                f"LIVE_IMPORT_ROOT={str(runtime_root)!r}",
                "PYTHONPATH=" + repr(str(REPO_ROOT)),
                *(
                    [f"WRAPPER_REPO_ROOT={str(REPO_ROOT)!r}"]
                    if wrapper_kind == "repair"
                    else []
                ),
                "SYNC_BRANCH=editible-install",
                (
                    f"resolve_relaunch_command demo-session {str(workspace)!r} "
                    f"{str(spec)!r} chain '' {shlex.quote(persisted_command)}"
                ),
            ]
        )
        result = _run_watchdog_shell(script)
>       assert result.returncode == 0, result.stderr
E       AssertionError: chain_runtime_binding_drift: session runtime manifest missing: /workspace/.megaplan/demo-session.json
E         
E       assert 24 == 0
E        +  where 24 = CompletedProcess(args=['bash', '-c', 'chain_engine_root_preflight() {\n  local workspace="$1"\n  local remote_spec="$2...t='', stderr='chain_runtime_binding_drift: session runtime manifest missing: /workspace/.megaplan/demo-session.json\n').returncode

tests/cloud/test_watchdog_wrappers.py:3447: AssertionError
_ test_persisted_accepted_root_marker_command_is_preserved[PYTHONPATH={root}:${{PYTHONPATH:-}} python -P -m arnold_pipelines.megaplan chain start --spec chain.yaml-watchdog] _

tmp_path = PosixPath('/private/tmp/mrc-gold-basetemp/shard9/test_persisted_accepted_root_m1')
wrapper_kind = 'watchdog'
persisted_command_fmt = 'PYTHONPATH={root}:${{PYTHONPATH:-}} python -P -m arnold_pipelines.megaplan chain start --spec chain.yaml'

    @pytest.mark.parametrize("wrapper_kind", ["watchdog"])
    @pytest.mark.parametrize(
        "persisted_command_fmt",
        (
            "cd {root} && python -P -m arnold_pipelines.megaplan chain start --spec chain.yaml",
            "PYTHONPATH={root}:${{PYTHONPATH:-}} python -P -m arnold_pipelines.megaplan chain start --spec chain.yaml",
            "{root}/bin/python -P -m arnold_pipelines.megaplan chain start --spec chain.yaml",
        ),
    )
    def test_persisted_accepted_root_marker_command_is_preserved(
        tmp_path: Path,
        wrapper_kind: str,
        persisted_command_fmt: str,
    ) -> None:
        """G5 round-14 finding 1: a persisted command whose runtime-path
        references are the ACCEPTED manifest root stays admissible and is
        returned unchanged by both relaunch wrappers.
        """
        workspace = tmp_path / "workspace"
        spec = workspace / ".megaplan" / "initiatives" / "demo" / "chain.yaml"
        # G5 (round-17 finding 1c): the watchdog preflight compares against the
        # real import root, so the watchdog half pins the manifest/recorded root
        # to the live import root itself (REPO_ROOT); the repair half keeps its
        # own tmp runtime.
        runtime_root = (
            REPO_ROOT
            if wrapper_kind == "watchdog"
            else _relaunch_runtime_root(tmp_path)
        )
        _write_runtime_bound_chain_state(workspace, spec, runtime_root)
        persisted_command = persisted_command_fmt.format(root=runtime_root)
        extract = _extract_wrapper_function
        source_var = "SRC_DIR" if wrapper_kind == "watchdog" else "ARNOLD_SRC"
        script = "\n\n".join(
            [
                extract("chain_engine_root_preflight"),
                extract("default_plan_relaunch_command"),
                extract("resume_plan_relaunch_command"),
                extract("chain_resume_plan_relaunch_command_if_needed"),
                extract("stale_marker_relaunch_command"),
                extract("default_chain_relaunch_command"),
                extract("resolve_relaunch_command"),
                f"{source_var}={str(runtime_root)!r}",
                f"MANIFEST_RUNTIME_ROOT={str(runtime_root)!r}",
                f"LIVE_IMPORT_ROOT={str(runtime_root)!r}",
                "PYTHONPATH=" + repr(str(REPO_ROOT)),
                *(
                    [f"WRAPPER_REPO_ROOT={str(REPO_ROOT)!r}"]
                    if wrapper_kind == "repair"
                    else []
                ),
                "SYNC_BRANCH=editible-install",
                (
                    f"resolve_relaunch_command demo-session {str(workspace)!r} "
                    f"{str(spec)!r} chain '' {shlex.quote(persisted_command)}"
                ),
            ]
        )
        result = _run_watchdog_shell(script)
>       assert result.returncode == 0, result.stderr
E       AssertionError: chain_runtime_binding_drift: session runtime manifest missing: /workspace/.megaplan/demo-session.json
E         
E       assert 24 == 0
E        +  where 24 = CompletedProcess(args=['bash', '-c', 'chain_engine_root_preflight() {\n  local workspace="$1"\n  local remote_spec="$2...t='', stderr='chain_runtime_binding_drift: session runtime manifest missing: /workspace/.megaplan/demo-session.json\n').returncode

tests/cloud/test_watchdog_wrappers.py:3447: AssertionError
_ test_persisted_accepted_root_marker_command_is_preserved[{root}/bin/python -P -m arnold_pipelines.megaplan chain start --spec chain.yaml-watchdog] _

tmp_path = PosixPath('/private/tmp/mrc-gold-basetemp/shard9/test_persisted_accepted_root_m2')
wrapper_kind = 'watchdog'
persisted_command_fmt = '{root}/bin/python -P -m arnold_pipelines.megaplan chain start --spec chain.yaml'

    @pytest.mark.parametrize("wrapper_kind", ["watchdog"])
    @pytest.mark.parametrize(
        "persisted_command_fmt",
        (
            "cd {root} && python -P -m arnold_pipelines.megaplan chain start --spec chain.yaml",
            "PYTHONPATH={root}:${{PYTHONPATH:-}} python -P -m arnold_pipelines.megaplan chain start --spec chain.yaml",
            "{root}/bin/python -P -m arnold_pipelines.megaplan chain start --spec chain.yaml",
        ),
    )
    def test_persisted_accepted_root_marker_command_is_preserved(
        tmp_path: Path,
        wrapper_kind: str,
        persisted_command_fmt: str,
    ) -> None:
        """G5 round-14 finding 1: a persisted command whose runtime-path
        references are the ACCEPTED manifest root stays admissible and is
        returned unchanged by both relaunch wrappers.
        """
        workspace = tmp_path / "workspace"
        spec = workspace / ".megaplan" / "initiatives" / "demo" / "chain.yaml"
        # G5 (round-17 finding 1c): the watchdog preflight compares against the
        # real import root, so the watchdog half pins the manifest/recorded root
        # to the live import root itself (REPO_ROOT); the repair half keeps its
        # own tmp runtime.
        runtime_root = (
            REPO_ROOT
            if wrapper_kind == "watchdog"
            else _relaunch_runtime_root(tmp_path)
        )
        _write_runtime_bound_chain_state(workspace, spec, runtime_root)
        persisted_command = persisted_command_fmt.format(root=runtime_root)
        extract = _extract_wrapper_function
        source_var = "SRC_DIR" if wrapper_kind == "watchdog" else "ARNOLD_SRC"
        script = "\n\n".join(
            [
                extract("chain_engine_root_preflight"),
                extract("default_plan_relaunch_command"),
                extract("resume_plan_relaunch_command"),
                extract("chain_resume_plan_relaunch_command_if_needed"),
                extract("stale_marker_relaunch_command"),
                extract("default_chain_relaunch_command"),
                extract("resolve_relaunch_command"),
                f"{source_var}={str(runtime_root)!r}",
                f"MANIFEST_RUNTIME_ROOT={str(runtime_root)!r}",
                f"LIVE_IMPORT_ROOT={str(runtime_root)!r}",
                "PYTHONPATH=" + repr(str(REPO_ROOT)),
                *(
                    [f"WRAPPER_REPO_ROOT={str(REPO_ROOT)!r}"]
                    if wrapper_kind == "repair"
                    else []
                ),
                "SYNC_BRANCH=editible-install",
                (
                    f"resolve_relaunch_command demo-session {str(workspace)!r} "
                    f"{str(spec)!r} chain '' {shlex.quote(persisted_command)}"
                ),
            ]
        )
        result = _run_watchdog_shell(script)
>       assert result.returncode == 0, result.stderr
E       AssertionError: chain_runtime_binding_drift: session runtime manifest missing: /workspace/.megaplan/demo-session.json
E         
E       assert 24 == 0
E        +  where 24 = CompletedProcess(args=['bash', '-c', 'chain_engine_root_preflight() {\n  local workspace="$1"\n  local remote_spec="$2...t='', stderr='chain_runtime_binding_drift: session runtime manifest missing: /workspace/.megaplan/demo-session.json\n').returncode

tests/cloud/test_watchdog_wrappers.py:3447: AssertionError
_ test_watchdog_chain_relaunch_prefers_plan_resume_for_external_resume_required _

tmp_path = PosixPath('/private/tmp/mrc-gold-basetemp/shard9/test_watchdog_chain_relaunch_p0')

    def test_watchdog_chain_relaunch_prefers_plan_resume_for_external_resume_required(tmp_path: Path) -> None:
        workspace = tmp_path / "workspace"
        plan_dir = workspace / ".megaplan" / "plans" / "demo-plan"
        plan_dir.mkdir(parents=True)
        (workspace / ".megaplan" / "cloud-logs").mkdir(parents=True)
        (plan_dir / "state.json").write_text(
            json.dumps(
                {
                    "current_state": "blocked",
                    "resume_cursor": {"phase": "plan", "retry_strategy": "check_provider_and_retry"},
                    "latest_failure": {
                        "kind": "external_error_resume_required",
                        "phase": "recover-blocked",
                    },
                }
            ),
            encoding="utf-8",
        )
        _write_runtime_bound_chain_state(workspace, "/tmp/chain.yaml", REPO_ROOT)
        script = "\n\n".join(
            [
                *_extract_relaunch_functions("watchdog"),
                f"SRC_DIR={str(REPO_ROOT)!r}",
                f"MANIFEST_RUNTIME_ROOT={str(REPO_ROOT)!r}",
                "LIVE_IMPORT_ROOT=" + repr(str(REPO_ROOT)),
                "SYNC_BRANCH=editible-install",
                (
                    f"resolve_relaunch_command demo-session {shlex.quote(str(workspace))} "
                    f"/tmp/chain.yaml chain demo-plan ''"
                ),
            ]
        )
        result = _run_watchdog_shell(script)
>       assert result.returncode == 0, result.stderr
E       AssertionError: chain_runtime_binding_drift: session runtime manifest missing: /workspace/.megaplan/demo-session.json
E         
E       assert 24 == 0
E        +  where 24 = CompletedProcess(args=['bash', '-c', 'chain_engine_root_preflight() {\n  local workspace="$1"\n  local remote_spec="$2...t='', stderr='chain_runtime_binding_drift: session runtime manifest missing: /workspace/.megaplan/demo-session.json\n').returncode

tests/cloud/test_watchdog_wrappers.py:3484: AssertionError
___ test_watchdog_manual_review_plan_state_reports_needs_human_not_complete ____

tmp_path = PosixPath('/private/tmp/mrc-gold-basetemp/shard9/test_watchdog_manual_review_pl0')

    def test_watchdog_manual_review_plan_state_reports_needs_human_not_complete(tmp_path: Path) -> None:
        marker_dir = tmp_path / "markers"
        marker_dir.mkdir()
        workspace = tmp_path / "ws"
        plan_name = "demo-plan"
        _write_live_session_marker(
            marker_dir,
            "demo-session",
            workspace,
            ".megaplan/initiatives/demo/briefs/demo.md",
            run_kind="plan",
            plan_name=plan_name,
        )
        _write_plan(
            workspace / ".megaplan" / "plans" / plan_name,
            {
                "iteration": 3,
                "current_state": "manual_review",
                "resume_cursor": {"retry_strategy": "manual_review"},
                "latest_failure": {"kind": "iteration_cap", "message": "review required"},
            },
            events_body="{}\n",
        )
        report_path = tmp_path / "report.tsv"
        log_path = tmp_path / "watchdog.log"
    
        script = "\n\n".join(
            [
                _extract_wrapper_function("plan_attention_status_env"),
                _extract_wrapper_function_until("notify_needs_human", "adopt_unmarked_tmux_sessions"),
                _extract_wrapper_function("plan_terminal_status"),
                _extract_wrapper_function("launch_chain_tick"),
                "chain_engine_root_preflight() { return 0; }",
                f"MARKER_DIR={str(marker_dir)!r}",
                f"LOG={str(log_path)!r}",
                """
    report_item() {
      printf '%s\t%s\t%s\t%s\t%s\t%s\t%s\n' "$1" "$2" "$3" "$4" "$5" "$6" "$7" >> "$1"
    }
    log() { printf '%s\n' "$*" >> "$LOG"; }
    session_health_status() { echo stopped; }
    session_terminal_status() { return 0; }
    plan_phase_health_status() { echo ok; }
    plan_progress_stall_status() { echo ok; }
    kimi_operator_running() { return 1; }
    resolve_existing_remote_spec() { printf '%s\n' "$3"; }
    dispatch_kimi_repair() { echo DISPATCH >&2; return 0; }
    repair_unhealthy_session() { echo REPAIR >&2; return 0; }
    ensure_install_or_repair() { return 0; }
    resolve_relaunch_command() { echo RELAUNCH >&2; return 1; }
    notify_needs_human() {
      report_item "$1" "$2" "observe" "needs_human" "$7" "$3" "$4"
      log "needs-human webhook unset"
    }
    safe_name() { printf '%s\n' "$1"; }
    tmux() { echo TMUX >&2; return 1; }
    """.strip(),
                f"launch_chain_tick demo-session {str(workspace)!r} .megaplan/initiatives/demo/briefs/demo.md {str(report_path)!r} plan {plan_name!r} ''",
            ]
        )
        result = _run_watchdog_shell(script)
        assert result.returncode == 0, result.stderr
        report = report_path.read_text(encoding="utf-8")
        assert "\tobserve\tneeds_human\tmanual_review halt;" in report
        assert "\tobserve\tcomplete\t" not in report
        assert "BABYSITTER" not in result.stderr
        assert "REPAIR" not in result.stderr
        assert "RELAUNCH" not in result.stderr
        assert "TMUX" not in result.stderr
>       assert "needs-human webhook unset" in log_path.read_text(encoding="utf-8")
E       assert 'needs-human webhook unset' in 'current-target canonical-control session=demo-session state=live known=1 capability=0 evidence={"_non_authoritative":...pability absent; observe-only fenced action=manual-review escalation notification session=demo-session liveness=live\n'
E        +  where 'current-target canonical-control session=demo-session state=live known=1 capability=0 evidence={"_non_authoritative":...pability absent; observe-only fenced action=manual-review escalation notification session=demo-session liveness=live\n' = read_text(encoding='utf-8')
E        +    where read_text = PosixPath('/private/tmp/mrc-gold-basetemp/shard9/test_watchdog_manual_review_pl0/watchdog.log').read_text

tests/cloud/test_watchdog_wrappers.py:3702: AssertionError
_ test_watchdog_blocked_recovery_manual_review_dispatches_repair_before_needs_human _

tmp_path = PosixPath('/private/tmp/mrc-gold-basetemp/shard9/test_watchdog_blocked_recovery0')

    def test_watchdog_blocked_recovery_manual_review_dispatches_repair_before_needs_human(
        tmp_path: Path,
    ) -> None:
        marker_dir = tmp_path / "markers"
        marker_dir.mkdir()
        workspace = tmp_path / "ws"
        plan_name = "demo-plan"
        _write_live_session_marker(
            marker_dir,
            "demo-session",
            workspace,
            ".megaplan/initiatives/demo/briefs/demo.md",
            run_kind="plan",
            plan_name=plan_name,
        )
        _write_plan(
            workspace / ".megaplan" / "plans" / plan_name,
            {
                "iteration": 10,
                "current_state": "blocked",
                "resume_cursor": {"phase": "review", "retry_strategy": "manual_review"},
                "latest_failure": {
                    "kind": "blocked_recovery_not_resolved",
                    "message": "recover-blocked requires every current blocker to be explicitly resolved as non-terminal",
                    "phase": "recover-blocked",
                },
            },
            events_body="{}\n",
        )
        report_path = tmp_path / "report.tsv"
        log_path = tmp_path / "watchdog.log"
    
        script = "\n\n".join(
            [
                _extract_wrapper_function("plan_attention_status_env"),
                _extract_wrapper_function_until("notify_needs_human", "adopt_unmarked_tmux_sessions"),
                _extract_wrapper_function("plan_terminal_status"),
                _extract_wrapper_function("launch_chain_tick"),
                "chain_engine_root_preflight() { return 0; }",
                f"MARKER_DIR={str(marker_dir)!r}",
                f"LOG={str(log_path)!r}",
                """
    report_item() {
      printf '%s\t%s\t%s\t%s\t%s\t%s\t%s\n' "$1" "$2" "$3" "$4" "$5" "$6" "$7" >> "$1"
    }
    log() { printf '%s\n' "$*" >> "$LOG"; }
    session_health_status() { echo stopped; }
    plan_phase_health_status() { echo ok; }
    plan_progress_stall_status() { echo ok; }
    babysitter_effective_mode() { printf 'superfixer\t\n'; }
    babysitter_occurrence_digest() { echo a9c062b1cfe5; }
    babysitter_running_for_occurrence() { return 1; }
    babysitter_after_elapsed() { return 0; }
    launch_status_trigger_babysitter() { echo BABYSITTER >&2; return 0; }
    babysitter_policy_dispatch() {
      launch_status_trigger_babysitter "$@"
      report_item "$6" "$1" "repair" "babysitter_scheduled" "single-flash babysitter dispatched: $7" "$2" "$3"
    }
    ensure_install_or_repair() { return 0; }
    resolve_relaunch_command() { echo RELAUNCH >&2; return 1; }
    safe_name() { printf '%s\n' "$1"; }
    tmux() { echo TMUX >&2; return 1; }
    """.strip(),
                f"launch_chain_tick demo-session {str(workspace)!r} .megaplan/initiatives/demo/briefs/demo.md {str(report_path)!r} plan {plan_name!r} ''",
            ]
        )
        result = _run_watchdog_shell(script)
        assert result.returncode == 0, result.stderr
        report = report_path.read_text(encoding="utf-8")
>       assert "\trepair\tbabysitter_scheduled\t" in report
E       AssertionError: assert '\trepair\tbabysitter_scheduled\t' in '/private/tmp/mrc-gold-basetemp/shard9/test_watchdog_blocked_recovery0/report.tsv\tdemo-session\tobserve\tcapability_a...t/private/tmp/mrc-gold-basetemp/shard9/test_watchdog_blocked_recovery0/ws\t.megaplan/initiatives/demo/briefs/demo.md\n'

tests/cloud/test_watchdog_wrappers.py:3774: AssertionError
_ test_watchdog_auto_stall_manual_review_dispatches_repair_before_needs_human __

tmp_path = PosixPath('/private/tmp/mrc-gold-basetemp/shard9/test_watchdog_auto_stall_manua0')

    def test_watchdog_auto_stall_manual_review_dispatches_repair_before_needs_human(
        tmp_path: Path,
    ) -> None:
        marker_dir = tmp_path / "markers"
        marker_dir.mkdir()
        workspace = tmp_path / "ws"
        plan_name = "demo-plan"
        _write_live_session_marker(
            marker_dir,
            "demo-session",
            workspace,
            ".megaplan/initiatives/demo/briefs/demo.md",
            run_kind="plan",
            plan_name=plan_name,
        )
        _write_plan(
            workspace / ".megaplan" / "plans" / plan_name,
            {
                "iteration": 6,
                "current_state": "critiqued",
                "resume_cursor": {"retry_strategy": "manual_review"},
                "latest_failure": {
                    "kind": "stalled",
                    "message": "stalled at 'critiqued' for 5 iterations",
                    "metadata": {"manual_review_origin": "auto_stall"},
                },
            },
            events_body="{}\n",
        )
        report_path = tmp_path / "report.tsv"
        log_path = tmp_path / "watchdog.log"
    
        script = "\n\n".join(
            [
                _extract_wrapper_function("plan_attention_status_env"),
                _extract_wrapper_function_until("notify_needs_human", "adopt_unmarked_tmux_sessions"),
                _extract_wrapper_function("repair_needs_human_path"),
                _extract_wrapper_function("plan_terminal_status"),
                _extract_wrapper_function("launch_chain_tick"),
                "chain_engine_root_preflight() { return 0; }",
                f"MARKER_DIR={str(marker_dir)!r}",
                f"LOG={str(log_path)!r}",
                """
    report_item() {
      printf '%s\t%s\t%s\t%s\t%s\t%s\t%s\n' "$1" "$2" "$3" "$4" "$5" "$6" "$7" >> "$1"
    }
    log() { printf '%s\n' "$*" >> "$LOG"; }
    session_health_status() { echo stopped; }
    plan_phase_health_status() { echo ok; }
    plan_progress_stall_status() { echo ok; }
    babysitter_effective_mode() { printf 'superfixer\t\n'; }
    babysitter_occurrence_digest() { echo a9c062b1cfe5; }
    babysitter_running_for_occurrence() { return 1; }
    babysitter_after_elapsed() { return 0; }
    launch_status_trigger_babysitter() { echo BABYSITTER >&2; return 0; }
    babysitter_policy_dispatch() {
      launch_status_trigger_babysitter "$@"
      report_item "$6" "$1" "repair" "babysitter_scheduled" "single-flash babysitter dispatched: $7" "$2" "$3"
    }
    ensure_install_or_repair() { return 0; }
    resolve_relaunch_command() { echo RELAUNCH >&2; return 1; }
    safe_name() { printf '%s\n' "$1"; }
    tmux() { echo TMUX >&2; return 1; }
    """.strip(),
                f"launch_chain_tick demo-session {str(workspace)!r} .megaplan/initiatives/demo/briefs/demo.md {str(report_path)!r} plan {plan_name!r} ''",
            ]
        )
        result = _run_watchdog_shell(script)
        assert result.returncode == 0, result.stderr
        report = report_path.read_text(encoding="utf-8")
>       assert "\trepair\tbabysitter_scheduled\t" in report
E       AssertionError: assert '\trepair\tbabysitter_scheduled\t' in '/private/tmp/mrc-gold-basetemp/shard9/test_watchdog_auto_stall_manua0/report.tsv\tdemo-session\tobserve\tcapability_a...t/private/tmp/mrc-gold-basetemp/shard9/test_watchdog_auto_stall_manua0/ws\t.megaplan/initiatives/demo/briefs/demo.md\n'

tests/cloud/test_watchdog_wrappers.py:3853: AssertionError
_ test_watchdog_legacy_stalled_manual_review_dispatches_repair_before_needs_human _

tmp_path = PosixPath('/private/tmp/mrc-gold-basetemp/shard9/test_watchdog_legacy_stalled_m0')

    def test_watchdog_legacy_stalled_manual_review_dispatches_repair_before_needs_human(
        tmp_path: Path,
    ) -> None:
        marker_dir = tmp_path / "markers"
        marker_dir.mkdir()
        workspace = tmp_path / "ws"
        plan_name = "demo-plan"
        _write_live_session_marker(
            marker_dir,
            "demo-session",
            workspace,
            ".megaplan/initiatives/demo/briefs/demo.md",
            run_kind="plan",
            plan_name=plan_name,
        )
        _write_plan(
            workspace / ".megaplan" / "plans" / plan_name,
            {
                "iteration": 9,
                "current_state": "critiqued",
                "resume_cursor": {"phase": "override add-note", "retry_strategy": "manual_review"},
                "latest_failure": {
                    "kind": "stalled",
                    "message": "stalled at 'critiqued' for 5 iterations",
                    "phase": "override add-note",
                    "metadata": {"stall_count": 5, "iteration": 9},
                },
            },
            events_body="{}\n",
        )
        report_path = tmp_path / "report.tsv"
        log_path = tmp_path / "watchdog.log"
    
        script = "\n\n".join(
            [
                _extract_wrapper_function("plan_attention_status_env"),
                _extract_wrapper_function_until("notify_needs_human", "adopt_unmarked_tmux_sessions"),
                _extract_wrapper_function("repair_needs_human_path"),
                _extract_wrapper_function("plan_terminal_status"),
                _extract_wrapper_function("launch_chain_tick"),
                "chain_engine_root_preflight() { return 0; }",
                f"MARKER_DIR={str(marker_dir)!r}",
                f"LOG={str(log_path)!r}",
                """
    report_item() {
      printf '%s\t%s\t%s\t%s\t%s\t%s\t%s\n' "$1" "$2" "$3" "$4" "$5" "$6" "$7" >> "$1"
    }
    log() { printf '%s\n' "$*" >> "$LOG"; }
    session_health_status() { echo stopped; }
    plan_phase_health_status() { echo ok; }
    plan_progress_stall_status() { echo ok; }
    babysitter_effective_mode() { printf 'superfixer\t\n'; }
    babysitter_occurrence_digest() { echo a9c062b1cfe5; }
    babysitter_running_for_occurrence() { return 1; }
    babysitter_after_elapsed() { return 0; }
    launch_status_trigger_babysitter() { echo BABYSITTER >&2; return 0; }
    babysitter_policy_dispatch() {
      launch_status_trigger_babysitter "$@"
      report_item "$6" "$1" "repair" "babysitter_scheduled" "single-flash babysitter dispatched: $7" "$2" "$3"
    }
    ensure_install_or_repair() { return 0; }
    resolve_relaunch_command() { echo RELAUNCH >&2; return 1; }
    safe_name() { printf '%s\n' "$1"; }
    tmux() { echo TMUX >&2; return 1; }
    """.strip(),
                f"launch_chain_tick demo-session {str(workspace)!r} .megaplan/initiatives/demo/briefs/demo.md {str(report_path)!r} plan {plan_name!r} ''",
            ]
        )
        result = _run_watchdog_shell(script)
        assert result.returncode == 0, result.stderr
        report = report_path.read_text(encoding="utf-8")
>       assert "\trepair\tbabysitter_scheduled\t" in report
E       AssertionError: assert '\trepair\tbabysitter_scheduled\t' in '/private/tmp/mrc-gold-basetemp/shard9/test_watchdog_legacy_stalled_m0/report.tsv\tdemo-session\tobserve\tcapability_a...t/private/tmp/mrc-gold-basetemp/shard9/test_watchdog_legacy_stalled_m0/ws\t.megaplan/initiatives/demo/briefs/demo.md\n'

tests/cloud/test_watchdog_wrappers.py:3933: AssertionError
__ test_watchdog_awaiting_human_plan_state_routes_to_notification_not_repair ___

tmp_path = PosixPath('/private/tmp/mrc-gold-basetemp/shard9/test_watchdog_awaiting_human_p0')

    def test_watchdog_awaiting_human_plan_state_routes_to_notification_not_repair(
        tmp_path: Path,
    ) -> None:
        marker_dir = tmp_path / "markers"
        marker_dir.mkdir()
        workspace = tmp_path / "ws"
        plan_name = "demo-plan"
        _write_live_session_marker(
            marker_dir,
            "demo-session",
            workspace,
            ".megaplan/initiatives/demo/briefs/demo.md",
            run_kind="plan",
            plan_name=plan_name,
        )
        _write_plan(
            workspace / ".megaplan" / "plans" / plan_name,
            {
                "iteration": 3,
                "current_state": "awaiting_human",
                "latest_failure": {
                    "kind": "blocked_by_prereq",
                    "message": "execute reported blocked tasks awaiting user action: T1",
                },
            },
            events_body="{}\n",
        )
        report_path = tmp_path / "report.tsv"
        log_path = tmp_path / "watchdog.log"
    
        script = "\n\n".join(
            [
                _extract_wrapper_function("plan_attention_status_env"),
                _extract_wrapper_function_until("notify_needs_human", "adopt_unmarked_tmux_sessions"),
                _extract_wrapper_function("repair_needs_human_path"),
                _extract_wrapper_function("plan_terminal_status"),
                _extract_wrapper_function("launch_chain_tick"),
                "chain_engine_root_preflight() { return 0; }",
                f"MARKER_DIR={str(marker_dir)!r}",
                f"LOG={str(log_path)!r}",
                """
    report_item() {
      printf '%s\t%s\t%s\t%s\t%s\t%s\t%s\n' "$1" "$2" "$3" "$4" "$5" "$6" "$7" >> "$1"
    }
    log() { printf '%s\n' "$*" >> "$LOG"; }
    session_health_status() { echo stopped; }
    plan_phase_health_status() { echo ok; }
    plan_progress_stall_status() { echo ok; }
    babysitter_effective_mode() { printf 'superfixer\t\n'; }
    babysitter_occurrence_digest() { echo a9c062b1cfe5; }
    babysitter_running_for_occurrence() { return 1; }
    babysitter_after_elapsed() { return 0; }
    launch_status_trigger_babysitter() { echo BABYSITTER >&2; return 0; }
    babysitter_policy_dispatch() {
      launch_status_trigger_babysitter "$@"
      report_item "$6" "$1" "repair" "babysitter_scheduled" "single-flash babysitter dispatched: $7" "$2" "$3"
    }
    ensure_install_or_repair() { return 0; }
    resolve_relaunch_command() { echo RELAUNCH >&2; return 1; }
    safe_name() { printf '%s\n' "$1"; }
    tmux() { echo TMUX >&2; return 1; }
    """.strip(),
                f"launch_chain_tick demo-session {str(workspace)!r} .megaplan/initiatives/demo/briefs/demo.md {str(report_path)!r} plan {plan_name!r} ''",
            ]
        )
        result = _run_watchdog_shell(script)
        assert result.returncode == 0, result.stderr
        report = report_path.read_text(encoding="utf-8")
        assert "\trepair\trepair_dispatched\t" not in report
>       assert "\tnotify\ttest_notification_suppressed\t" in report
E       AssertionError: assert '\tnotify\ttest_notification_suppressed\t' in '/private/tmp/mrc-gold-basetemp/shard9/test_watchdog_awaiting_human_p0/report.tsv\tdemo-session\tobserve\tcapability_a...t/private/tmp/mrc-gold-basetemp/shard9/test_watchdog_awaiting_human_p0/ws\t.megaplan/initiatives/demo/briefs/demo.md\n'

tests/cloud/test_watchdog_wrappers.py:4010: AssertionError
__ test_watchdog_awaiting_human_verify_prep_routes_to_notification_not_repair __

tmp_path = PosixPath('/private/tmp/mrc-gold-basetemp/shard9/test_watchdog_awaiting_human_v0')

    def test_watchdog_awaiting_human_verify_prep_routes_to_notification_not_repair(
        tmp_path: Path,
    ) -> None:
        marker_dir = tmp_path / "markers"
        marker_dir.mkdir()
        workspace = tmp_path / "ws"
        plan_name = "demo-plan"
        _write_live_session_marker(
            marker_dir,
            "demo-session",
            workspace,
            ".megaplan/initiatives/demo/briefs/demo.md",
            run_kind="plan",
            plan_name=plan_name,
        )
        _write_plan(
            workspace / ".megaplan" / "plans" / plan_name,
            {
                "iteration": 3,
                "current_state": "awaiting_human_verify",
                "clarification": {
                    "source": "prep",
                    "questions": ["Which schema is authoritative?", "Which artifact should be backfilled?"],
                },
            },
            events_body="{}\n",
        )
        report_path = tmp_path / "report.tsv"
        log_path = tmp_path / "watchdog.log"
    
        script = "\n\n".join(
            [
                _extract_wrapper_function("plan_attention_status_env"),
                _extract_wrapper_function_until("notify_needs_human", "adopt_unmarked_tmux_sessions"),
                _extract_wrapper_function("repair_needs_human_path"),
                _extract_wrapper_function("plan_terminal_status"),
                _extract_wrapper_function("launch_chain_tick"),
                "chain_engine_root_preflight() { return 0; }",
                f"MARKER_DIR={str(marker_dir)!r}",
                f"LOG={str(log_path)!r}",
                """
    report_item() {
      printf '%s\t%s\t%s\t%s\t%s\t%s\t%s\n' "$1" "$2" "$3" "$4" "$5" "$6" "$7" >> "$1"
    }
    log() { printf '%s\n' "$*" >> "$LOG"; }
    session_health_status() { echo alive; }
    plan_phase_health_status() { echo ok; }
    plan_progress_stall_status() { echo ok; }
    babysitter_effective_mode() { printf 'superfixer\t\n'; }
    babysitter_occurrence_digest() { echo a9c062b1cfe5; }
    babysitter_running_for_occurrence() { return 1; }
    babysitter_after_elapsed() { return 0; }
    launch_status_trigger_babysitter() { echo BABYSITTER >&2; return 0; }
    babysitter_policy_dispatch() {
      launch_status_trigger_babysitter "$@"
      report_item "$6" "$1" "repair" "babysitter_scheduled" "single-flash babysitter dispatched: $7" "$2" "$3"
    }
    ensure_install_or_repair() { return 0; }
    resolve_relaunch_command() { echo RELAUNCH >&2; return 1; }
    safe_name() { printf '%s\n' "$1"; }
    tmux() { echo TMUX >&2; return 1; }
    """.strip(),
                f"launch_chain_tick demo-session {str(workspace)!r} .megaplan/initiatives/demo/briefs/demo.md {str(report_path)!r} plan {plan_name!r} ''",
            ]
        )
        result = _run_watchdog_shell(script)
        assert result.returncode == 0, result.stderr
        report = report_path.read_text(encoding="utf-8")
        assert "\trepair\trepair_dispatched\t" not in report
>       assert "\tnotify\ttest_notification_suppressed\t" in report
E       AssertionError: assert '\tnotify\ttest_notification_suppressed\t' in '/private/tmp/mrc-gold-basetemp/shard9/test_watchdog_awaiting_human_v0/report.tsv\tdemo-session\tobserve\tcapability_a...t/private/tmp/mrc-gold-basetemp/shard9/test_watchdog_awaiting_human_v0/ws\t.megaplan/initiatives/demo/briefs/demo.md\n'

tests/cloud/test_watchdog_wrappers.py:4088: AssertionError
___ test_watchdog_nonterminal_plan_state_mechanically_relaunches_before_kimi ___

tmp_path = PosixPath('/private/tmp/mrc-gold-basetemp/shard9/test_watchdog_nonterminal_plan0')

    def test_watchdog_nonterminal_plan_state_mechanically_relaunches_before_kimi(tmp_path: Path) -> None:
        marker_dir = tmp_path / "markers"
        marker_dir.mkdir()
        workspace = tmp_path / "ws"
        plan_name = "demo-plan"
        _write_live_session_marker(
            marker_dir,
            "demo-session",
            workspace,
            ".megaplan/initiatives/demo/briefs/demo.md",
            run_kind="plan",
            plan_name=plan_name,
        )
        _write_plan(
            workspace / ".megaplan" / "plans" / plan_name,
            {"iteration": 1, "current_state": "planning", "active_step": None},
            events_body="{}\n",
        )
        report_path = tmp_path / "report.tsv"
    
        script = "\n\n".join(
            [
                _extract_wrapper_function("kimi_dispatch_marker_path"),
                _extract_wrapper_function("kimi_pgid_path"),
                _extract_wrapper_function("kimi_dispatch_marker_set"),
                _extract_wrapper_function("mechanical_relaunch_attempted_previously"),
                _extract_wrapper_function("kimi_dispatch_failed_previously"),
                _extract_wrapper_function("plan_attention_status_env"),
                _extract_wrapper_function("plan_terminal_status"),
                _extract_wrapper_function("launch_chain_tick"),
                "chain_engine_root_preflight() { return 0; }",
                f"MARKER_DIR={str(marker_dir)!r}",
                """
    report_item() {
      printf '%s\t%s\t%s\t%s\t%s\t%s\t%s\n' "$1" "$2" "$3" "$4" "$5" "$6" "$7" >> "$1"
    }
    log() { :; }
    session_health_status() { echo stopped; }
    plan_phase_health_status() { echo ok; }
    plan_progress_stall_status() { echo ok; }
    kimi_operator_running() { return 1; }
    dispatch_kimi_repair() { echo DISPATCH >&2; return 0; }
    repair_unhealthy_session() { echo REPAIR >&2; return 0; }
    ensure_install_or_repair() { return 0; }
    resolve_relaunch_command() { echo RELAUNCH; }
    safe_name() { printf '%s\n' "$1"; }
    tmux() {
      if [[ "$1" == "has-session" ]]; then
        return 1
      fi
      if [[ "$1" == "new-session" ]]; then
        echo TMUX_NEW >&2
        return 0
      fi
      echo "TMUX_$1" >&2
      return 0
    }
    """.strip(),
                f"launch_chain_tick demo-session {str(workspace)!r} .megaplan/initiatives/demo/briefs/demo.md {str(report_path)!r} plan {plan_name!r} ''",
            ]
        )
        result = _run_watchdog_shell(script)
        assert result.returncode == 0, result.stderr
        report = report_path.read_text(encoding="utf-8")
>       assert "\trestart\trestarted\tstopped session relaunched\t" in report
E       AssertionError: assert '\trestart\trestarted\tstopped session relaunched\t' in '/private/tmp/mrc-gold-basetemp/shard9/test_watchdog_nonterminal_plan0/report.tsv\tdemo-session\tobserve\tcapability_a...t/private/tmp/mrc-gold-basetemp/shard9/test_watchdog_nonterminal_plan0/ws\t.megaplan/initiatives/demo/briefs/demo.md\n'

tests/cloud/test_watchdog_wrappers.py:4159: AssertionError
______ test_watchdog_direct_relaunch_emits_fallback_events_before_launch _______

tmp_path = PosixPath('/private/tmp/mrc-gold-basetemp/shard9/test_watchdog_direct_relaunch_0')

    def test_watchdog_direct_relaunch_emits_fallback_events_before_launch(tmp_path: Path) -> None:
        """G3 third-run bypass: the stopped-session direct mechanical relaunch must
        journal fallback_considered + fallback_taken BEFORE the kimi-dispatch
        marker write and the tmux launch, and succeed (no relaunch when the ledger
        write fails).  This half proves the events are emitted and ordered before
        the launch side effects."""
        marker_dir = tmp_path / "markers"
        marker_dir.mkdir()
        workspace = tmp_path / "ws"
        workspace.mkdir()
        spec_path = workspace / "chain.yaml"
        spec_path.write_text("milestones: []\n", encoding="utf-8")
        _write_live_session_marker(
            marker_dir,
            "demo-session",
            workspace,
            str(spec_path),
            run_kind="chain",
        )
        report_path = tmp_path / "report.tsv"
        log_path = tmp_path / "watchdog.log"
        call_log = tmp_path / "call.log"
    
        paths = {
            "marker_dir": marker_dir,
            "workspace": workspace,
            "spec_path": spec_path,
            "report_path": report_path,
            "log_path": log_path,
            "call_log": call_log,
        }
        script = _build_direct_relaunch_tick_script(paths, emit_fails=False)
        result = _run_watchdog_shell(script)
        assert result.returncode == 0, result.stderr
>       assert "TMUX_NEW" in result.stderr
E       assert 'TMUX_NEW' in 'bash: line 199: repair_goal_watchdog_status: command not found\nbash: line 294: authority_gap_continue: command not f...: repair_needs_human_path: command not found\nbash: line 869: emit_watchdog_incident_bridge_event: command not found\n'
E        +  where 'bash: line 199: repair_goal_watchdog_status: command not found\nbash: line 294: authority_gap_continue: command not f...: repair_needs_human_path: command not found\nbash: line 869: emit_watchdog_incident_bridge_event: command not found\n' = CompletedProcess(args=['bash', '-c', 'kimi_dispatch_marker_path() {\n  printf \'%s/%s.kimi-dispatch\' "$MARKER_DIR" "$... repair_needs_human_path: command not found\nbash: line 869: emit_watchdog_incident_bridge_event: command not found\n').stderr

tests/cloud/test_watchdog_wrappers.py:4288: AssertionError
____ test_watchdog_direct_relaunch_ledger_failure_blocks_marker_and_launch _____

tmp_path = PosixPath('/private/tmp/mrc-gold-basetemp/shard9/test_watchdog_direct_relaunch_1')

    def test_watchdog_direct_relaunch_ledger_failure_blocks_marker_and_launch(tmp_path: Path) -> None:
        """G3 third-run bypass, fail-closed half: when the runtime transition
        ledger write fails, the direct mechanical relaunch must NOT write the
        kimi-dispatch marker and must NOT execute the relaunch command or tmux
        launch (no event = no side effect)."""
        marker_dir = tmp_path / "markers"
        marker_dir.mkdir()
        workspace = tmp_path / "ws"
        workspace.mkdir()
        spec_path = workspace / "chain.yaml"
        spec_path.write_text("milestones: []\n", encoding="utf-8")
        _write_live_session_marker(
            marker_dir,
            "demo-session",
            workspace,
            str(spec_path),
            run_kind="chain",
        )
        report_path = tmp_path / "report.tsv"
        log_path = tmp_path / "watchdog.log"
        call_log = tmp_path / "call.log"
    
        paths = {
            "marker_dir": marker_dir,
            "workspace": workspace,
            "spec_path": spec_path,
            "report_path": report_path,
            "log_path": log_path,
            "call_log": call_log,
        }
        script = _build_direct_relaunch_tick_script(paths, emit_fails=True)
        result = _run_watchdog_shell(script)
        assert result.returncode == 0, result.stderr
        assert "TMUX_NEW" not in result.stderr
        assert "RELAUNCH" not in result.stderr
    
>       lines = call_log.read_text(encoding="utf-8").splitlines()
                ^^^^^^^^^^^^^^^^^^^^^^^^^^^^^^^^^^^^

tests/cloud/test_watchdog_wrappers.py:4343: 
_ _ _ _ _ _ _ _ _ _ _ _ _ _ _ _ _ _ _ _ _ _ _ _ _ _ _ _ _ _ _ _ _ _ _ _ _ _ _ _ 
/Users/peteromalley/.pyenv/versions/3.11.11/lib/python3.11/pathlib.py:1058: in read_text
    with self.open(mode='r', encoding=encoding, errors=errors) as f:
         ^^^^^^^^^^^^^^^^^^^^^^^^^^^^^^^^^^^^^^^^^^^^^^^^^^^^^
_ _ _ _ _ _ _ _ _ _ _ _ _ _ _ _ _ _ _ _ _ _ _ _ _ _ _ _ _ _ _ _ _ _ _ _ _ _ _ _ 

self = PosixPath('/private/tmp/mrc-gold-basetemp/shard9/test_watchdog_direct_relaunch_1/call.log')
mode = 'r', buffering = -1, encoding = 'utf-8', errors = None, newline = None

    def open(self, mode='r', buffering=-1, encoding=None,
             errors=None, newline=None):
        """
        Open the file pointed by this path and return a file object, as
        the built-in open() function does.
        """
        if "b" not in mode:
            encoding = io.text_encoding(encoding)
>       return io.open(self, mode, buffering, encoding, errors, newline)
               ^^^^^^^^^^^^^^^^^^^^^^^^^^^^^^^^^^^^^^^^^^^^^^^^^^^^^^^^^
E       FileNotFoundError: [Errno 2] No such file or directory: '/private/tmp/mrc-gold-basetemp/shard9/test_watchdog_direct_relaunch_1/call.log'

/Users/peteromalley/.pyenv/versions/3.11.11/lib/python3.11/pathlib.py:1044: FileNotFoundError
_ test_watchdog_launch_tick_missing_manifest_pin_fails_closed_before_install_and_tmux _

tmp_path = PosixPath('/private/tmp/mrc-gold-basetemp/shard9/test_watchdog_launch_tick_miss0')

    def test_watchdog_launch_tick_missing_manifest_pin_fails_closed_before_install_and_tmux(
        tmp_path: Path,
    ) -> None:
        """G5 round-2 finding 1 / round-6 finding 1b: the watchdog's engine-root
        preflight is the FIRST mutation-gating step in the tick — it runs BEFORE
        the current-target subprocesses and before any marker/install-repair/tmux
        side effect.  With no manifest pin the tick fails closed (typed drift,
        exit 24) and the spies record ZERO python3 subprocesses, ZERO install-
        repair calls, ZERO tmux calls, and no marker/relaunch/dispatch writes."""
        marker_dir = tmp_path / "markers"
        marker_dir.mkdir()
        workspace = tmp_path / "ws"
        workspace.mkdir()
        spec_path = workspace / "chain.yaml"
        spec_path.write_text("milestones: []\n", encoding="utf-8")
        _write_live_session_marker(
            marker_dir,
            "demo-session",
            workspace,
            str(spec_path),
            run_kind="chain",
        )
        report_path = tmp_path / "report.tsv"
        log_path = tmp_path / "watchdog.log"
        call_log = tmp_path / "call.log"
    
        script = "\n\n".join(
            [
                _extract_wrapper_function("kimi_dispatch_marker_path"),
                _extract_wrapper_function("kimi_pgid_path"),
                _extract_wrapper_function("kimi_dispatch_marker_set"),
                _extract_wrapper_function("mechanical_relaunch_attempted_previously"),
                _extract_wrapper_function("kimi_dispatch_failed_previously"),
                _extract_wrapper_function("chain_engine_root_preflight"),
                _extract_wrapper_function("launch_chain_tick"),
                "LIVE_IMPORT_ROOT=" + repr(str(REPO_ROOT)),
                "unset MANIFEST_RUNTIME_ROOT",
                f"MARKER_DIR={str(marker_dir)!r}",
                f"WRAPPER_REPO_ROOT={str(REPO_ROOT)!r}",
                f"SRC_DIR={str(REPO_ROOT)!r}",
                f"LOG={str(log_path)!r}",
                f"CALL_LOG={str(call_log)!r}",
                """
    python3() {
      printf 'python3:%s\\n' "$*" >> "$CALL_LOG"
      return 0
    }
    report_item() {
      printf '%s\\t%s\\t%s\\t%s\\t%s\\t%s\\t%s\\n' "$1" "$2" "$3" "$4" "$5" "$6" "$7" >> "$1"
    }
    log() { printf '%s\\n' "$*" >> "$LOG"; }
    plan_attention_status_env() { return 0; }
    plan_terminal_status() { return 1; }
    session_health_status() { echo stopped; }
    plan_phase_health_status() { echo ok; }
    plan_progress_stall_status() { echo ok; }
    chain_health_status() {
      CHAIN_HEALTH_STATUS=ok
      CHAIN_HEALTH_SUMMARY=
      CHAIN_HEALTH_ARTIFACT_PATH=
      CHAIN_HEALTH_LOG_MESSAGE=
    }
    kimi_operator_running() { return 1; }
    emit_runtime_transition_event() { printf 'event:%s\\n' "$1" >> "$CALL_LOG"; return 0; }
    dispatch_kimi_repair() { echo DISPATCH >&2; return 0; }
    repair_unhealthy_session() { echo REPAIR >&2; return 0; }
    ensure_install_or_repair() { echo INSTALL >&2; return 0; }
    resolve_relaunch_command() { echo RELAUNCH >&2; }
    safe_name() { printf '%s\\n' "$1"; }
    tmux() {
      if [[ "$1" == "has-session" ]]; then
        return 0
      fi
      printf 'tmux:%s\\n' "$*" >> "$CALL_LOG"
      echo TMUX >&2
      return 0
    }
    """.strip(),
                (
                    f"launch_chain_tick demo-session {str(workspace)!r} "
                    f"{str(spec_path)!r} {str(report_path)!r} chain '' ''"
                ),
            ]
        )
        result = _run_watchdog_shell(script)
>       assert result.returncode == 24, result.stderr
E       AssertionError: bash: line 306: repair_goal_watchdog_status: command not found
E         bash: line 401: authority_gap_continue: command not found
E         bash: line 484: authority_gap_continue: command not found
E         bash: line 485: emit_current_needs_human_sidecar: command not found
E         bash: line 490: authority_gap_continue: command not found
E         bash: line 508: environment_gone_check: command not found
E         bash: line 680: authority_gap_continue: command not found
E         bash: line 699: emit_custody_structured_facts: command not found
E         bash: line 723: emit_current_needs_human_sidecar: command not found
E         bash: line 930: repair_needs_human_path: command not found
E         bash: line 976: emit_watchdog_incident_bridge_event: command not found
E         
E       assert 0 == 24
E        +  where 0 = CompletedProcess(args=['bash', '-c', 'kimi_dispatch_marker_path() {\n  printf \'%s/%s.kimi-dispatch\' "$MARKER_DIR" "$... repair_needs_human_path: command not found\nbash: line 976: emit_watchdog_incident_bridge_event: command not found\n').returncode

tests/cloud/test_watchdog_wrappers.py:4440: AssertionError
_____ test_watchdog_fences_mechanical_relaunch_for_phase_contract_failure ______

tmp_path = PosixPath('/private/tmp/mrc-gold-basetemp/shard9/test_watchdog_fences_mechanica0')

    def test_watchdog_fences_mechanical_relaunch_for_phase_contract_failure(tmp_path: Path) -> None:
        marker_dir = tmp_path / "markers"
        marker_dir.mkdir()
        workspace = tmp_path / "ws"
        plan_name = "m6-exact-contract"
        _write_live_session_marker(
            marker_dir,
            "demo-session",
            workspace,
            ".megaplan/initiatives/demo/briefs/demo.md",
            run_kind="plan",
            plan_name=plan_name,
        )
        _write_plan(
            workspace / ".megaplan" / "plans" / plan_name,
            {
                "iteration": 5,
                "current_state": "blocked",
                "active_step": None,
                "resume_cursor": {
                    "phase": "critique",
                    "retry_strategy": "repair_phase_contract",
                },
                "latest_failure": {
                    "kind": "deterministic_phase_failure",
                    "phase": "critique",
                    "message": "critique contract failed three times",
                },
            },
            events_body="{}\n",
        )
        report_path = tmp_path / "report.tsv"
        log_path = tmp_path / "watchdog.log"
    
        script = "\n\n".join(
            [
                _extract_wrapper_function("plan_attention_status_env"),
                _extract_wrapper_function("plan_terminal_status"),
                _extract_wrapper_function("launch_chain_tick"),
                "chain_engine_root_preflight() { return 0; }",
                f"MARKER_DIR={str(marker_dir)!r}",
                f"LOG={str(log_path)!r}",
                """
    report_item() {
      printf '%s\t%s\t%s\t%s\t%s\t%s\t%s\n' "$1" "$2" "$3" "$4" "$5" "$6" "$7" >> "$1"
    }
    log() { printf '%s\n' "$*" >> "$LOG"; }
    session_health_status() { echo stopped; }
    plan_phase_health_status() { echo ok; }
    plan_progress_stall_status() { echo ok; }
    babysitter_effective_mode() { printf 'superfixer\\t\\n'; }
    babysitter_occurrence_digest() { echo a9c062b1cfe5; }
    babysitter_running_for_occurrence() { return 1; }
    babysitter_after_elapsed() { return 0; }
    launch_status_trigger_babysitter() {
      echo BABYSITTER >&2
      return 0
    }
    babysitter_policy_dispatch() {
      launch_status_trigger_babysitter "$@"
      report_item "$6" "$1" "repair" "babysitter_scheduled" \
        "single-flash babysitter dispatched: $7" "$2" "$3"
    }
    ensure_install_or_repair() { echo INSTALL >&2; return 0; }
    resolve_relaunch_command() { echo RELAUNCH >&2; return 0; }
    tmux() { echo TMUX >&2; return 1; }
    """.strip(),
                f"launch_chain_tick demo-session {str(workspace)!r} .megaplan/initiatives/demo/briefs/demo.md {str(report_path)!r} plan {plan_name!r} ''",
            ]
        )
    
        result = _run_watchdog_shell(script)
    
        assert result.returncode == 0, result.stderr
        report = report_path.read_text(encoding="utf-8")
>       assert "\trepair\tbabysitter_scheduled\t" in report
E       AssertionError: assert '\trepair\tbabysitter_scheduled\t' in '/private/tmp/mrc-gold-basetemp/shard9/test_watchdog_fences_mechanica0/report.tsv\tdemo-session\tobserve\tcapability_a...t/private/tmp/mrc-gold-basetemp/shard9/test_watchdog_fences_mechanica0/ws\t.megaplan/initiatives/demo/briefs/demo.md\n'

tests/cloud/test_watchdog_wrappers.py:4939: AssertionError
__ test_watchdog_manual_review_superfixer_resolves_renderer_from_live_engine ___

tmp_path = PosixPath('/private/tmp/mrc-gold-basetemp/shard9/test_watchdog_manual_review_su2')

    def test_watchdog_manual_review_superfixer_resolves_renderer_from_live_engine(
        tmp_path: Path,
    ) -> None:
        """The status trigger resolves the goal renderer from the LIVE engine
        (the manifest runtime root), never the hardcoded stale arnold-r7 tree."""
        paths = _prepare_watchdog_superfixer_fixture(tmp_path)
        live_root = tmp_path / "live-engine"
        renderer_dir = (
            live_root
            / "arnold_pipelines"
            / "megaplan"
            / "skills"
            / "babysitter"
            / "scripts"
        )
        renderer_dir.mkdir(parents=True)
        marker_file = tmp_path / "renderer-marker.txt"
        (renderer_dir / "render_babysitter_goal.py").write_text(
            "#!/usr/bin/env python3\n"
            "from pathlib import Path\n"
            "import os\n"
            "def render_babysitter_goal(target, *, workspace='', plan='', run_kind='', "
            "latest_failure=None, planner_repair=None, occurrence_digest=''):\n"
            "    Path(os.environ['LIVE_RENDERER_MARKER']).write_text(target + '\\n')\n"
            "    return '/goal live-engine babysitter swarm Sol recovery_handoff\\n'\n",
            encoding="utf-8",
        )
        script = "\n\n".join(
            [
                _extract_wrapper_function("babysitter_occurrence_digest"),
                _extract_wrapper_function("launch_status_trigger_babysitter"),
                f"MARKER_DIR={str(paths['marker_dir'])!r}",
                f"REPAIR_DATA_DIR={str(paths['repair_data_dir'])!r}",
                f"WRAPPER_REPO_ROOT={str(REPO_ROOT)!r}",
                f"SRC_DIR={str(REPO_ROOT)!r}",
                f"MANIFEST_RUNTIME_ROOT={str(live_root)!r}",
                "export CLOUD_WATCHDOG_BABYSITTER_BIN=" + shlex.quote(str(paths['stub_bin'])) + "",
                "export ARNOLD_BABYSITTER_LAUNCH_GRACE_SECS=0.2",
                f"export LIVE_RENDERER_MARKER={str(marker_file)!r}",
                (
                    "digest=\"$(babysitter_occurrence_digest "
                    f"{shlex.quote(paths['session'])} {shlex.quote(str(paths['workspace']))} "
                    f"{shlex.quote(str(paths['spec_path']))} plan {shlex.quote(paths['plan_name'])})\""
                ),
                (
                    "launch_status_trigger_babysitter "
                    f"{shlex.quote(paths['session'])} {shlex.quote(str(paths['workspace']))} "
                    f"{shlex.quote(str(paths['spec_path']))} plan {shlex.quote(paths['plan_name'])} "
                    f"{shlex.quote(str(tmp_path / 'report.tsv'))} \"$digest\""
                ),
                'echo "RC=$?"',
            ]
        )
    
        result = _run_watchdog_shell(script)
        assert result.returncode == 0, result.stderr
>       assert "RC=0" in result.stdout, result.stdout
E       AssertionError: RC=1
E         
E       assert 'RC=0' in 'RC=1\n'
E        +  where 'RC=1\n' = CompletedProcess(args=['bash', '-c', 'babysitter_occurrence_digest() {\n  local session="$1"\n  local workspace="$2"\n...er launch failed session=critique-r5 err=render_babysitter_goal() got an unexpected keyword argument 'recovery_dir'\n").stdout

tests/cloud/test_watchdog_wrappers.py:5292: AssertionError
____ test_watchdog_chain_session_is_not_short_circuited_by_done_plan_state _____

tmp_path = PosixPath('/private/tmp/mrc-gold-basetemp/shard9/test_watchdog_chain_session_is0')

    def test_watchdog_chain_session_is_not_short_circuited_by_done_plan_state(tmp_path: Path) -> None:
        marker_dir = tmp_path / "markers"
        marker_dir.mkdir()
        workspace = tmp_path / "ws"
        plan_name = "demo-plan"
        spec_path = workspace / ".megaplan" / "initiatives" / "demo-chain" / "chain.yaml"
        spec_path.parent.mkdir(parents=True, exist_ok=True)
        spec_path.write_text("milestones: []\n", encoding="utf-8")
        _write_live_session_marker(
            marker_dir,
            "demo-chain",
            workspace,
            ".megaplan/initiatives/demo-chain/chain.yaml",
            run_kind="chain",
        )
        _write_plan(
            workspace / ".megaplan" / "plans" / plan_name,
            {"iteration": 1, "current_state": "done", "active_step": None},
            events_body="{}\n",
        )
        report_path = tmp_path / "report.tsv"
    
        script = "\n\n".join(
            [
                _extract_wrapper_function("plan_attention_status_env"),
                _extract_wrapper_function("plan_terminal_status"),
                _extract_wrapper_function("launch_chain_tick"),
                "chain_engine_root_preflight() { return 0; }",
                f"MARKER_DIR={str(marker_dir)!r}",
                """
    report_item() {
      printf '%s\t%s\t%s\t%s\t%s\t%s\t%s\n' "$1" "$2" "$3" "$4" "$5" "$6" "$7" >> "$1"
    }
    log() { :; }
    session_health_status() { echo stopped; }
    plan_phase_health_status() { echo ok; }
    plan_progress_stall_status() { echo ok; }
    kimi_operator_running() { return 1; }
    kimi_dispatch_marker_set() { :; }
    mechanical_relaunch_attempted_previously() { return 1; }
    kimi_dispatch_failed_previously() { return 1; }
    dispatch_kimi_repair() { echo DISPATCH >&2; return 0; }
    repair_unhealthy_session() { echo REPAIR >&2; return 0; }
    ensure_install_or_repair() { return 0; }
    resolve_relaunch_command() { echo RELAUNCH; }
    safe_name() { printf '%s\n' "$1"; }
    tmux() {
      if [[ "$1" == "has-session" ]]; then
        return 1
      fi
      if [[ "$1" == "new-session" ]]; then
        echo TMUX_NEW >&2
        return 0
      fi
      echo "TMUX_$1" >&2
      return 0
    }
    plan_attention_status_env() {
      cat <<'EOF'
    PLAN_STATUS_FOUND='0'
    PLAN_STATUS_PLAN_NAME=''
    PLAN_STATUS_CURRENT_STATE=''
    PLAN_STATUS_RETRY_STRATEGY=''
    PLAN_STATUS_FAILURE_KIND=''
    PLAN_STATUS_FAILURE_MESSAGE=''
    PLAN_STATUS_FAILURE_PHASE=''
    PLAN_STATUS_FAILURE_RECORDED_AT=''
    PLAN_STATUS_TIERS_TRIED=''
    PLAN_STATUS_PUSHED_COMMITS=''
    PLAN_STATUS_MANUAL_REVIEW='0'
    EOF
    }
    """.strip(),
                f"launch_chain_tick demo-chain {str(workspace)!r} .megaplan/initiatives/demo-chain/chain.yaml {str(report_path)!r} chain '' ''",
            ]
        )
        result = _run_watchdog_shell(script)
        assert result.returncode == 0, result.stderr
        report = report_path.read_text(encoding="utf-8")
>       assert "\trestart\trestarted\tstopped session relaunched\t" in report
E       AssertionError: assert '\trestart\trestarted\tstopped session relaunched\t' in '/private/tmp/mrc-gold-basetemp/shard9/test_watchdog_chain_session_is0/report.tsv\tdemo-chain\tobserve\tcapability_abs...private/tmp/mrc-gold-basetemp/shard9/test_watchdog_chain_session_is0/ws\t.megaplan/initiatives/demo-chain/chain.yaml\n'

tests/cloud/test_watchdog_wrappers.py:5431: AssertionError
__ test_watchdog_unreadable_plan_state_falls_through_to_existing_stopped_path __

tmp_path = PosixPath('/private/tmp/mrc-gold-basetemp/shard9/test_watchdog_unreadable_plan_0')

    def test_watchdog_unreadable_plan_state_falls_through_to_existing_stopped_path(tmp_path: Path) -> None:
        marker_dir = tmp_path / "markers"
        marker_dir.mkdir()
        workspace = tmp_path / "ws"
        plan_name = "demo-plan"
        _write_live_session_marker(
            marker_dir,
            "demo-session",
            workspace,
            ".megaplan/initiatives/demo/briefs/demo.md",
            run_kind="plan",
            plan_name=plan_name,
        )
        plan_dir = workspace / ".megaplan" / "plans" / plan_name
        plan_dir.mkdir(parents=True, exist_ok=True)
        (plan_dir / "state.json").write_text("{not-json\n", encoding="utf-8")
        report_path = tmp_path / "report.tsv"
    
        script = "\n\n".join(
            [
                _extract_wrapper_function("kimi_dispatch_marker_path"),
                _extract_wrapper_function("kimi_pgid_path"),
                _extract_wrapper_function("kimi_dispatch_marker_set"),
                _extract_wrapper_function("mechanical_relaunch_attempted_previously"),
                _extract_wrapper_function("kimi_dispatch_failed_previously"),
                _extract_wrapper_function("plan_attention_status_env"),
                _extract_wrapper_function("plan_terminal_status"),
                _extract_wrapper_function("launch_chain_tick"),
                "chain_engine_root_preflight() { return 0; }",
                f"MARKER_DIR={str(marker_dir)!r}",
                """
    report_item() {
      printf '%s\t%s\t%s\t%s\t%s\t%s\t%s\n' "$1" "$2" "$3" "$4" "$5" "$6" "$7" >> "$1"
    }
    log() { :; }
    session_health_status() { echo stopped; }
    plan_phase_health_status() { echo ok; }
    plan_progress_stall_status() { echo ok; }
    kimi_operator_running() { return 1; }
    dispatch_kimi_repair() { echo DISPATCH >&2; return 0; }
    repair_unhealthy_session() { echo REPAIR >&2; return 0; }
    ensure_install_or_repair() { return 0; }
    resolve_relaunch_command() { echo RELAUNCH; }
    safe_name() { printf '%s\n' "$1"; }
    tmux() {
      if [[ "$1" == "has-session" ]]; then
        return 1
      fi
      if [[ "$1" == "new-session" ]]; then
        echo TMUX_NEW >&2
        return 0
      fi
      echo "TMUX_$1" >&2
      return 0
    }
    """.strip(),
                f"launch_chain_tick demo-session {str(workspace)!r} .megaplan/initiatives/demo/briefs/demo.md {str(report_path)!r} chain {plan_name!r} ''",
            ]
        )
        result = _run_watchdog_shell(script)
        assert result.returncode == 0, result.stderr
        report = report_path.read_text(encoding="utf-8")
>       assert "\trestart\trestarted\tstopped session relaunched\t" in report
E       AssertionError: assert '\trestart\trestarted\tstopped session relaunched\t' in '/private/tmp/mrc-gold-basetemp/shard9/test_watchdog_unreadable_plan_0/report.tsv\tdemo-session\tobserve\tcapability_a...t/private/tmp/mrc-gold-basetemp/shard9/test_watchdog_unreadable_plan_0/ws\t.megaplan/initiatives/demo/briefs/demo.md\n'

tests/cloud/test_watchdog_wrappers.py:5500: AssertionError
_ test_watchdog_manual_review_chain_state_reports_needs_human_without_relaunch_or_kimi _

tmp_path = PosixPath('/private/tmp/mrc-gold-basetemp/shard9/test_watchdog_manual_review_ch0')

    def test_watchdog_manual_review_chain_state_reports_needs_human_without_relaunch_or_kimi(
        tmp_path: Path,
    ) -> None:
        marker_dir = tmp_path / "markers"
        marker_dir.mkdir()
        workspace = tmp_path / "ws"
        plan_name = "demo-plan"
        spec_path = workspace / ".megaplan" / "initiatives" / "demo-chain" / "chain.yaml"
        spec_path.parent.mkdir(parents=True, exist_ok=True)
        spec_path.write_text("milestones: []\n", encoding="utf-8")
        _write_live_session_marker(
            marker_dir,
            "demo-chain",
            workspace,
            ".megaplan/initiatives/demo-chain/chain.yaml",
            run_kind="chain",
            plan_name=plan_name,
        )
        _write_plan(
            workspace / ".megaplan" / "plans" / plan_name,
            {
                "iteration": 9,
                "current_state": "blocked",
                "resume_cursor": {"phase": "recover-blocked", "retry_strategy": "manual_review"},
                "latest_failure": {"kind": "iteration_cap", "message": "exceeded max_iterations=200"},
                "history": [
                    {
                        "step": "execute",
                        "result": "blocked",
                        "batch_to_tier": [
                            {"actual_agent": "codex", "actual_model": "gpt-5.4"},
                            {"tier_model_spec": "codex:gpt-5.5"},
                        ],
                    }
                ],
            },
            events_body="{}\n",
        )
        chain_dir = workspace / ".megaplan" / "plans" / ".chains"
        chain_dir.mkdir(parents=True, exist_ok=True)
        import hashlib
    
        digest = hashlib.sha1(str(spec_path.resolve()).encode("utf-8")).hexdigest()[:12]
        (chain_dir / f"{spec_path.stem}-{digest}.json").write_text(
            json.dumps(
                {
                    "current_plan_name": plan_name,
                    "last_state": "blocked",
                    "last_pushed_commit": "abc123def456",
                }
            ),
            encoding="utf-8",
        )
        report_path = tmp_path / "report.tsv"
        log_path = tmp_path / "watchdog.log"
    
        script = "\n\n".join(
            [
                _extract_wrapper_function("plan_attention_status_env"),
                _extract_wrapper_function_until("notify_needs_human", "adopt_unmarked_tmux_sessions"),
                _extract_wrapper_function("launch_chain_tick"),
                "chain_engine_root_preflight() { return 0; }",
                f"MARKER_DIR={str(marker_dir)!r}",
                f"LOG={str(log_path)!r}",
                """
    report_item() {
      printf '%s\t%s\t%s\t%s\t%s\t%s\t%s\n' "$1" "$2" "$3" "$4" "$5" "$6" "$7" >> "$1"
    }
    log() { printf '%s\n' "$*" >> "$LOG"; }
    session_health_status() { echo stopped; }
    session_terminal_status() { return 0; }
    plan_phase_health_status() { echo ok; }
    plan_progress_stall_status() { echo ok; }
    kimi_operator_running() { return 1; }
    resolve_existing_remote_spec() { printf '%s\n' "$3"; }
    dispatch_kimi_repair() { echo DISPATCH >&2; return 0; }
    repair_unhealthy_session() { echo REPAIR >&2; return 0; }
    ensure_install_or_repair() { return 0; }
    resolve_relaunch_command() { echo RELAUNCH; }
    notify_needs_human() {
      report_item "$1" "$2" "observe" "needs_human" "$7" "$3" "$4"
      log "needs-human webhook unset"
    }
    safe_name() { printf '%s\n' "$1"; }
    tmux() { echo TMUX >&2; return 1; }
    """.strip(),
                f"launch_chain_tick demo-chain {str(workspace)!r} .megaplan/initiatives/demo-chain/chain.yaml {str(report_path)!r} chain '' ''",
            ]
        )
        result = _run_watchdog_shell(script)
        assert result.returncode == 0, result.stderr
        report = report_path.read_text(encoding="utf-8")
>       assert "\tobserve\tneeds_human\tmanual_review halt;" in report
E       AssertionError: assert '\tobserve\tneeds_human\tmanual_review halt;' in '/private/tmp/mrc-gold-basetemp/shard9/test_watchdog_manual_review_ch0/report.tsv\tdemo-chain\tobserve\tcapability_abs...private/tmp/mrc-gold-basetemp/shard9/test_watchdog_manual_review_ch0/ws\t.megaplan/initiatives/demo-chain/chain.yaml\n'

tests/cloud/test_watchdog_wrappers.py:5599: AssertionError
_ test_watchdog_manual_review_repairable_fixture_dispatches_l1_without_needs_human _

tmp_path = PosixPath('/private/tmp/mrc-gold-basetemp/shard9/test_watchdog_manual_review_re0')

    def test_watchdog_manual_review_repairable_fixture_dispatches_l1_without_needs_human(
        tmp_path: Path,
    ) -> None:
        marker_dir = tmp_path / "markers"
        repair_data_dir = marker_dir / "repair-data"
        marker_dir.mkdir()
        repair_data_dir.mkdir()
        workspace = tmp_path / "ws"
        plan_name = "agentic-replay-viewer"
        spec_path = workspace / ".megaplan" / "initiatives" / "demo-chain" / "chain.yaml"
        spec_path.parent.mkdir(parents=True, exist_ok=True)
        spec_path.write_text("milestones: []\n", encoding="utf-8")
        _write_plan(
            workspace / ".megaplan" / "plans" / plan_name,
            {
                "iteration": 4,
                "name": plan_name,
                "current_state": "blocked",
                "resume_cursor": {"phase": "execute", "retry_strategy": "manual_review"},
                "latest_failure": {
                    "kind": "blocked_recovery_not_resolved",
                    "message": "repairable blocker",
                    "phase": "execute",
                    "metadata": {"blocked_task_id": "T1"},
                },
            },
            events_body="{}\n",
        )
        chain_dir = workspace / ".megaplan" / "plans" / ".chains"
        chain_dir.mkdir(parents=True, exist_ok=True)
        import hashlib
    
        digest = hashlib.sha1(str(spec_path.resolve()).encode("utf-8")).hexdigest()[:12]
        (chain_dir / f"{spec_path.stem}-{digest}.json").write_text(
            json.dumps({"current_plan_name": plan_name, "last_state": "blocked"}),
            encoding="utf-8",
        )
        _write_live_session_marker(
            marker_dir,
            "demo-chain",
            workspace,
            str(spec_path),
            run_kind="chain",
            plan_name=plan_name,
        )
        report_path = tmp_path / "report.tsv"
        log_path = tmp_path / "watchdog.log"
    
        script = "\n\n".join(
            [
                _extract_wrapper_function("plan_attention_status_env"),
                _extract_wrapper_function_until("notify_needs_human", "adopt_unmarked_tmux_sessions"),
                _extract_wrapper_function("launch_chain_tick"),
                "chain_engine_root_preflight() { return 0; }",
                f"MARKER_DIR={str(marker_dir)!r}",
                f"REPAIR_DATA_DIR={str(repair_data_dir)!r}",
                f"LOG={str(log_path)!r}",
                """
    report_item() {
      printf '%s\t%s\t%s\t%s\t%s\t%s\t%s\n' "$1" "$2" "$3" "$4" "$5" "$6" "$7" >> "$1"
    }
    log() { printf '%s\n' "$*" >> "$LOG"; }
    session_health_status() { echo stopped; }
    session_terminal_status() { return 0; }
    plan_phase_health_status() { echo ok; }
    plan_progress_stall_status() { echo ok; }
    kimi_operator_running() { return 1; }
    repair_loop_busy_state() { echo none; }
    resolve_existing_remote_spec() { printf '%s\n' "$3"; }
    babysitter_effective_mode() { printf 'superfixer\t\n'; }
    babysitter_occurrence_digest() { echo a9c062b1cfe5; }
    babysitter_running_for_occurrence() { return 1; }
    babysitter_after_elapsed() { return 0; }
    launch_status_trigger_babysitter() { echo BABYSITTER >&2; return 0; }
    babysitter_policy_dispatch() {
      launch_status_trigger_babysitter "$@"
      report_item "$6" "$1" "repair" "babysitter_scheduled" "single-flash babysitter dispatched: $7" "$2" "$3"
    }
    repair_unhealthy_session() { echo REPAIR >&2; return 0; }
    ensure_install_or_repair() { return 0; }
    resolve_relaunch_command() { echo RELAUNCH; }
    notify_needs_human() {
      report_item "$1" "$2" "observe" "needs_human" "$7" "$3" "$4"
      log "needs-human webhook unset"
    }
    safe_name() { printf '%s\n' "$1"; }
    tmux() { echo TMUX >&2; return 1; }
    """.strip(),
                f"launch_chain_tick demo-chain {str(workspace)!r} .megaplan/initiatives/demo-chain/chain.yaml {str(report_path)!r} chain '' ''",
            ]
        )
        result = _run_watchdog_shell(script)
    
        assert result.returncode == 0, result.stderr
        report = report_path.read_text(encoding="utf-8")
>       assert "\trepair\tbabysitter_scheduled\tsingle-flash babysitter dispatched: manual_review classified for repair dispatch" in report
E       AssertionError: assert '\trepair\tbabysitter_scheduled\tsingle-flash babysitter dispatched: manual_review classified for repair dispatch' in '/private/tmp/mrc-gold-basetemp/shard9/test_watchdog_manual_review_re0/report.tsv\tdemo-chain\tobserve\tcapability_abs...private/tmp/mrc-gold-basetemp/shard9/test_watchdog_manual_review_re0/ws\t.megaplan/initiatives/demo-chain/chain.yaml\n'

tests/cloud/test_watchdog_wrappers.py:5703: AssertionError
_ test_watchdog_execution_blocked_manual_review_dispatches_l1_without_needs_human _

tmp_path = PosixPath('/private/tmp/mrc-gold-basetemp/shard9/test_watchdog_execution_blocke0')

    def test_watchdog_execution_blocked_manual_review_dispatches_l1_without_needs_human(
        tmp_path: Path,
    ) -> None:
        marker_dir = tmp_path / "markers"
        repair_data_dir = marker_dir / "repair-data"
        marker_dir.mkdir()
        repair_data_dir.mkdir()
        workspace = tmp_path / "ws"
        plan_name = "progress-auditor-stage-20260704-1400"
        spec_path = workspace / ".megaplan" / "initiatives" / "demo-chain" / "chain.yaml"
        spec_path.parent.mkdir(parents=True, exist_ok=True)
        spec_path.write_text("milestones: []\n", encoding="utf-8")
        _write_plan(
            workspace / ".megaplan" / "plans" / plan_name,
            {
                "iteration": 8,
                "name": plan_name,
                "current_state": "blocked",
                "resume_cursor": {"phase": "execute", "retry_strategy": "manual_review"},
                "latest_failure": {
                    "kind": "blocked_recovery_not_resolved",
                    "message": "execute reported prerequisite-blocked tasks: T4",
                    "phase": "execute",
                    "metadata": {"blocking_reasons": ["T4 fixture evidence not surfaced"]},
                },
            },
            events_body="{}\n",
        )
        chain_dir = workspace / ".megaplan" / "plans" / ".chains"
        chain_dir.mkdir(parents=True, exist_ok=True)
        import hashlib
    
        digest = hashlib.sha1(str(spec_path.resolve()).encode("utf-8")).hexdigest()[:12]
        (chain_dir / f"{spec_path.stem}-{digest}.json").write_text(
            json.dumps({"current_plan_name": plan_name, "last_state": "blocked"}),
            encoding="utf-8",
        )
        _write_live_session_marker(
            marker_dir,
            "demo-chain",
            workspace,
            str(spec_path),
            run_kind="chain",
            plan_name=plan_name,
        )
        report_path = tmp_path / "report.tsv"
        log_path = tmp_path / "watchdog.log"
    
        script = "\n\n".join(
            [
                _extract_wrapper_function("plan_attention_status_env"),
                _extract_wrapper_function_until("notify_needs_human", "adopt_unmarked_tmux_sessions"),
                _extract_wrapper_function("launch_chain_tick"),
                "chain_engine_root_preflight() { return 0; }",
                f"MARKER_DIR={str(marker_dir)!r}",
                f"REPAIR_DATA_DIR={str(repair_data_dir)!r}",
                f"LOG={str(log_path)!r}",
                """
    report_item() {
      printf '%s\t%s\t%s\t%s\t%s\t%s\t%s\n' "$1" "$2" "$3" "$4" "$5" "$6" "$7" >> "$1"
    }
    log() { printf '%s\n' "$*" >> "$LOG"; }
    session_health_status() { echo stopped; }
    session_terminal_status() { return 0; }
    plan_phase_health_status() { echo ok; }
    plan_progress_stall_status() { echo ok; }
    kimi_operator_running() { return 1; }
    repair_loop_busy_state() { echo none; }
    resolve_existing_remote_spec() { printf '%s\n' "$3"; }
    babysitter_effective_mode() { printf 'superfixer\t\n'; }
    babysitter_occurrence_digest() { echo a9c062b1cfe5; }
    babysitter_running_for_occurrence() { return 1; }
    babysitter_after_elapsed() { return 0; }
    launch_status_trigger_babysitter() { echo BABYSITTER >&2; return 0; }
    babysitter_policy_dispatch() {
      launch_status_trigger_babysitter "$@"
      report_item "$6" "$1" "repair" "babysitter_scheduled" "single-flash babysitter dispatched: $7" "$2" "$3"
    }
    repair_unhealthy_session() { echo REPAIR >&2; return 0; }
    ensure_install_or_repair() { return 0; }
    resolve_relaunch_command() { echo RELAUNCH; }
    notify_needs_human() {
      report_item "$1" "$2" "observe" "needs_human" "$7" "$3" "$4"
      log "needs-human webhook unset"
    }
    safe_name() { printf '%s\n' "$1"; }
    tmux() { echo TMUX >&2; return 1; }
    """.strip(),
                f"launch_chain_tick demo-chain {str(workspace)!r} .megaplan/initiatives/demo-chain/chain.yaml {str(report_path)!r} chain '' ''",
            ]
        )
        result = _run_watchdog_shell(script)
    
        assert result.returncode == 0, result.stderr
        report = report_path.read_text(encoding="utf-8")
>       assert "\trepair\tbabysitter_scheduled\tsingle-flash babysitter dispatched: manual_review classified for repair dispatch" in report
E       AssertionError: assert '\trepair\tbabysitter_scheduled\tsingle-flash babysitter dispatched: manual_review classified for repair dispatch' in '/private/tmp/mrc-gold-basetemp/shard9/test_watchdog_execution_blocke0/report.tsv\tdemo-chain\tobserve\tcapability_abs...private/tmp/mrc-gold-basetemp/shard9/test_watchdog_execution_blocke0/ws\t.megaplan/initiatives/demo-chain/chain.yaml\n'

tests/cloud/test_watchdog_wrappers.py:5804: AssertionError
_ test_watchdog_awaiting_human_chain_state_dispatches_repair_before_needs_human _

tmp_path = PosixPath('/private/tmp/mrc-gold-basetemp/shard9/test_watchdog_awaiting_human_c0')

    def test_watchdog_awaiting_human_chain_state_dispatches_repair_before_needs_human(
        tmp_path: Path,
    ) -> None:
        marker_dir = tmp_path / "markers"
        marker_dir.mkdir()
        workspace = tmp_path / "ws"
        plan_name = "demo-plan"
        spec_path = workspace / ".megaplan" / "initiatives" / "demo-chain" / "chain.yaml"
        spec_path.parent.mkdir(parents=True, exist_ok=True)
        spec_path.write_text("milestones: []\n", encoding="utf-8")
        _write_live_session_marker(
            marker_dir,
            "demo-chain",
            workspace,
            ".megaplan/initiatives/demo-chain/chain.yaml",
            run_kind="chain",
            plan_name=plan_name,
        )
        plan_dir = workspace / ".megaplan" / "plans" / plan_name
        _write_plan(
            plan_dir,
            {
                "iteration": 9,
                "current_state": "finalized",
            },
            events_body="{}\n",
        )
        (plan_dir / "finalize.json").write_text(
            json.dumps(
                {
                    "tasks": [
                        {
                            "id": "m7-06-runtime-deletion-target-purge",
                            "description": "Delete runtime targets.",
                            "status": "blocked",
                        }
                    ],
                    "user_actions": [
                        {
                            "id": "ua-01-reclassify-deletion-targets",
                            "phase": "before_execute",
                            "blocks_task_ids": ["m7-06-runtime-deletion-target-purge"],
                        }
                    ],
                }
            ),
            encoding="utf-8",
        )
        chain_dir = workspace / ".megaplan" / "plans" / ".chains"
        chain_dir.mkdir(parents=True, exist_ok=True)
        import hashlib
    
        digest = hashlib.sha1(str(spec_path.resolve()).encode("utf-8")).hexdigest()[:12]
        (chain_dir / f"{spec_path.stem}-{digest}.json").write_text(
            json.dumps(
                {
                    "current_plan_name": plan_name,
                    "last_state": "awaiting_human",
                }
            ),
            encoding="utf-8",
        )
        report_path = tmp_path / "report.tsv"
        log_path = tmp_path / "watchdog.log"
    
        script = "\n\n".join(
            [
                _extract_wrapper_function("plan_attention_status_env"),
                _extract_wrapper_function_until("notify_needs_human", "adopt_unmarked_tmux_sessions"),
                _extract_wrapper_function("repair_needs_human_path"),
                _extract_wrapper_function("launch_chain_tick"),
                "chain_engine_root_preflight() { return 0; }",
                f"MARKER_DIR={str(marker_dir)!r}",
                f"LOG={str(log_path)!r}",
                """
    report_item() {
      printf '%s\t%s\t%s\t%s\t%s\t%s\t%s\n' "$1" "$2" "$3" "$4" "$5" "$6" "$7" >> "$1"
    }
    log() { printf '%s\n' "$*" >> "$LOG"; }
    session_health_status() { echo stopped; }
    plan_phase_health_status() { echo ok; }
    plan_progress_stall_status() { echo ok; }
    babysitter_effective_mode() { printf 'superfixer\t\n'; }
    babysitter_occurrence_digest() { echo a9c062b1cfe5; }
    babysitter_running_for_occurrence() { return 1; }
    babysitter_after_elapsed() { return 0; }
    launch_status_trigger_babysitter() { echo BABYSITTER >&2; return 0; }
    babysitter_policy_dispatch() {
      launch_status_trigger_babysitter "$@"
      report_item "$6" "$1" "repair" "babysitter_scheduled" "single-flash babysitter dispatched: $7" "$2" "$3"
    }
    ensure_install_or_repair() { return 0; }
    resolve_relaunch_command() { echo RELAUNCH; }
    safe_name() { printf '%s\n' "$1"; }
    tmux() { echo TMUX >&2; return 1; }
    """.strip(),
                f"launch_chain_tick demo-chain {str(workspace)!r} .megaplan/initiatives/demo-chain/chain.yaml {str(report_path)!r} chain '' ''",
            ]
        )
        result = _run_watchdog_shell(script)
        assert result.returncode == 0, result.stderr
        report = report_path.read_text(encoding="utf-8")
>       assert "\trepair\tbabysitter_scheduled\tsingle-flash babysitter dispatched: state mismatch" in report
E       AssertionError: assert '\trepair\tbabysitter_scheduled\tsingle-flash babysitter dispatched: state mismatch' in '/private/tmp/mrc-gold-basetemp/shard9/test_watchdog_awaiting_human_c0/report.tsv\tdemo-chain\tobserve\tcapability_abs...private/tmp/mrc-gold-basetemp/shard9/test_watchdog_awaiting_human_c0/ws\t.megaplan/initiatives/demo-chain/chain.yaml\n'

tests/cloud/test_watchdog_wrappers.py:5912: AssertionError
_ test_watchdog_awaiting_human_verify_chain_state_routes_to_notification_before_relaunch _

tmp_path = PosixPath('/private/tmp/mrc-gold-basetemp/shard9/test_watchdog_awaiting_human_v1')

    def test_watchdog_awaiting_human_verify_chain_state_routes_to_notification_before_relaunch(
        tmp_path: Path,
    ) -> None:
        marker_dir = tmp_path / "markers"
        marker_dir.mkdir()
        workspace = tmp_path / "ws"
        plan_name = "demo-plan"
        spec_path = workspace / ".megaplan" / "initiatives" / "demo-chain" / "chain.yaml"
        spec_path.parent.mkdir(parents=True, exist_ok=True)
        spec_path.write_text("milestones: []\n", encoding="utf-8")
        _write_live_session_marker(
            marker_dir,
            "demo-session",
            workspace,
            ".megaplan/initiatives/demo-chain/chain.yaml",
            run_kind="chain",
            plan_name=plan_name,
        )
        _write_plan(
            workspace / ".megaplan" / "plans" / plan_name,
            {
                "iteration": 1,
                "current_state": "awaiting_human_verify",
                "clarification": {
                    "intent_summary": "prep surfaced 2 blocking ambiguities; answer and resume",
                    "questions": ["Q1", "Q2"],
                    "source": "prep",
                },
            },
            events_body="{}\n",
        )
        chain_dir = workspace / ".megaplan" / "plans" / ".chains"
        chain_dir.mkdir(parents=True, exist_ok=True)
        import hashlib
    
        digest = hashlib.sha1(str(spec_path.resolve()).encode("utf-8")).hexdigest()[:12]
        (chain_dir / f"{spec_path.stem}-{digest}.json").write_text(
            json.dumps(
                {
                    "current_plan_name": plan_name,
                    "last_state": "awaiting_human_verify",
                }
            ),
            encoding="utf-8",
        )
        report_path = tmp_path / "report.tsv"
        log_path = tmp_path / "watchdog.log"
    
        script = "\n\n".join(
            [
                _extract_wrapper_function("plan_attention_status_env"),
                _extract_wrapper_function_until("notify_needs_human", "adopt_unmarked_tmux_sessions"),
                _extract_wrapper_function("repair_needs_human_path"),
                _extract_wrapper_function("launch_chain_tick"),
                "chain_engine_root_preflight() { return 0; }",
                f"MARKER_DIR={str(marker_dir)!r}",
                f"LOG={str(log_path)!r}",
                """
    report_item() {
      printf '%s\t%s\t%s\t%s\t%s\t%s\t%s\n' "$1" "$2" "$3" "$4" "$5" "$6" "$7" >> "$1"
    }
    log() { printf '%s\n' "$*" >> "$LOG"; }
    session_health_status() { echo stopped; }
    plan_phase_health_status() { echo ok; }
    plan_progress_stall_status() { echo ok; }
    babysitter_effective_mode() { printf 'superfixer\t\n'; }
    babysitter_occurrence_digest() { echo a9c062b1cfe5; }
    babysitter_running_for_occurrence() { return 1; }
    babysitter_after_elapsed() { return 0; }
    launch_status_trigger_babysitter() { echo BABYSITTER >&2; return 0; }
    babysitter_policy_dispatch() {
      launch_status_trigger_babysitter "$@"
      report_item "$6" "$1" "repair" "babysitter_scheduled" "single-flash babysitter dispatched: $7" "$2" "$3"
    }
    ensure_install_or_repair() { return 0; }
    resolve_relaunch_command() { echo RELAUNCH >&2; return 1; }
    safe_name() { printf '%s\n' "$1"; }
    tmux() { echo TMUX >&2; return 1; }
    chain_health_status() {
      CHAIN_HEALTH_STATUS=ok
      CHAIN_HEALTH_SUMMARY=
      CHAIN_HEALTH_ARTIFACT_PATH=
      CHAIN_HEALTH_LOG_MESSAGE=
    }
    """.strip(),
                f"launch_chain_tick demo-session {str(workspace)!r} {str(spec_path)!r} {str(report_path)!r} chain '' ''",
            ]
        )
        result = _run_watchdog_shell(script)
        assert result.returncode == 0, result.stderr
        report = report_path.read_text(encoding="utf-8")
        assert "\trepair\trepair_dispatched\t" not in report
>       assert "\tnotify\ttest_notification_suppressed\t" in report
E       AssertionError: assert '\tnotify\ttest_notification_suppressed\t' in '/private/tmp/mrc-gold-basetemp/shard9/test_watchdog_awaiting_human_v1/report.tsv\tdemo-session\tobserve\tcapability_a.../private/tmp/mrc-gold-basetemp/shard9/test_watchdog_awaiting_human_v1/ws/.megaplan/initiatives/demo-chain/chain.yaml\n'

tests/cloud/test_watchdog_wrappers.py:6013: AssertionError
_______ test_watchdog_partial_done_chain_state_relaunches_next_milestone _______

tmp_path = PosixPath('/private/tmp/mrc-gold-basetemp/shard9/test_watchdog_partial_done_cha0')

    def test_watchdog_partial_done_chain_state_relaunches_next_milestone(tmp_path: Path) -> None:
        marker_dir = tmp_path / "markers"
        marker_dir.mkdir()
        repair_data_dir = marker_dir / "repair-data"
        repair_data_dir.mkdir()
        workspace = tmp_path / "ws"
        spec_path = workspace / ".megaplan" / "initiatives" / "demo-chain" / "chain.yaml"
        spec_path.parent.mkdir(parents=True, exist_ok=True)
        spec_path.write_text(
            "milestones:\n"
            "- label: m1\n"
            "- label: m2\n"
            "- label: m3\n"
            "- label: m4\n"
            "- label: m5\n",
            encoding="utf-8",
        )
        _write_live_session_marker(
            marker_dir,
            "demo-chain",
            workspace,
            str(spec_path),
            run_kind="chain",
        )
        chain_dir = workspace / ".megaplan" / "plans" / ".chains"
        chain_dir.mkdir(parents=True, exist_ok=True)
        import hashlib
    
        digest = hashlib.sha1(str(spec_path.resolve()).encode("utf-8")).hexdigest()[:12]
        (chain_dir / f"{spec_path.stem}-{digest}.json").write_text(
            json.dumps(
                {
                    "current_milestone_index": 3,
                    "current_plan_name": None,
                    "last_state": "done",
                    "pr_number": None,
                    "pr_state": None,
                    "completed": [
                        {"label": "m1", "status": "done"},
                        {"label": "m2", "status": "done"},
                        {"label": "m3", "status": "done"},
                    ],
                }
            ),
            encoding="utf-8",
        )
        (chain_dir / "chain-stale-complete.json").write_text(
            json.dumps(
                {
                    "current_plan_name": "",
                    "last_state": "done",
                    "events": [{"msg": "all milestones complete"}],
                }
            ),
            encoding="utf-8",
        )
        report_path = tmp_path / "report.tsv"
        log_path = tmp_path / "watchdog.log"
    
        script = "\n\n".join(
            [
                _extract_wrapper_function("plan_attention_status_env"),
                _extract_wrapper_function("session_terminal_status"),
                _extract_wrapper_function_until("notify_needs_human", "adopt_unmarked_tmux_sessions"),
                _extract_wrapper_function("launch_chain_tick"),
                "chain_engine_root_preflight() { return 0; }",
                f"MARKER_DIR={str(marker_dir)!r}",
                f"REPAIR_DATA_DIR={str(repair_data_dir)!r}",
                f"LOG={str(log_path)!r}",
                """
    report_item() {
      printf '%s\t%s\t%s\t%s\t%s\t%s\t%s\n' "$1" "$2" "$3" "$4" "$5" "$6" "$7" >> "$1"
    }
    log() { printf '%s\n' "$*" >> "$LOG"; }
    session_health_status() { echo stopped; }
    plan_phase_health_status() { echo ok; }
    plan_progress_stall_status() { echo ok; }
    chain_health_status() { CHAIN_HEALTH_STATUS=ok; CHAIN_HEALTH_KIND=; CHAIN_HEALTH_SUMMARY=; return 0; }
    kimi_operator_running() { return 1; }
    repair_loop_busy_state() { echo none; }
    repair_needs_human_path() { printf '%s\n' /no/such/repair-needs-human.json; }
    dispatch_kimi_repair() { echo DISPATCH >&2; return 0; }
    repair_unhealthy_session() { echo REPAIR >&2; return 0; }
    ensure_install_or_repair() { return 0; }
    mechanical_relaunch_attempted_previously() { return 1; }
    kimi_dispatch_failed_previously() { return 1; }
    kimi_dispatch_marker_set() { return 0; }
    resolve_relaunch_command() { echo RELAUNCH >&2; return 0; }
    safe_name() { printf '%s\n' "$1"; }
    tmux() { echo TMUX >&2; return 0; }
    """.strip(),
                f"launch_chain_tick demo-chain {str(workspace)!r} .megaplan/initiatives/demo-chain/chain.yaml {str(report_path)!r} chain '' ''",
            ]
        )
        result = _run_watchdog_shell(script)
        assert result.returncode == 0, result.stderr
        report = report_path.read_text(encoding="utf-8")
        assert "\tobserve\tcomplete\tchain complete\t" not in report
>       assert "RELAUNCH" in result.stderr
E       assert 'RELAUNCH' in ''
E        +  where '' = CompletedProcess(args=['bash', '-c', 'plan_attention_status_env() {\n  local workspace="$1"\n  local remote_spec_path=...old-basetemp/shard9/test_watchdog_partial_done_cha0/report.tsv\' chain \'\' \'\''], returncode=0, stdout='', stderr='').stderr

tests/cloud/test_watchdog_wrappers.py:6188: AssertionError
_______ test_watchdog_env_gone_clears_artifacts_after_strikes_threshold ________

tmp_path = PosixPath('/private/tmp/mrc-gold-basetemp/shard9/test_watchdog_env_gone_clears_0')

    def test_watchdog_env_gone_clears_artifacts_after_strikes_threshold(tmp_path: Path) -> None:
        marker_dir = tmp_path / "markers"
        repair_data_dir = marker_dir / "repair-data"
        marker_dir.mkdir()
        repair_data_dir.mkdir()
        workspace = tmp_path / "wiped-ws"  # intentionally absent
        marker_file = _write_live_session_marker(
            marker_dir,
            "demo-chain",
            workspace,
            "/missing/demo-chain.yaml",
            run_kind="chain",
        )
        report_path = tmp_path / "report.tsv"
        log_path = tmp_path / "watchdog.log"
    
        script = "\n\n".join(
            _env_gone_script_blocks(
                marker_dir=marker_dir,
                log_path=log_path,
                report_path=report_path,
                workspace=str(workspace),
                remote_spec="/missing/demo-chain.yaml",
            )
            + [
                "ENV_GONE_STRIKES=1",
                f"launch_chain_tick demo-chain {str(workspace)!r} /missing/demo-chain.yaml {str(report_path)!r} chain '' ''",
            ]
        )
        result = _run_watchdog_shell(script)
        assert result.returncode == 0, result.stderr
        report = report_path.read_text(encoding="utf-8")
        assert "\tobserve\tenvironment_gone\t" in report
        assert "BABYSITTER" not in result.stderr
        assert "REPAIR" not in result.stderr
        # Session is retired: marker and env-gone sidecar are gone.
>       assert not marker_file.exists()
E       AssertionError: assert not True
E        +  where True = exists()
E        +    where exists = PosixPath('/private/tmp/mrc-gold-basetemp/shard9/test_watchdog_env_gone_clears_0/markers/demo-chain.json').exists

tests/cloud/test_watchdog_wrappers.py:6432: AssertionError
____________ test_watchdog_env_gone_recovers_when_workspace_returns ____________

tmp_path = PosixPath('/private/tmp/mrc-gold-basetemp/shard9/test_watchdog_env_gone_recover0')

    def test_watchdog_env_gone_recovers_when_workspace_returns(tmp_path: Path) -> None:
        """A transient deploy gap records strikes; when the workspace reappears the
        sidecar is cleared and the check signals present (fall-through to normal
        processing). Exercises environment_gone_check directly so the recovery
        contract is isolated from the terminal short-circuit above the gate."""
        marker_dir = tmp_path / "markers"
        marker_dir.mkdir()
        workspace = tmp_path / "ws"
        workspace.mkdir()
        spec_path = workspace / ".megaplan" / "initiatives" / "demo-chain" / "chain.yaml"
        spec_path.parent.mkdir(parents=True, exist_ok=True)
        spec_path.write_text("milestones: []\n", encoding="utf-8")
        sidecar = marker_dir / "demo-chain.env-gone"
        sidecar.write_text("2\n", encoding="utf-8")
        log_path = tmp_path / "watchdog.log"
    
        script = "\n\n".join(
            [
                _extract_wrapper_function("safe_name"),
                _extract_wrapper_function("env_gone_sidecar_path"),
                _extract_wrapper_function("environment_gone_check"),
                f"MARKER_DIR={str(marker_dir)!r}",
                f"LOG={str(log_path)!r}",
                """
    log() { printf '%s\\n' "$*" >> "$LOG"; }
    safe_name() { printf '%s\\n' "$1"; }
    """.strip(),
                f"ENV_GONE_STRIKES=3",
                f"environment_gone_check demo-chain {str(workspace)!r} {str(spec_path)!r}",
            ]
        )
        result = _run_watchdog_shell(script)
        assert result.returncode == 1, result.stderr
        assert result.stdout.strip() == "present"
        # Env present: the prior strike sidecar is cleared (transient-deploy recovery).
>       assert not sidecar.exists()
E       AssertionError: assert not True
E        +  where True = exists()
E        +    where exists = PosixPath('/private/tmp/mrc-gold-basetemp/shard9/test_watchdog_env_gone_recover0/markers/demo-chain.env-gone').exists

tests/cloud/test_watchdog_wrappers.py:6578: AssertionError
_______ test_watchdog_scan_once_completes_when_chain_state_is_unreadable _______

tmp_path = PosixPath('/private/tmp/mrc-gold-basetemp/shard9/test_watchdog_scan_once_comple0')

    def test_watchdog_scan_once_completes_when_chain_state_is_unreadable(tmp_path: Path) -> None:
        marker_dir = tmp_path / "markers"
        marker_dir.mkdir()
        workspace = tmp_path / "ws"
        spec_path = workspace / ".megaplan" / "initiatives" / "demo-chain" / "chain.yaml"
        spec_path.parent.mkdir(parents=True, exist_ok=True)
        spec_path.write_text("milestones: []\n", encoding="utf-8")
        chain_dir = workspace / ".megaplan" / "plans" / ".chains"
        chain_dir.mkdir(parents=True, exist_ok=True)
        marker_path = marker_dir / "demo-session.json"
        marker_path.write_text(
            json.dumps(
                {
                    "session": "demo-session",
                    "workspace": str(workspace),
                    "remote_spec": ".megaplan/initiatives/demo-chain/chain.yaml",
                    "run_kind": "chain",
                }
            ),
            encoding="utf-8",
        )
        import hashlib
    
        digest = hashlib.sha1(str(spec_path.resolve()).encode("utf-8")).hexdigest()[:12]
        (chain_dir / f"{spec_path.stem}-{digest}.json").write_text("{not-json\n", encoding="utf-8")
        report_path = tmp_path / "report.tsv"
        log_path = tmp_path / "watchdog.log"
    
        script = "\n\n".join(
            [
                _extract_wrapper_function("json_field"),
                _extract_wrapper_function("plan_attention_status_env"),
                _extract_wrapper_function("launch_chain_tick"),
                "chain_engine_root_preflight() { return 0; }",
                _extract_wrapper_function("scan_once_unlocked"),
                _extract_wrapper_function("scan_once"),
                f"MARKER_DIR={str(marker_dir)!r}",
                f"LOG={str(log_path)!r}",
                f"SCAN_LOCK_FILE={str(tmp_path / 'watchdog-scan.lock')!r}",
                "SCAN_LOCK_WAIT_SECS=0",
                "COOPERATIVE_ONCE=0",
                "WATCHDOG_BOOTSTRAP_RECOVERED=0",
                """
    report_item() {
      printf '%s\t%s\t%s\t%s\t%s\t%s\t%s\n' "$1" "$2" "$3" "$4" "$5" "$6" "$7" >> "$1"
    }
    log() { printf '%s\n' "$*" >> "$LOG"; }
    bootstrap_watchdog_observation() { return 0; }
    write_watchdog_sweep_health() { return 0; }
    write_watchdog_heartbeat() { :; }
    write_status_snapshot() { :; }
    repair_trigger_scan() { :; }
    run_repair_data_maintenance() { :; }
    maybe_reexec_updated_watchdog() { :; }
    sync_editable_source_branch() { return 0; }
    bootstrap_watchdog_observation() { return 0; }
    write_status_snapshot() { :; }
    adopt_unmarked_tmux_sessions() { return 0; }
    reap_stale_repairs() { return 0; }
    emit_report() { cp "$1" REPORT_PATH_PLACEHOLDER; }
    session_health_status() { echo stopped; }
    plan_phase_health_status() { echo ok; }
    plan_progress_stall_status() { echo ok; }
    kimi_operator_running() { return 1; }
    mechanical_relaunch_attempted_previously() { return 0; }
    dispatch_kimi_repair() { echo DISPATCH >&2; return 0; }
    kimi_dispatch_failed_previously() { return 1; }
    kimi_dispatch_marker_set() { :; }
    kimi_dispatch_marker_clear() { :; }
    repair_unhealthy_session() { echo REPAIR >&2; return 0; }
    ensure_install_or_repair() { return 0; }
    resolve_relaunch_command() { echo RELAUNCH; }
    safe_name() { printf '%s\n' "$1"; }
    tmux() { echo TMUX >&2; return 1; }
    """.replace("REPORT_PATH_PLACEHOLDER", str(report_path)).strip(),
                "scan_once_unlocked",
            ]
        )
    
        result = _run_watchdog_shell(script)
        assert result.returncode == 0, result.stderr
        log_text = log_path.read_text(encoding="utf-8")
        assert "current-target canonical-control session=demo-session" in log_text
        assert "scan complete markers=1" in log_text
        report = report_path.read_text(encoding="utf-8")
>       assert "\tobserve\tliveness_unknown\t" in report
E       AssertionError: assert '\tobserve\tliveness_unknown\t' in '/var/folders/_w/b3tthv192m77c760dbyzvk200000gn/T/tmp.EIobSkHeEX\tdemo-session\tobserve\tcapability_absent\tknown live...private/tmp/mrc-gold-basetemp/shard9/test_watchdog_scan_once_comple0/ws\t.megaplan/initiatives/demo-chain/chain.yaml\n'

tests/cloud/test_watchdog_wrappers.py:6777: AssertionError
______ test_watchdog_clears_stale_parent_sidecar_when_child_session_alive ______

tmp_path = PosixPath('/private/tmp/mrc-gold-basetemp/shard9/test_watchdog_clears_stale_par0')

    def test_watchdog_clears_stale_parent_sidecar_when_child_session_alive(tmp_path: Path) -> None:
        marker_dir = tmp_path / "markers"
        repair_data_dir = marker_dir / "repair-data"
        marker_dir.mkdir()
        repair_data_dir.mkdir()
        workspace = tmp_path / "ws"
        workspace.mkdir()
        parent_spec = workspace / ".megaplan" / "initiatives" / "demo" / "assets" / "epic-chain.yaml"
        child_spec = workspace / ".megaplan" / "initiatives" / "demo" / "chain.yaml"
        parent_spec.parent.mkdir(parents=True)
        child_spec.parent.mkdir(parents=True, exist_ok=True)
        parent_spec.write_text("chains: []\n", encoding="utf-8")
        child_spec.write_text("milestones: []\n", encoding="utf-8")
        _write_live_session_marker(
            marker_dir,
            "parent-session",
            workspace,
            str(parent_spec),
            run_kind="chain",
        )
        report_path = tmp_path / "report.tsv"
        log_path = tmp_path / "watchdog.log"
        sidecar_path = repair_data_dir / "parent-session.needs-human.json"
        sidecar_path.write_text(
            json.dumps(
                {
                    "summary": "old parent repair exhaustion",
                    "repair_data_path": str(repair_data_dir / "parent-session.repair-data.json"),
                    "discord_status": "delivered",
                }
            ),
            encoding="utf-8",
        )
        (marker_dir / "child-session.json").write_text(
            json.dumps(
                {
                    "session": "child-session",
                    "workspace": str(workspace),
                    "remote_spec": str(child_spec),
                    "run_kind": "chain",
                }
            ),
            encoding="utf-8",
        )
    
        script = "\n\n".join(
            [
                _extract_wrapper_function("repair_needs_human_path"),
                _extract_wrapper_function("repair_needs_human_summary"),
                _extract_wrapper_function("repair_needs_human_matches_current_plan"),
                _extract_wrapper_function("workspace_has_other_alive_session"),
                _extract_wrapper_function("launch_chain_tick"),
                "chain_engine_root_preflight() { return 0; }",
                f"MARKER_DIR={str(marker_dir)!r}",
                f"REPAIR_DATA_DIR={str(repair_data_dir)!r}",
                f"LOG={str(log_path)!r}",
                """
    report_item() {
      printf '%s\t%s\t%s\t%s\t%s\t%s\t%s\n' "$1" "$2" "$3" "$4" "$5" "$6" "$7" >> "$1"
    }
    log() { printf '%s\n' "$*" >> "$LOG"; }
    session_health_status() {
      if [[ "$1" == "child-session" ]]; then
        echo alive
      else
        echo stopped
      fi
    }
    plan_attention_status_env() { return 0; }
    chain_health_status() {
      CHAIN_HEALTH_STATUS=ok
      CHAIN_HEALTH_SUMMARY=
      CHAIN_HEALTH_ARTIFACT_PATH=
      CHAIN_HEALTH_LOG_MESSAGE=
    }
    chain_current_pr_merged() { echo none; }
    kimi_operator_running() { return 1; }
    repair_loop_busy_state() { echo none; }
    mechanical_relaunch_attempted_previously() { return 0; }
    kimi_dispatch_failed_previously() { return 1; }
    kimi_dispatch_marker_set() { :; }
    kimi_dispatch_marker_clear() { :; }
    dispatch_kimi_repair() { echo DISPATCH >&2; return 0; }
    ensure_install_or_repair() { return 0; }
    resolve_relaunch_command() { echo RELAUNCH; }
    safe_name() { printf '%s\n' "$1"; }
    tmux() { echo TMUX >&2; return 1; }
    """.strip(),
                f"launch_chain_tick parent-session {str(workspace)!r} {str(parent_spec)!r} {str(report_path)!r} chain '' ''",
            ]
        )
    
        result = _run_watchdog_shell(script)
        assert result.returncode == 0, result.stderr
        report = report_path.read_text(encoding="utf-8")
        log = log_path.read_text(encoding="utf-8")
>       assert "\tobserve\tneeds_human\told parent repair exhaustion" not in report
E       AssertionError: assert '\tobserve\t...r exhaustion' not in '/private/tm...chain.yaml\n'
E         
E         '\tobserve\tneeds_h...t repair exhaustion' is contained here:
E           nt-session	observe	needs_human	old parent repair exhaustion; repair_data=/private/tmp/mrc-gold-basetemp/shard9/test_watchdog_clears_stale_par0/markers/repair-data/parent-session.repair-data.json; discord=delivered	/private/tmp/mrc-gold-basetemp/shard9/test_watchdog_clears_stale_par0/ws	/private/tmp/mrc-gold-basetemp/shard9/test_watchdog_clears_stale_par0/ws/.megaplan/initiatives/demo/assets/epic-chain.yaml
E         ?        +++++++++++++++++++++++++++++++++++++++++++++++++

tests/cloud/test_watchdog_wrappers.py:8612: AssertionError
______ test_watchdog_clears_stale_needs_human_sidecar_for_superseded_plan ______

tmp_path = PosixPath('/private/tmp/mrc-gold-basetemp/shard9/test_watchdog_clears_stale_nee0')

    def test_watchdog_clears_stale_needs_human_sidecar_for_superseded_plan(tmp_path: Path) -> None:
        marker_dir = tmp_path / "markers"
        repair_data_dir = marker_dir / "repair-data"
        marker_dir.mkdir()
        repair_data_dir.mkdir()
        workspace = tmp_path / "ws"
        plan_name = "m3-current-plan"
        old_plan_name = "m1-old-plan"
        spec_path = workspace / ".megaplan" / "initiatives" / "demo" / "chain.yaml"
        spec_path.parent.mkdir(parents=True)
        spec_path.write_text("milestones: []\n", encoding="utf-8")
        _write_live_session_marker(
            marker_dir,
            "demo-session",
            workspace,
            str(spec_path),
            run_kind="chain",
            plan_name=plan_name,
        )
        digest = hashlib.sha1(str(spec_path.resolve()).encode("utf-8")).hexdigest()[:12]
        _write_chain_state(
            workspace / ".megaplan" / "plans" / ".chains" / f"chain-{digest}.json",
            {"current_plan_name": plan_name, "last_state": "awaiting_human"},
        )
        _write_plan(
            workspace / ".megaplan" / "plans" / plan_name,
            {
                "name": plan_name,
                "current_state": "awaiting_human",
                "latest_failure": {
                    "kind": "blocked_by_prereq",
                    "message": "execute reported blocked tasks awaiting user action: T1",
                },
            },
            events_body="{}\n",
        )
        repair_data_path = repair_data_dir / "demo-session.repair-data.json"
        repair_data_path.write_text(
            json.dumps(
                {
                    "session": "demo-session",
                    "iterations": [
                        {"i": 1, "chain_state_summary": {"current_plan_name": old_plan_name}}
                    ],
                }
            ),
            encoding="utf-8",
        )
        sidecar_path = repair_data_dir / "demo-session.needs-human.json"
        sidecar_path.write_text(
            json.dumps(
                {
                    "summary": "old repair exhaustion",
                    "repair_data_path": str(repair_data_path),
                    "chain_current_plan_name": old_plan_name,
                }
            ),
            encoding="utf-8",
        )
        report_path = tmp_path / "report.tsv"
        log_path = tmp_path / "watchdog.log"
    
        script = "\n\n".join(
            [
                _extract_wrapper_function("plan_attention_status_env"),
                _extract_wrapper_function("repair_needs_human_path"),
                _extract_wrapper_function("repair_needs_human_summary"),
                _extract_wrapper_function("repair_needs_human_matches_current_plan"),
                _extract_wrapper_function_until("notify_needs_human", "adopt_unmarked_tmux_sessions"),
                _extract_wrapper_function("plan_terminal_status"),
                _extract_wrapper_function("launch_chain_tick"),
                "chain_engine_root_preflight() { return 0; }",
                f"MARKER_DIR={str(marker_dir)!r}",
                f"REPAIR_DATA_DIR={str(repair_data_dir)!r}",
                f"SRC_DIR={str(REPO_ROOT)!r}",
                f"LOG={str(log_path)!r}",
                """
    report_item() {
      printf '%s\t%s\t%s\t%s\t%s\t%s\t%s\n' "$1" "$2" "$3" "$4" "$5" "$6" "$7" >> "$1"
    }
    log() { printf '%s\n' "$*" >> "$LOG"; }
    session_health_status() { echo stopped; }
    plan_phase_health_status() { echo ok; }
    plan_progress_stall_status() { echo ok; }
    babysitter_effective_mode() { printf 'superfixer\t\n'; }
    babysitter_occurrence_digest() { echo a9c062b1cfe5; }
    babysitter_running_for_occurrence() { return 1; }
    babysitter_after_elapsed() { return 0; }
    launch_status_trigger_babysitter() { echo BABYSITTER >&2; return 0; }
    babysitter_policy_dispatch() {
      launch_status_trigger_babysitter "$@"
      report_item "$6" "$1" "repair" "babysitter_scheduled" "single-flash babysitter dispatched: $7" "$2" "$3"
    }
    ensure_install_or_repair() { return 0; }
    resolve_relaunch_command() { echo RELAUNCH >&2; return 1; }
    safe_name() { printf '%s\n' "$1"; }
    tmux() { echo TMUX >&2; return 1; }
    chain_health_status() {
      CHAIN_HEALTH_STATUS=ok
      CHAIN_HEALTH_SUMMARY=
      CHAIN_HEALTH_ARTIFACT_PATH=
      CHAIN_HEALTH_LOG_MESSAGE=
    }
    """.strip(),
                f"launch_chain_tick demo-session {str(workspace)!r} {str(spec_path)!r} {str(report_path)!r} chain '' ''",
            ]
        )
        result = _run_watchdog_shell(script)
        assert result.returncode == 0, result.stderr
        log = log_path.read_text(encoding="utf-8")
        report = report_path.read_text(encoding="utf-8")
        # Legacy clears the stale sidecar (old plan != current plan)
>       assert "stale repair needs-human marker cleared" in log
E       assert 'stale repair needs-human marker cleared' in 'current-target canonical-control session=demo-session state=live known=1 capability=0 evidence={"_non_authoritative":...tationCapability absent; observe-only fenced action=human escalation notification session=demo-session liveness=live\n'

tests/cloud/test_watchdog_wrappers.py:8855: AssertionError
___________ test_launch_chain_tick_superfixer_skips_kimi_fallthrough ___________

tmp_path = PosixPath('/private/tmp/mrc-gold-basetemp/shard9/test_launch_chain_tick_superfi0')

    def test_launch_chain_tick_superfixer_skips_kimi_fallthrough(tmp_path: Path) -> None:
        """A successful status-trigger babysitter dispatch in the phase-contract
        fence reports babysitter_scheduled and NEVER falls through to a layered
        L1/L2 path (deleted with the layered stack)."""
        paths = _prepare_meta_repair_launch_chain_tick_fixture(tmp_path)
        stub = tmp_path / "babysitter-stub.sh"
        stub.write_text("#!/usr/bin/env bash\nexit 0\n", encoding="utf-8")
        stub.chmod(0o755)
        script = "\n\n".join(
            [
                _extract_wrapper_function("babysitter_occurrence_digest"),
                _extract_wrapper_function("babysitter_effective_mode"),
                _extract_wrapper_function("babysitter_running_for_occurrence"),
                _extract_wrapper_function("babysitter_after_elapsed"),
                _extract_wrapper_function("launch_status_trigger_babysitter"),
                _extract_wrapper_function("babysitter_policy_dispatch"),
                _extract_wrapper_function("launch_chain_tick"),
                "chain_engine_root_preflight() { return 0; }",
                f"MARKER_DIR={str(paths['marker_dir'])!r}",
                f"REPAIR_DATA_DIR={str(paths['repair_data_dir'])!r}",
                f"SRC_DIR={str(REPO_ROOT)!r}",
                f"WRAPPER_REPO_ROOT={str(REPO_ROOT)!r}",
                f"LOG={str(paths['log_path'])!r}",
                "export CLOUD_WATCHDOG_BABYSITTER_BIN=" + shlex.quote(str(stub)) + "",
                "export ARNOLD_BABYSITTER_LAUNCH_GRACE_SECS=0.2",
                """
    report_item() {
      printf '%s\\t%s\\t%s\\t%s\\t%s\\t%s\\t%s\\n' "$1" "$2" "$3" "$4" "$5" "$6" "$7" >> "$1"
    }
    log() { printf '%s\\n' "$*" >> "$LOG"; }
    authority_gap_continue() { echo "AUTHORITY_GAP $*" >&2; }
    plan_attention_status_env() {
      printf '%s\\n' "PLAN_STATUS_FAILURE_KIND='deterministic_phase_failure'"
      printf '%s\\n' "PLAN_STATUS_RETRY_STRATEGY='repair_phase_contract'"
      printf '%s\\n' "PLAN_STATUS_PLAN_NAME='demo-plan'"
    }
    dispatch_kimi_repair() { echo SHOULD_NOT_DISPATCH_KIMI >&2; return 0; }
    emit_watchdog_incident_bridge_event() { :; }
    """.strip(),
                (
                    f"launch_chain_tick demo-session {str(paths['workspace'])!r} "
                    f"{str(paths['spec_path'])!r} {str(paths['report_path'])!r} chain '' ''"
                ),
            ]
        )
        result = _run_watchdog_shell(script)
        assert result.returncode == 0, result.stderr
        assert "SHOULD_NOT_DISPATCH_KIMI" not in result.stderr
        report = paths["report_path"].read_text(encoding="utf-8")
>       assert "\trepair\tbabysitter_scheduled\t" in report
E       AssertionError: assert '\trepair\tbabysitter_scheduled\t' in '/private/tmp/mrc-gold-basetemp/shard9/test_launch_chain_tick_superfi0/report.tsv\tdemo-session\tobserve\tcapability_a.../private/tmp/mrc-gold-basetemp/shard9/test_launch_chain_tick_superfi0/ws/.megaplan/initiatives/demo-chain/chain.yaml\n'

tests/cloud/test_watchdog_wrappers.py:9043: AssertionError
________ test_watchdog_chain_health_short_circuits_plan_repair_dispatch ________

tmp_path = PosixPath('/private/tmp/mrc-gold-basetemp/shard9/test_watchdog_chain_health_sho0')

    def test_watchdog_chain_health_short_circuits_plan_repair_dispatch(tmp_path: Path) -> None:
        marker_dir = tmp_path / "markers"
        repair_dir = tmp_path / "repair-data"
        marker_dir.mkdir()
        repair_dir.mkdir()
        workspace = tmp_path / "ws"
        workspace.mkdir()
        spec_path = workspace / "demo-spec.yaml"
        spec_path.write_text("milestones: []\n", encoding="utf-8")
        _write_live_session_marker(
            marker_dir,
            "demo-session",
            workspace,
            str(spec_path),
            run_kind="chain",
        )
        report_path = tmp_path / "report.tsv"
    
        script = "\n\n".join(
            [
                _extract_wrapper_function("launch_chain_tick"),
                "chain_engine_root_preflight() { return 0; }",
                f"MARKER_DIR={str(marker_dir)!r}",
                f"REPAIR_DATA_DIR={str(repair_dir)!r}",
                """
    report_item() {
      printf '%s\t%s\t%s\t%s\t%s\t%s\t%s\n' "$1" "$2" "$3" "$4" "$5" "$6" "$7" >> "$1"
    }
    log() { :; }
    session_health_status() { echo alive; }
    chain_health_status() {
      CHAIN_HEALTH_STATUS=chain_cycle
      CHAIN_HEALTH_SUMMARY='chain cycle detected'
      CHAIN_HEALTH_ARTIFACT_PATH=/tmp/chain-health.json
    }
    plan_phase_health_status() { echo phase_failure:should-not-run; }
    plan_progress_stall_status() { echo progress_stall:should-not-run; }
    plan_attention_status_env() { echo SHOULD_NOT_RUN >&2; }
    babysitter_effective_mode() { printf 'superfixer\t\n'; }
    babysitter_occurrence_digest() { echo a9c062b1cfe5; }
    babysitter_running_for_occurrence() { return 1; }
    babysitter_after_elapsed() { return 0; }
    launch_status_trigger_babysitter() { echo BABYSITTER >&2; return 0; }
    babysitter_policy_dispatch() {
      launch_status_trigger_babysitter "$@"
      report_item "$6" "$1" "repair" "babysitter_scheduled" "single-flash babysitter dispatched: $7" "$2" "$3"
    }
    mechanical_relaunch_attempted_previously() { return 1; }
    kimi_dispatch_failed_previously() { return 1; }
    ensure_install_or_repair() { return 0; }
    resolve_relaunch_command() { echo RELAUNCH; }
    safe_name() { printf '%s\n' "$1"; }
    tmux() { echo TMUX >&2; return 1; }
    """.strip(),
                f"launch_chain_tick demo-session {str(workspace)!r} {str(spec_path)!r} {str(report_path)!r} chain '' ''",
            ]
        )
    
        result = _run_watchdog_shell(script)
        assert result.returncode == 0, result.stderr
        report = report_path.read_text(encoding="utf-8")
>       assert "\trepair\tbabysitter_scheduled\tsingle-flash babysitter dispatched: chain health issue (chain_cycle); chain cycle detected; artifact=/tmp/chain-health.json\t" in report
E       AssertionError: assert '\trepair\tbabysitter_scheduled\tsingle-flash babysitter dispatched: chain health issue (chain_cycle); chain cycle detected; artifact=/tmp/chain-health.json\t' in '/private/tmp/mrc-gold-basetemp/shard9/test_watchdog_chain_health_sho0/report.tsv\tdemo-session\tobserve\tcapability_a...tchdog_chain_health_sho0/ws\t/private/tmp/mrc-gold-basetemp/shard9/test_watchdog_chain_health_sho0/ws/demo-spec.yaml\n'

tests/cloud/test_watchdog_wrappers.py:9499: AssertionError
_________ test_watchdog_unknown_canonical_liveness_fences_all_dispatch _________

tmp_path = PosixPath('/private/tmp/mrc-gold-basetemp/shard9/test_watchdog_unknown_canonica0')

    def test_watchdog_unknown_canonical_liveness_fences_all_dispatch(tmp_path: Path) -> None:
        marker_dir = tmp_path / "markers"
        marker_dir.mkdir()
        report_path = tmp_path / "report.tsv"
        dispatch_path = tmp_path / "dispatch"
        script = "\n\n".join(
            [
                _extract_wrapper_function("launch_chain_tick"),
                "chain_engine_root_preflight() { return 0; }",
                f"MARKER_DIR={str(marker_dir)!r}",
                f"REPAIR_DATA_DIR={str(marker_dir / 'repair-data')!r}",
                f"SRC_DIR={str(REPO_ROOT)!r}",
                f"DISPATCH_PATH={str(dispatch_path)!r}",
                """
    log() { :; }
    report_item() { printf '%s\t%s\t%s\t%s\n' "$2" "$3" "$4" "$5" >> "$1"; }
    dispatch_kimi_repair() { : > "$DISPATCH_PATH"; }
    dispatch_meta_repair() { : > "$DISPATCH_PATH"; }
    repair_unintended_stop() { : > "$DISPATCH_PATH"; }
    """.strip(),
                f"launch_chain_tick unbound {str(tmp_path / 'workspace')!r} {str(tmp_path / 'chain.yaml')!r} {str(report_path)!r} chain '' ''",
            ]
        )
    
        result = _run_watchdog_shell(script)
    
        assert result.returncode == 0, result.stderr
        assert not dispatch_path.exists()
>       assert "\tobserve\tliveness_unknown\t" in report_path.read_text(encoding="utf-8")
E       AssertionError: assert '\tobserve\tliveness_unknown\t' in 'unbound\tobserve\tcapability_absent\tknown liveness is eligibility only; babysitter/relaunch/drive require a minted MutationCapability; fenced repair/relaunch\n'
E        +  where 'unbound\tobserve\tcapability_absent\tknown liveness is eligibility only; babysitter/relaunch/drive require a minted MutationCapability; fenced repair/relaunch\n' = read_text(encoding='utf-8')
E        +    where read_text = PosixPath('/private/tmp/mrc-gold-basetemp/shard9/test_watchdog_unknown_canonica0/report.tsv').read_text

tests/cloud/test_watchdog_wrappers.py:12434: AssertionError
_____ test_watchdog_phase_contract_path_dispatches_single_flash_babysitter _____

tmp_path = PosixPath('/private/tmp/mrc-gold-basetemp/shard9/test_watchdog_phase_contract_p0')

    def test_watchdog_phase_contract_path_dispatches_single_flash_babysitter(
        tmp_path: Path,
    ) -> None:
        """The phase-contract fence dispatches the single-flash babysitter (the
        ONLY repair dispatch) and NEVER falls through to a mechanical relaunch
        or a layered claim/consumer path."""
        session = "fence-session"
        marker_dir = tmp_path / ".megaplan" / "cloud-sessions"
        marker_dir.mkdir(parents=True, exist_ok=True)
        workspace = tmp_path / "ws"
        plan_name = "adopt-plan"
        plan_dir = workspace / ".megaplan" / "plans" / plan_name
        _write_live_session_marker(
            marker_dir,
            session,
            workspace,
            ".megaplan/initiatives/demo/briefs/demo.md",
            run_kind="plan",
            plan_name=plan_name,
        )
        _write_plan(
            plan_dir,
            {
                "iteration": 5,
                "current_state": "blocked",
                "active_step": None,
                "resume_cursor": {
                    "phase": "gate",
                    "retry_strategy": "repair_phase_contract",
                },
                "latest_failure": {
                    "kind": "deterministic_phase_failure",
                    "phase": "gate",
                    "message": "gate contract failed",
                },
            },
            events_body="{}\n",
        )
        # The marker's remote_spec must exist for the runtime-transition ledger
        # (chain_spec_sha256) before the babysitter launch.
        spec_file = workspace / ".megaplan/initiatives/demo/briefs/demo.md"
        spec_file.parent.mkdir(parents=True, exist_ok=True)
        spec_file.write_text("milestones: []\n", encoding="utf-8")
        report_path = tmp_path / "report.tsv"
        log_path = tmp_path / "watchdog.log"
        claim_log = tmp_path / "claim.log"
        fake_py_log = tmp_path / "fake-python.log"
        fake_repair_log = tmp_path / "fake-repair.log"
        fake_repair_bin = tmp_path / "fake-repair-bin"
        fake_repair_bin.write_text(
            "#!/usr/bin/env bash\n"
            f'printf \'%s\\n\' "FAKE-REPAIR $*" >> {str(fake_repair_log)!r}\n'
            "exit 0\n",
            encoding="utf-8",
        )
        fake_repair_bin.chmod(fake_repair_bin.stat().st_mode | stat.S_IXUSR)
    
        script = _phase_contract_script(
            marker_dir=marker_dir,
            workspace=workspace,
            plan_name=plan_name,
            session=session,
            report_path=report_path,
            log_path=log_path,
            queue_root=tmp_path / "queue",
            claim_log=claim_log,
            fake_py_log=fake_py_log,
            fake_repair_bin=fake_repair_bin,
            fake_repair_log=fake_repair_log,
        )
        result = _run_watchdog_shell(script)
    
        assert result.returncode == 0, result.stderr
        report = report_path.read_text(encoding="utf-8")
>       assert "\trepair\tbabysitter_scheduled\t" in report, report
E       AssertionError: /private/tmp/mrc-gold-basetemp/shard9/test_watchdog_phase_contract_p0/report.tsv	fence-session	observe	capability_absent	known liveness is eligibility only; babysitter/relaunch/drive require a minted MutationCapability; fenced phase-contract babysitter dispatch	/private/tmp/mrc-gold-basetemp/shard9/test_watchdog_phase_contract_p0/ws	.megaplan/initiatives/demo/briefs/demo.md
E         
E       assert '\trepair\tbabysitter_scheduled\t' in '/private/tmp/mrc-gold-basetemp/shard9/test_watchdog_phase_contract_p0/report.tsv\tfence-session\tobserve\tcapability_...t/private/tmp/mrc-gold-basetemp/shard9/test_watchdog_phase_contract_p0/ws\t.megaplan/initiatives/demo/briefs/demo.md\n'

tests/cloud/test_watchdog_wrappers.py:13613: AssertionError
_____ test_watchdog_phase_contract_babysitter_launch_failure_fails_closed ______

tmp_path = PosixPath('/private/tmp/mrc-gold-basetemp/shard9/test_watchdog_phase_contract_b0')

    def test_watchdog_phase_contract_babysitter_launch_failure_fails_closed(
        tmp_path: Path,
    ) -> None:
        """A babysitter that dies immediately in the phase-contract path reports
        babysitter_launch_failed and NEVER falls through to a mechanical relaunch
        or a layered claim/consumer path."""
        session = "fence-session"
        marker_dir = tmp_path / ".megaplan" / "cloud-sessions"
        marker_dir.mkdir(parents=True, exist_ok=True)
        workspace = tmp_path / "ws"
        plan_name = "adopt-plan"
        plan_dir = workspace / ".megaplan" / "plans" / plan_name
        _write_live_session_marker(
            marker_dir,
            session,
            workspace,
            ".megaplan/initiatives/demo/briefs/demo.md",
            run_kind="plan",
            plan_name=plan_name,
        )
        _write_plan(
            plan_dir,
            {
                "iteration": 5,
                "current_state": "blocked",
                "active_step": None,
                "resume_cursor": {
                    "phase": "gate",
                    "retry_strategy": "repair_phase_contract",
                },
                "latest_failure": {
                    "kind": "deterministic_phase_failure",
                    "phase": "gate",
                    "message": "gate contract failed",
                },
            },
            events_body="{}\n",
        )
        report_path = tmp_path / "report.tsv"
        log_path = tmp_path / "watchdog.log"
        claim_log = tmp_path / "claim.log"
        fake_py_log = tmp_path / "fake-python.log"
        fake_repair_log = tmp_path / "fake-repair.log"
        fake_repair_bin = tmp_path / "fake-repair-bin"
        fake_repair_bin.write_text(
            "#!/usr/bin/env bash\n"
            f'printf \'%s\\n\' "FAKE-REPAIR $*" >> {str(fake_repair_log)!r}\n'
            "exit 1\n",
            encoding="utf-8",
        )
        fake_repair_bin.chmod(fake_repair_bin.stat().st_mode | stat.S_IXUSR)
    
        script = _phase_contract_script(
            marker_dir=marker_dir,
            workspace=workspace,
            plan_name=plan_name,
            session=session,
            report_path=report_path,
            log_path=log_path,
            queue_root=tmp_path / "queue",
            claim_log=claim_log,
            fake_py_log=fake_py_log,
            fake_repair_bin=fake_repair_bin,
            fake_repair_log=fake_repair_log,
        )
        result = _run_watchdog_shell(script)
    
        assert result.returncode == 0, result.stderr
        report = report_path.read_text(encoding="utf-8")
>       assert "\trepair\tbabysitter_launch_failed\t" in report, report
E       AssertionError: /private/tmp/mrc-gold-basetemp/shard9/test_watchdog_phase_contract_b0/report.tsv	fence-session	observe	capability_absent	known liveness is eligibility only; babysitter/relaunch/drive require a minted MutationCapability; fenced phase-contract babysitter dispatch	/private/tmp/mrc-gold-basetemp/shard9/test_watchdog_phase_contract_b0/ws	.megaplan/initiatives/demo/briefs/demo.md
E         
E       assert '\trepair\tbabysitter_launch_failed\t' in '/private/tmp/mrc-gold-basetemp/shard9/test_watchdog_phase_contract_b0/report.tsv\tfence-session\tobserve\tcapability_...t/private/tmp/mrc-gold-basetemp/shard9/test_watchdog_phase_contract_b0/ws\t.megaplan/initiatives/demo/briefs/demo.md\n'

tests/cloud/test_watchdog_wrappers.py:13695: AssertionError
______ test_resume_plan_reenters_cursor_and_clears_failure_after_success _______

tmp_path = PosixPath('/private/tmp/mrc-gold-basetemp/shard9/test_resume_plan_reenters_curs0')

    def test_resume_plan_reenters_cursor_and_clears_failure_after_success(tmp_path: Path) -> None:
        project = _project(tmp_path)
        plan_dir = _plan_dir(project, "blocked-plan")
        calls: list[list[str]] = []
    
        def runner(args: list[str], cwd: Path | None = None):
            calls.append(args)
            state = json.loads((plan_dir / "state.json").read_text(encoding="utf-8"))
            assert state["current_state"] == "finalized"
            assert state["latest_failure"] == {"kind": "execution_blocked"}
            (plan_dir / "finalize.json").write_text(
                json.dumps(
                    {
                        "tasks": [
                            {
                                "id": "T1",
                                "status": "done",
                                "commands_run": [
                                    "pytest tests/editorial_run_lifecycle.py"
                                ],
                            }
                        ]
                    }
                ),
                encoding="utf-8",
            )
            state["current_state"] = "executed"
            (plan_dir / "state.json").write_text(json.dumps(state), encoding="utf-8")
            return 0, "ok", ""
    
        result = resume_plan(project, "blocked-plan", runner=runner)
    
>       assert result["success"] is True
E       assert False is True

tests/editorial_run_lifecycle.py:80: AssertionError
_____________ test_revise_noop_detector_raises_cache_hit_suspected _____________
arnold_pipelines.megaplan.custody.common_worker_dispatch._FailureEvidenceRecorded: failure evidence recorded

The above exception was the direct cause of the following exception:

plan_fixture = PlanFixture(root=PosixPath('/private/tmp/mrc-gold-basetemp/shard9/test_revise_noop_detector_rais0/root'), project_dir=...r_rais0/root/.megaplan/plans/fixture-plan'), make_args=<function make_args_factory.<locals>._make_args at 0x13ffc1a80>)
monkeypatch = <_pytest.monkeypatch.MonkeyPatch object at 0x13ff546d0>

    def test_revise_noop_detector_raises_cache_hit_suspected(
        plan_fixture: PlanFixture,
        monkeypatch: pytest.MonkeyPatch,
    ) -> None:
        make_args = plan_fixture.make_args
>       handle_plan(plan_fixture.root, make_args(plan=plan_fixture.plan_name))

tests/handlers/test_session_cache_noop.py:64: 
_ _ _ _ _ _ _ _ _ _ _ _ _ _ _ _ _ _ _ _ _ _ _ _ _ _ _ _ _ _ _ _ _ _ _ _ _ _ _ _ 
arnold_pipelines/megaplan/handlers/plan.py:167: in handle_plan
    worker, agent, mode, refreshed = _pkg._run_worker(
arnold_pipelines/megaplan/handlers/shared.py:414: in _run_worker
    return worker_module.run_step_with_worker(
arnold_pipelines/megaplan/workers/_impl.py:7505: in run_step_with_worker
    dispatch_result = wbc_dispatch.run(_dispatch_with_binding)
                      ^^^^^^^^^^^^^^^^^^^^^^^^^^^^^^^^^^^^^^^^
arnold_pipelines/megaplan/custody/common_worker_dispatch.py:119: in run
    raise exc from _FailureEvidenceRecorded(terminal)
arnold_pipelines/megaplan/custody/common_worker_dispatch.py:107: in run
    worker_result = dispatch(start)
                    ^^^^^^^^^^^^^^^
arnold_pipelines/megaplan/workers/_impl.py:7477: in _dispatch_with_binding
    return _run_step_with_worker_legacy(
arnold_pipelines/megaplan/workers/_impl.py:7667: in _run_step_with_worker_legacy
    require_bound_chain_spec(root, plan_name=plan_dir.name)
_ _ _ _ _ _ _ _ _ _ _ _ _ _ _ _ _ _ _ _ _ _ _ _ _ _ _ _ _ _ _ _ _ _ _ _ _ _ _ _ 

root = PosixPath('/private/tmp/mrc-gold-basetemp/shard9/test_revise_noop_detector_rais0/root')

    def require_bound_chain_spec(root: Path, *, plan_name: str = "") -> Path:
        """Fail closed unless exactly one canonical execution binding owns the plan."""
    
        matches = bound_chain_spec_candidates(root, plan_name=plan_name)
        if len(matches) != 1:
            status = "missing" if not matches else "ambiguous"
>           raise CliError(
                "worker_launch_preflight_mismatch",
                f"Canonical worker runtime binding is {status} for plan "
                f"{plan_name or '<unspecified>'}: {len(matches)} candidates.",
                extra={
                    "canonical_runtime_binding": {
                        "status": status,
                        "plan_name": plan_name,
                        "candidates": [str(path.resolve(strict=False)) for path in matches],
                    }
                },
            )
E           arnold_pipelines.megaplan.types.CliError: Canonical worker runtime binding is missing for plan fixture-plan: 0 candidates.

arnold_pipelines/megaplan/chain/execution_binding.py:2183: CliError
_____________________ test_revise_cost_sanity_guard_aborts _____________________
arnold_pipelines.megaplan.custody.common_worker_dispatch._FailureEvidenceRecorded: failure evidence recorded

The above exception was the direct cause of the following exception:

plan_fixture = PlanFixture(root=PosixPath('/private/tmp/mrc-gold-basetemp/shard9/test_revise_cost_sanity_guard_0/root'), project_dir=...guard_0/root/.megaplan/plans/fixture-plan'), make_args=<function make_args_factory.<locals>._make_args at 0x13ffdaa20>)
monkeypatch = <_pytest.monkeypatch.MonkeyPatch object at 0x13d7349d0>

    def test_revise_cost_sanity_guard_aborts(
        plan_fixture: PlanFixture,
        monkeypatch: pytest.MonkeyPatch,
    ) -> None:
        make_args = plan_fixture.make_args
>       handle_plan(plan_fixture.root, make_args(plan=plan_fixture.plan_name))

tests/handlers/test_session_cache_noop.py:112: 
_ _ _ _ _ _ _ _ _ _ _ _ _ _ _ _ _ _ _ _ _ _ _ _ _ _ _ _ _ _ _ _ _ _ _ _ _ _ _ _ 
arnold_pipelines/megaplan/handlers/plan.py:167: in handle_plan
    worker, agent, mode, refreshed = _pkg._run_worker(
arnold_pipelines/megaplan/handlers/shared.py:414: in _run_worker
    return worker_module.run_step_with_worker(
arnold_pipelines/megaplan/workers/_impl.py:7505: in run_step_with_worker
    dispatch_result = wbc_dispatch.run(_dispatch_with_binding)
                      ^^^^^^^^^^^^^^^^^^^^^^^^^^^^^^^^^^^^^^^^
arnold_pipelines/megaplan/custody/common_worker_dispatch.py:119: in run
    raise exc from _FailureEvidenceRecorded(terminal)
arnold_pipelines/megaplan/custody/common_worker_dispatch.py:107: in run
    worker_result = dispatch(start)
                    ^^^^^^^^^^^^^^^
arnold_pipelines/megaplan/workers/_impl.py:7477: in _dispatch_with_binding
    return _run_step_with_worker_legacy(
arnold_pipelines/megaplan/workers/_impl.py:7667: in _run_step_with_worker_legacy
    require_bound_chain_spec(root, plan_name=plan_dir.name)
_ _ _ _ _ _ _ _ _ _ _ _ _ _ _ _ _ _ _ _ _ _ _ _ _ _ _ _ _ _ _ _ _ _ _ _ _ _ _ _ 

root = PosixPath('/private/tmp/mrc-gold-basetemp/shard9/test_revise_cost_sanity_guard_0/root')

    def require_bound_chain_spec(root: Path, *, plan_name: str = "") -> Path:
        """Fail closed unless exactly one canonical execution binding owns the plan."""
    
        matches = bound_chain_spec_candidates(root, plan_name=plan_name)
        if len(matches) != 1:
            status = "missing" if not matches else "ambiguous"
>           raise CliError(
                "worker_launch_preflight_mismatch",
                f"Canonical worker runtime binding is {status} for plan "
                f"{plan_name or '<unspecified>'}: {len(matches)} candidates.",
                extra={
                    "canonical_runtime_binding": {
                        "status": status,
                        "plan_name": plan_name,
                        "candidates": [str(path.resolve(strict=False)) for path in matches],
                    }
                },
            )
E           arnold_pipelines.megaplan.types.CliError: Canonical worker runtime binding is missing for plan fixture-plan: 0 candidates.

arnold_pipelines/megaplan/chain/execution_binding.py:2183: CliError
______ test_audited_authority_risk_bypasses_emit_typed_gap_or_fail_closed ______

    def test_audited_authority_risk_bypasses_emit_typed_gap_or_fail_closed() -> None:
        gated_ids: set[str] = set()
        for path in TARGETED_WRAPPERS:
            text = _wrapper_text(path)
            if path != "arnold_pipelines/megaplan/cloud/wrappers/arnold-chain":
                assert '"schema_version": "arnold.megaplan.cloud.wrapper_authority_gap.v1"' in text
            gated_ids.update(GATED_CALL_RE.findall(text))
    
>       assert EXPECTED_AUTHORITY_RISK_IDS <= gated_ids
E       AssertionError: assert {'T29-BYPASS-...ASS-034', ...} <= {'T29-BYPASS-...ASS-128', ...}
E         
E         Extra items in the left set:
E         'T29-BYPASS-196'
E         'T29-BYPASS-199'
E         'T29-BYPASS-114'
E         'T29-BYPASS-041'
E         'T29-BYPASS-180'...
E         
E         ...Full output truncated (63 lines hidden), use '-vv' to show

tests/m9/test_bypass_gating.py:79: AssertionError
_____ test_drift_related_bypass_sites_keep_drift_visible_as_typed_evidence _____

    def test_drift_related_bypass_sites_keep_drift_visible_as_typed_evidence() -> None:
        drift_sites = []
        for path in TARGETED_WRAPPERS:
            lines = _wrapper_text(path).splitlines()
            for index, line in enumerate(lines):
                if "T29-BYPASS-" not in line:
                    continue
                context = "\n".join(lines[max(0, index - 3) : index + 4]).lower()
                if "drift" in context or "suppress" in context:
                    drift_sites.append((path, index + 1, line))
    
>       assert drift_sites
E       assert []

tests/m9/test_bypass_gating.py:186: AssertionError
_ test_finalize_prompt_forbids_routing_only_dependencies_and_model_full_suite __

tmp_path = PosixPath('/private/tmp/mrc-gold-basetemp/shard9/test_finalize_prompt_forbids_r0')

    def test_finalize_prompt_forbids_routing_only_dependencies_and_model_full_suite(
        tmp_path: Path,
    ) -> None:
        state = _minimal_state(tmp_path)
        prompt = _finalize_prompt(state, tmp_path / "plan", root=tmp_path)
    
        assert "`depends_on` is correctness authority, not a routing hint" in prompt
        assert "Never add an edge merely to isolate a model tier" in prompt
        assert "A ready frontier wider than 5 is valid" in prompt
        assert "linearize via `depends_on`" not in prompt
        assert "Do NOT add a final integration/full-suite test task" in prompt
        assert "Narrow verification should consume at most 2 minutes" in prompt
        assert "at most one diagnostic rerun" in prompt
        assert "`task_contract_version` to `2`" in prompt
        assert "integer 1-15" in prompt
        assert "at most 3 changed-behavior selectors" in prompt
        # M8A: splitter and validation compiler guidance
        assert "auto-split by the harness into implementation + proof subtasks" in prompt
>       assert "no-file deterministic checks" in prompt
E       AssertionError: assert 'no-file deterministic checks' in 'You are DECOMPOSING the approved plan below into an ordered task DAG. The plan has been\n        critiqued, gated, an...hanged` paths. Do not rely on an unscoped `pytest` command unless the plan explicitly opts into `test_selection=full`.'

tests/prompts/test_finalize_task_feasibility_prompt.py:74: AssertionError
______________ test_resume_plan_with_pre_m6_planning_cursor_runs _______________

tmp_path = PosixPath('/private/tmp/mrc-gold-basetemp/shard9/test_resume_plan_with_pre_m6_p0')

    def test_resume_plan_with_pre_m6_planning_cursor_runs(tmp_path: Path) -> None:
        plan = "legacy-planning"
        plan_dir = tmp_path / ".megaplan" / "plans" / plan
        plan_dir.mkdir(parents=True)
        (plan_dir / "state.json").write_text(
            json.dumps(
                {
                    "name": plan,
                    "idea": "legacy",
                    "current_state": "blocked",
                    "iteration": 1,
                    "created_at": "2026-01-01T00:00:00Z",
                    "_pipeline_name": "planning",
                    "resume_cursor": {
                        "phase": "execute",
                        "pipeline": "planning",
                        "batch_index": 1,
                    },
                    "history": [],
                    "config": {},
                    "sessions": {},
                    "plan_versions": [],
                    "meta": {},
                    "last_gate": {},
                }
            ),
            encoding="utf-8",
        )
        calls: list[list[str]] = []
    
        def runner(args: list[str], *, cwd: Path) -> tuple[int, str, str]:
            calls.append(list(args))
            _write_execute_authority(plan_dir, task_id="legacy-resume")
            state_path = plan_dir / "state.json"
            state = json.loads(state_path.read_text(encoding="utf-8"))
            state["current_state"] = "done"
            state_path.write_text(json.dumps(state), encoding="utf-8")
            return 0, "", ""
    
        result = resume_plan(tmp_path, plan, runner=runner)
    
>       assert result["success"] is True
E       assert False is True

tests/resume/test_pre_m6_alias.py:73: AssertionError
----------------------------- Captured stderr call -----------------------------
huggingface/tokenizers: The current process just got forked, after parallelism has already been used. Disabling parallelism to avoid deadlocks...
To disable this warning, you can either:
	- Avoid using `tokenizers` before the fork if possible
	- Explicitly set the environment variable TOKENIZERS_PARALLELISM=(true | false)
huggingface/tokenizers: The current process just got forked, after parallelism has already been used. Disabling parallelism to avoid deadlocks...
To disable this warning, you can either:
	- Avoid using `tokenizers` before the fork if possible
	- Explicitly set the environment variable TOKENIZERS_PARALLELISM=(true | false)
___________ test_resume_plan_accepts_matching_pipeline_manifest_hash ___________

tmp_path = PosixPath('/private/tmp/mrc-gold-basetemp/shard9/test_resume_plan_accepts_match0')
monkeypatch = <_pytest.monkeypatch.MonkeyPatch object at 0x3353c6090>

    def test_resume_plan_accepts_matching_pipeline_manifest_hash(tmp_path: Path, monkeypatch) -> None:
        monkeypatch.setenv("MEGAPLAN_M6_MANIFEST_DISCOVERY", "1")
        registry._GLOBAL_REGISTRY = registry.PipelineRegistry()
        current_hash = registry.pipeline_metadata("planning")["manifest_hash"]
    
        plan = "hashed-planning"
        plan_dir = tmp_path / ".megaplan" / "plans" / plan
        plan_dir.mkdir(parents=True)
        (plan_dir / "state.json").write_text(
            json.dumps(
                {
                    "name": plan,
                    "idea": "legacy",
                    "current_state": "blocked",
                    "iteration": 1,
                    "created_at": "2026-01-01T00:00:00Z",
                    "_pipeline_name": "planning",
                    "_pipeline_manifest_hash": current_hash,
                    "resume_cursor": {"phase": "execute", "pipeline": "planning"},
                    "history": [],
                    "config": {},
                    "sessions": {},
                    "plan_versions": [],
                    "meta": {},
                    "last_gate": {},
                }
            ),
            encoding="utf-8",
        )
        def runner(args: list[str], *, cwd: Path) -> tuple[int, str, str]:
            _write_execute_authority(plan_dir, task_id="hashed-resume")
            state_path = plan_dir / "state.json"
            state = json.loads(state_path.read_text(encoding="utf-8"))
            state["current_state"] = "done"
            state_path.write_text(json.dumps(state), encoding="utf-8")
            return 0, "", ""
    
        result = resume_plan(tmp_path, plan, runner=runner)
>       assert result["success"] is True
E       assert False is True

tests/resume/test_pre_m6_alias.py:186: AssertionError
----------------------------- Captured stderr call -----------------------------
huggingface/tokenizers: The current process just got forked, after parallelism has already been used. Disabling parallelism to avoid deadlocks...
To disable this warning, you can either:
	- Avoid using `tokenizers` before the fork if possible
	- Explicitly set the environment variable TOKENIZERS_PARALLELISM=(true | false)
huggingface/tokenizers: The current process just got forked, after parallelism has already been used. Disabling parallelism to avoid deadlocks...
To disable this warning, you can either:
	- Avoid using `tokenizers` before the fork if possible
	- Explicitly set the environment variable TOKENIZERS_PARALLELISM=(true | false)
________________ test_brief_epic_scaffolds_chain_and_milestones ________________

tmp_path = PosixPath('/private/tmp/mrc-gold-basetemp/shard9/test_brief_epic_scaffolds_chai0')

    def test_brief_epic_scaffolds_chain_and_milestones(tmp_path: Path) -> None:
        proc = _run_megaplan(
            [
                "brief",
                "epic",
                "Artifact Store",
                "--milestone",
                "m1-schema=Schema",
                "--milestone",
                "m2-api=API",
            ],
            cwd=tmp_path,
        )
    
        assert proc.returncode == 0, proc.stderr
        payload = json.loads(proc.stdout)
        epic_dir = tmp_path / ".megaplan" / "initiatives" / "artifact-store"
        assert payload["chain"] == str(epic_dir / "chain.yaml")
        assert (epic_dir / "briefs" / "m1-schema.md").exists()
        assert (epic_dir / "briefs" / "m2-api.md").exists()
        chain = yaml.safe_load((epic_dir / "chain.yaml").read_text(encoding="utf-8"))
        assert chain["base_branch"] == "main"
        assert chain["anchors"] == {"north_star": "NORTHSTAR.md"}
>       assert chain["milestones"] == [
            {
                "label": "m1-schema",
                "idea": ".megaplan/initiatives/artifact-store/briefs/m1-schema.md",
                "branch": "megaplan/artifact-store/m1-schema",
                "profile": "partnered-5",
                "vendor": "codex",
                "robustness": "full",
                "depth": "high",
                "with_prep": True,
            },
            {
                "label": "m2-api",
                "idea": ".megaplan/initiatives/artifact-store/briefs/m2-api.md",
                "branch": "megaplan/artifact-store/m2-api",
                "profile": "partnered-5",
                "vendor": "codex",
                "robustness": "full",
                "depth": "high",
                "with_prep": True,
            },
        ]
E       AssertionError: assert [{'branch': '...oncile', ...}] == [{'branch': '...m2-api', ...}]
E         
E         Left contains one more item: {'branch': 'reconcile/artifact-store-20260822', 'depends_on': ['m2-api'], 'idea': '.megaplan/initiatives/artifact-store/briefs/reconcile.md', 'kind': 'reconcile', ...}
E         Use -v to get more diff

tests/test_briefs_cli.py:85: AssertionError
----------------------------- Captured stderr call -----------------------------
huggingface/tokenizers: The current process just got forked, after parallelism has already been used. Disabling parallelism to avoid deadlocks...
To disable this warning, you can either:
	- Avoid using `tokenizers` before the fork if possible
	- Explicitly set the environment variable TOKENIZERS_PARALLELISM=(true | false)
___________ test_render_goal_binds_target_and_single_agent_contract ____________

    def test_render_goal_binds_target_and_single_agent_contract() -> None:
        target = "custody-control-plane-20260714 / m6-exact-contract-and-20260716-1303"
    
>       completed = subprocess.run(
            [sys.executable, str(SCRIPT), "--target", target],
            check=True,
            capture_output=True,
            text=True,
        )

tests/test_fix_the_fixer_skill.py:17: 
_ _ _ _ _ _ _ _ _ _ _ _ _ _ _ _ _ _ _ _ _ _ _ _ _ _ _ _ _ _ _ _ _ _ _ _ _ _ _ _ 

input = None, capture_output = True, timeout = None, check = True
popenargs = (['/private/tmp/mrc-gold-checkout/.venv/bin/python', '/private/tmp/mrc-gold-checkout/arnold_pipelines/megaplan/skills/...he-fixer/scripts/render_goal.py', '--target', 'custody-control-plane-20260714 / m6-exact-contract-and-20260716-1303'],)
kwargs = {'stderr': -1, 'stdout': -1, 'text': True}
process = <Popen: returncode: 1 args: ['/private/tmp/mrc-gold-checkout/.venv/bin/pytho...>
stdout = ''
stderr = 'Traceback (most recent call last):\n  File "/private/tmp/mrc-gold-checkout/arnold_pipelines/megaplan/skills/fix-the-f..._with_charge(target)\n           ^^^^^^^^^^^^^^^^^^^^^^^\nNameError: name \'render_goal_with_charge\' is not defined\n'
retcode = 1

    def run(*popenargs,
            input=None, capture_output=False, timeout=None, check=False, **kwargs):
        """Run command with arguments and return a CompletedProcess instance.
    
        The returned instance will have attributes args, returncode, stdout and
        stderr. By default, stdout and stderr are not captured, and those attributes
        will be None. Pass stdout=PIPE and/or stderr=PIPE in order to capture them,
        or pass capture_output=True to capture both.
    
        If check is True and the exit code was non-zero, it raises a
        CalledProcessError. The CalledProcessError object will have the return code
        in the returncode attribute, and output & stderr attributes if those streams
        were captured.
    
        If timeout is given, and the process takes too long, a TimeoutExpired
        exception will be raised.
    
        There is an optional argument "input", allowing you to
        pass bytes or a string to the subprocess's stdin.  If you use this argument
        you may not also use the Popen constructor's "stdin" argument, as
        it will be used internally.
    
        By default, all communication is in bytes, and therefore any "input" should
        be bytes, and the stdout and stderr will be bytes. If in text mode, any
        "input" should be a string, and stdout and stderr will be strings decoded
        according to locale encoding, or by "encoding" if set. Text mode is
        triggered by setting any of text, encoding, errors or universal_newlines.
    
        The other arguments are the same as for the Popen constructor.
        """
        if input is not None:
            if kwargs.get('stdin') is not None:
                raise ValueError('stdin and input arguments may not both be used.')
            kwargs['stdin'] = PIPE
    
        if capture_output:
            if kwargs.get('stdout') is not None or kwargs.get('stderr') is not None:
                raise ValueError('stdout and stderr arguments may not be used '
                                 'with capture_output.')
            kwargs['stdout'] = PIPE
            kwargs['stderr'] = PIPE
    
        with Popen(*popenargs, **kwargs) as process:
            try:
                stdout, stderr = process.communicate(input, timeout=timeout)
            except TimeoutExpired as exc:
                process.kill()
                if _mswindows:
                    # Windows accumulates the output in a single blocking
                    # read() call run on child threads, with the timeout
                    # being done in a join() on those threads.  communicate()
                    # _after_ kill() is required to collect that and add it
                    # to the exception.
                    exc.stdout, exc.stderr = process.communicate()
                else:
                    # POSIX _communicate already populated the output so
                    # far into the TimeoutExpired exception.
                    process.wait()
                raise
            except:  # Including KeyboardInterrupt, communicate handled that.
                process.kill()
                # We don't call process.wait() as .__exit__ does that for us.
                raise
            retcode = process.poll()
            if check and retcode:
>               raise CalledProcessError(retcode, process.args,
                                         output=stdout, stderr=stderr)
E               subprocess.CalledProcessError: Command '['/private/tmp/mrc-gold-checkout/.venv/bin/python', '/private/tmp/mrc-gold-checkout/arnold_pipelines/megaplan/skills/fix-the-fixer/scripts/render_goal.py', '--target', 'custody-control-plane-20260714 / m6-exact-contract-and-20260716-1303']' returned non-zero exit status 1.

/Users/peteromalley/.pyenv/versions/3.11.11/lib/python3.11/subprocess.py:571: CalledProcessError
----------------------------- Captured stderr call -----------------------------
huggingface/tokenizers: The current process just got forked, after parallelism has already been used. Disabling parallelism to avoid deadlocks...
To disable this warning, you can either:
	- Avoid using `tokenizers` before the fork if possible
	- Explicitly set the environment variable TOKENIZERS_PARALLELISM=(true | false)
____________ test_render_goal_preserves_target_orientation_exactly _____________

    def test_render_goal_preserves_target_orientation_exactly() -> None:
        target = "  epic alpha / session  beta  "
    
>       completed = subprocess.run(
            [sys.executable, str(SCRIPT), "--target", target],
            check=True,
            capture_output=True,
            text=True,
        )

tests/test_fix_the_fixer_skill.py:47: 
_ _ _ _ _ _ _ _ _ _ _ _ _ _ _ _ _ _ _ _ _ _ _ _ _ _ _ _ _ _ _ _ _ _ _ _ _ _ _ _ 

input = None, capture_output = True, timeout = None, check = True
popenargs = (['/private/tmp/mrc-gold-checkout/.venv/bin/python', '/private/tmp/mrc-gold-checkout/arnold_pipelines/megaplan/skills/fix-the-fixer/scripts/render_goal.py', '--target', '  epic alpha / session  beta  '],)
kwargs = {'stderr': -1, 'stdout': -1, 'text': True}
process = <Popen: returncode: 1 args: ['/private/tmp/mrc-gold-checkout/.venv/bin/pytho...>
stdout = ''
stderr = 'Traceback (most recent call last):\n  File "/private/tmp/mrc-gold-checkout/arnold_pipelines/megaplan/skills/fix-the-f..._with_charge(target)\n           ^^^^^^^^^^^^^^^^^^^^^^^\nNameError: name \'render_goal_with_charge\' is not defined\n'
retcode = 1

    def run(*popenargs,
            input=None, capture_output=False, timeout=None, check=False, **kwargs):
        """Run command with arguments and return a CompletedProcess instance.
    
        The returned instance will have attributes args, returncode, stdout and
        stderr. By default, stdout and stderr are not captured, and those attributes
        will be None. Pass stdout=PIPE and/or stderr=PIPE in order to capture them,
        or pass capture_output=True to capture both.
    
        If check is True and the exit code was non-zero, it raises a
        CalledProcessError. The CalledProcessError object will have the return code
        in the returncode attribute, and output & stderr attributes if those streams
        were captured.
    
        If timeout is given, and the process takes too long, a TimeoutExpired
        exception will be raised.
    
        There is an optional argument "input", allowing you to
        pass bytes or a string to the subprocess's stdin.  If you use this argument
        you may not also use the Popen constructor's "stdin" argument, as
        it will be used internally.
    
        By default, all communication is in bytes, and therefore any "input" should
        be bytes, and the stdout and stderr will be bytes. If in text mode, any
        "input" should be a string, and stdout and stderr will be strings decoded
        according to locale encoding, or by "encoding" if set. Text mode is
        triggered by setting any of text, encoding, errors or universal_newlines.
    
        The other arguments are the same as for the Popen constructor.
        """
        if input is not None:
            if kwargs.get('stdin') is not None:
                raise ValueError('stdin and input arguments may not both be used.')
            kwargs['stdin'] = PIPE
    
        if capture_output:
            if kwargs.get('stdout') is not None or kwargs.get('stderr') is not None:
                raise ValueError('stdout and stderr arguments may not be used '
                                 'with capture_output.')
            kwargs['stdout'] = PIPE
            kwargs['stderr'] = PIPE
    
        with Popen(*popenargs, **kwargs) as process:
            try:
                stdout, stderr = process.communicate(input, timeout=timeout)
            except TimeoutExpired as exc:
                process.kill()
                if _mswindows:
                    # Windows accumulates the output in a single blocking
                    # read() call run on child threads, with the timeout
                    # being done in a join() on those threads.  communicate()
                    # _after_ kill() is required to collect that and add it
                    # to the exception.
                    exc.stdout, exc.stderr = process.communicate()
                else:
                    # POSIX _communicate already populated the output so
                    # far into the TimeoutExpired exception.
                    process.wait()
                raise
            except:  # Including KeyboardInterrupt, communicate handled that.
                process.kill()
                # We don't call process.wait() as .__exit__ does that for us.
                raise
            retcode = process.poll()
            if check and retcode:
>               raise CalledProcessError(retcode, process.args,
                                         output=stdout, stderr=stderr)
E               subprocess.CalledProcessError: Command '['/private/tmp/mrc-gold-checkout/.venv/bin/python', '/private/tmp/mrc-gold-checkout/arnold_pipelines/megaplan/skills/fix-the-fixer/scripts/render_goal.py', '--target', '  epic alpha / session  beta  ']' returned non-zero exit status 1.

/Users/peteromalley/.pyenv/versions/3.11.11/lib/python3.11/subprocess.py:571: CalledProcessError
----------------------------- Captured stderr call -----------------------------
huggingface/tokenizers: The current process just got forked, after parallelism has already been used. Disabling parallelism to avoid deadlocks...
To disable this warning, you can either:
	- Avoid using `tokenizers` before the fork if possible
	- Explicitly set the environment variable TOKENIZERS_PARALLELISM=(true | false)
__________ test_revise_iterations_write_distinct_hashes_and_sessions ___________
arnold_pipelines.megaplan.custody.common_worker_dispatch._FailureEvidenceRecorded: failure evidence recorded

The above exception was the direct cause of the following exception:

plan_fixture = PlanFixture(root=PosixPath('/private/tmp/mrc-gold-basetemp/shard9/test_revise_iterations_write_d0/root'), project_dir=...rite_d0/root/.megaplan/plans/fixture-plan'), make_args=<function make_args_factory.<locals>._make_args at 0x3353d0cc0>)
monkeypatch = <_pytest.monkeypatch.MonkeyPatch object at 0x3350bbc90>

    def test_revise_iterations_write_distinct_hashes_and_sessions(
        plan_fixture: PlanFixture,
        monkeypatch: pytest.MonkeyPatch,
    ) -> None:
        make_args = plan_fixture.make_args
>       megaplan_handlers.handle_plan(plan_fixture.root, make_args(plan=plan_fixture.plan_name))

tests/workers/test_session_cache_regression.py:56: 
_ _ _ _ _ _ _ _ _ _ _ _ _ _ _ _ _ _ _ _ _ _ _ _ _ _ _ _ _ _ _ _ _ _ _ _ _ _ _ _ 
arnold_pipelines/megaplan/handlers/plan.py:167: in handle_plan
    worker, agent, mode, refreshed = _pkg._run_worker(
arnold_pipelines/megaplan/handlers/shared.py:414: in _run_worker
    return worker_module.run_step_with_worker(
arnold_pipelines/megaplan/workers/_impl.py:7505: in run_step_with_worker
    dispatch_result = wbc_dispatch.run(_dispatch_with_binding)
                      ^^^^^^^^^^^^^^^^^^^^^^^^^^^^^^^^^^^^^^^^
arnold_pipelines/megaplan/custody/common_worker_dispatch.py:119: in run
    raise exc from _FailureEvidenceRecorded(terminal)
arnold_pipelines/megaplan/custody/common_worker_dispatch.py:107: in run
    worker_result = dispatch(start)
                    ^^^^^^^^^^^^^^^
arnold_pipelines/megaplan/workers/_impl.py:7477: in _dispatch_with_binding
    return _run_step_with_worker_legacy(
arnold_pipelines/megaplan/workers/_impl.py:7667: in _run_step_with_worker_legacy
    require_bound_chain_spec(root, plan_name=plan_dir.name)
_ _ _ _ _ _ _ _ _ _ _ _ _ _ _ _ _ _ _ _ _ _ _ _ _ _ _ _ _ _ _ _ _ _ _ _ _ _ _ _ 

root = PosixPath('/private/tmp/mrc-gold-basetemp/shard9/test_revise_iterations_write_d0/root')

    def require_bound_chain_spec(root: Path, *, plan_name: str = "") -> Path:
        """Fail closed unless exactly one canonical execution binding owns the plan."""
    
        matches = bound_chain_spec_candidates(root, plan_name=plan_name)
        if len(matches) != 1:
            status = "missing" if not matches else "ambiguous"
>           raise CliError(
                "worker_launch_preflight_mismatch",
                f"Canonical worker runtime binding is {status} for plan "
                f"{plan_name or '<unspecified>'}: {len(matches)} candidates.",
                extra={
                    "canonical_runtime_binding": {
                        "status": status,
                        "plan_name": plan_name,
                        "candidates": [str(path.resolve(strict=False)) for path in matches],
                    }
                },
            )
E           arnold_pipelines.megaplan.types.CliError: Canonical worker runtime binding is missing for plan fixture-plan: 0 candidates.

arnold_pipelines/megaplan/chain/execution_binding.py:2183: CliError
---------------------------- Captured stderr setup -----------------------------
huggingface/tokenizers: The current process just got forked, after parallelism has already been used. Disabling parallelism to avoid deadlocks...
To disable this warning, you can either:
	- Avoid using `tokenizers` before the fork if possible
	- Explicitly set the environment variable TOKENIZERS_PARALLELISM=(true | false)
huggingface/tokenizers: The current process just got forked, after parallelism has already been used. Disabling parallelism to avoid deadlocks...
To disable this warning, you can either:
	- Avoid using `tokenizers` before the fork if possible
	- Explicitly set the environment variable TOKENIZERS_PARALLELISM=(true | false)
----------------------------- Captured stderr call -----------------------------
huggingface/tokenizers: The current process just got forked, after parallelism has already been used. Disabling parallelism to avoid deadlocks...
To disable this warning, you can either:
	- Avoid using `tokenizers` before the fork if possible
	- Explicitly set the environment variable TOKENIZERS_PARALLELISM=(true | false)
huggingface/tokenizers: The current process just got forked, after parallelism has already been used. Disabling parallelism to avoid deadlocks...
To disable this warning, you can either:
	- Avoid using `tokenizers` before the fork if possible
	- Explicitly set the environment variable TOKENIZERS_PARALLELISM=(true | false)
huggingface/tokenizers: The current process just got forked, after parallelism has already been used. Disabling parallelism to avoid deadlocks...
To disable this warning, you can either:
	- Avoid using `tokenizers` before the fork if possible
	- Explicitly set the environment variable TOKENIZERS_PARALLELISM=(true | false)
huggingface/tokenizers: The current process just got forked, after parallelism has already been used. Disabling parallelism to avoid deadlocks...
To disable this warning, you can either:
	- Avoid using `tokenizers` before the fork if possible
	- Explicitly set the environment variable TOKENIZERS_PARALLELISM=(true | false)
___________ test_dispatch_forces_fresh_for_non_execute_phases[plan] ____________

tmp_path = PosixPath('/private/tmp/mrc-gold-basetemp/shard9/test_dispatch_forces_fresh_for0')
phase = 'plan'

    @pytest.mark.parametrize(
        "phase",
        ["plan", "prep", "critique", "gate", "revise", "finalize", "review"],
    )
    def test_dispatch_forces_fresh_for_non_execute_phases(tmp_path: Path, phase: str) -> None:
        plan_dir = tmp_path / "plan"
        project_dir = tmp_path / "project"
        plan_dir.mkdir()
        project_dir.mkdir()
        state = {
            "name": "test-plan",
            "idea": "test",
            "current_state": "critiqued",
            "iteration": 1,
            "config": {"project_dir": str(project_dir), "robustness": "standard"},
            "sessions": {},
            "plan_versions": [],
            "history": [],
            "meta": {},
            "last_gate": {},
        }
        worker = WorkerResult(
            payload={},
            raw_output="{}",
            duration_ms=1,
            cost_usd=0.0,
            session_id="new-session",
        )
    
        with patch("arnold_pipelines.megaplan.workers._impl.run_codex_step", return_value=worker) as run_codex:
>           run_step_with_worker(
                phase,
                state,
                plan_dir,
                argparse.Namespace(
                    agent="codex",
                    ephemeral=False,
                    fresh=False,
                    persist=False,
                    hermes=None,
                    phase_model=[],
                ),
                root=tmp_path,
                resolved=("codex", "persistent", False, None),
            )

tests/workers/test_session_cache_regression.py:143: 
_ _ _ _ _ _ _ _ _ _ _ _ _ _ _ _ _ _ _ _ _ _ _ _ _ _ _ _ _ _ _ _ _ _ _ _ _ _ _ _ 
arnold_pipelines/megaplan/workers/_impl.py:7437: in run_step_with_worker
    return _run_step_with_worker_legacy(
arnold_pipelines/megaplan/workers/_impl.py:7667: in _run_step_with_worker_legacy
    require_bound_chain_spec(root, plan_name=plan_dir.name)
_ _ _ _ _ _ _ _ _ _ _ _ _ _ _ _ _ _ _ _ _ _ _ _ _ _ _ _ _ _ _ _ _ _ _ _ _ _ _ _ 

root = PosixPath('/private/tmp/mrc-gold-basetemp/shard9/test_dispatch_forces_fresh_for0')

    def require_bound_chain_spec(root: Path, *, plan_name: str = "") -> Path:
        """Fail closed unless exactly one canonical execution binding owns the plan."""
    
        matches = bound_chain_spec_candidates(root, plan_name=plan_name)
        if len(matches) != 1:
            status = "missing" if not matches else "ambiguous"
>           raise CliError(
                "worker_launch_preflight_mismatch",
                f"Canonical worker runtime binding is {status} for plan "
                f"{plan_name or '<unspecified>'}: {len(matches)} candidates.",
                extra={
                    "canonical_runtime_binding": {
                        "status": status,
                        "plan_name": plan_name,
                        "candidates": [str(path.resolve(strict=False)) for path in matches],
                    }
                },
            )
E           arnold_pipelines.megaplan.types.CliError: Canonical worker runtime binding is missing for plan plan: 0 candidates.

arnold_pipelines/megaplan/chain/execution_binding.py:2183: CliError
----------------------------- Captured stderr call -----------------------------
huggingface/tokenizers: The current process just got forked, after parallelism has already been used. Disabling parallelism to avoid deadlocks...
To disable this warning, you can either:
	- Avoid using `tokenizers` before the fork if possible
	- Explicitly set the environment variable TOKENIZERS_PARALLELISM=(true | false)
___________ test_dispatch_forces_fresh_for_non_execute_phases[prep] ____________

tmp_path = PosixPath('/private/tmp/mrc-gold-basetemp/shard9/test_dispatch_forces_fresh_for1')
phase = 'prep'

    @pytest.mark.parametrize(
        "phase",
        ["plan", "prep", "critique", "gate", "revise", "finalize", "review"],
    )
    def test_dispatch_forces_fresh_for_non_execute_phases(tmp_path: Path, phase: str) -> None:
        plan_dir = tmp_path / "plan"
        project_dir = tmp_path / "project"
        plan_dir.mkdir()
        project_dir.mkdir()
        state = {
            "name": "test-plan",
            "idea": "test",
            "current_state": "critiqued",
            "iteration": 1,
            "config": {"project_dir": str(project_dir), "robustness": "standard"},
            "sessions": {},
            "plan_versions": [],
            "history": [],
            "meta": {},
            "last_gate": {},
        }
        worker = WorkerResult(
            payload={},
            raw_output="{}",
            duration_ms=1,
            cost_usd=0.0,
            session_id="new-session",
        )
    
        with patch("arnold_pipelines.megaplan.workers._impl.run_codex_step", return_value=worker) as run_codex:
>           run_step_with_worker(
                phase,
                state,
                plan_dir,
                argparse.Namespace(
                    agent="codex",
                    ephemeral=False,
                    fresh=False,
                    persist=False,
                    hermes=None,
                    phase_model=[],
                ),
                root=tmp_path,
                resolved=("codex", "persistent", False, None),
            )

tests/workers/test_session_cache_regression.py:143: 
_ _ _ _ _ _ _ _ _ _ _ _ _ _ _ _ _ _ _ _ _ _ _ _ _ _ _ _ _ _ _ _ _ _ _ _ _ _ _ _ 
arnold_pipelines/megaplan/workers/_impl.py:7437: in run_step_with_worker
    return _run_step_with_worker_legacy(
arnold_pipelines/megaplan/workers/_impl.py:7667: in _run_step_with_worker_legacy
    require_bound_chain_spec(root, plan_name=plan_dir.name)
_ _ _ _ _ _ _ _ _ _ _ _ _ _ _ _ _ _ _ _ _ _ _ _ _ _ _ _ _ _ _ _ _ _ _ _ _ _ _ _ 

root = PosixPath('/private/tmp/mrc-gold-basetemp/shard9/test_dispatch_forces_fresh_for1')

    def require_bound_chain_spec(root: Path, *, plan_name: str = "") -> Path:
        """Fail closed unless exactly one canonical execution binding owns the plan."""
    
        matches = bound_chain_spec_candidates(root, plan_name=plan_name)
        if len(matches) != 1:
            status = "missing" if not matches else "ambiguous"
>           raise CliError(
                "worker_launch_preflight_mismatch",
                f"Canonical worker runtime binding is {status} for plan "
                f"{plan_name or '<unspecified>'}: {len(matches)} candidates.",
                extra={
                    "canonical_runtime_binding": {
                        "status": status,
                        "plan_name": plan_name,
                        "candidates": [str(path.resolve(strict=False)) for path in matches],
                    }
                },
            )
E           arnold_pipelines.megaplan.types.CliError: Canonical worker runtime binding is missing for plan plan: 0 candidates.

arnold_pipelines/megaplan/chain/execution_binding.py:2183: CliError
----------------------------- Captured stderr call -----------------------------
huggingface/tokenizers: The current process just got forked, after parallelism has already been used. Disabling parallelism to avoid deadlocks...
To disable this warning, you can either:
	- Avoid using `tokenizers` before the fork if possible
	- Explicitly set the environment variable TOKENIZERS_PARALLELISM=(true | false)
_________ test_dispatch_forces_fresh_for_non_execute_phases[critique] __________

tmp_path = PosixPath('/private/tmp/mrc-gold-basetemp/shard9/test_dispatch_forces_fresh_for2')
phase = 'critique'

    @pytest.mark.parametrize(
        "phase",
        ["plan", "prep", "critique", "gate", "revise", "finalize", "review"],
    )
    def test_dispatch_forces_fresh_for_non_execute_phases(tmp_path: Path, phase: str) -> None:
        plan_dir = tmp_path / "plan"
        project_dir = tmp_path / "project"
        plan_dir.mkdir()
        project_dir.mkdir()
        state = {
            "name": "test-plan",
            "idea": "test",
            "current_state": "critiqued",
            "iteration": 1,
            "config": {"project_dir": str(project_dir), "robustness": "standard"},
            "sessions": {},
            "plan_versions": [],
            "history": [],
            "meta": {},
            "last_gate": {},
        }
        worker = WorkerResult(
            payload={},
            raw_output="{}",
            duration_ms=1,
            cost_usd=0.0,
            session_id="new-session",
        )
    
        with patch("arnold_pipelines.megaplan.workers._impl.run_codex_step", return_value=worker) as run_codex:
>           run_step_with_worker(
                phase,
                state,
                plan_dir,
                argparse.Namespace(
                    agent="codex",
                    ephemeral=False,
                    fresh=False,
                    persist=False,
                    hermes=None,
                    phase_model=[],
                ),
                root=tmp_path,
                resolved=("codex", "persistent", False, None),
            )

tests/workers/test_session_cache_regression.py:143: 
_ _ _ _ _ _ _ _ _ _ _ _ _ _ _ _ _ _ _ _ _ _ _ _ _ _ _ _ _ _ _ _ _ _ _ _ _ _ _ _ 
arnold_pipelines/megaplan/workers/_impl.py:7437: in run_step_with_worker
    return _run_step_with_worker_legacy(
arnold_pipelines/megaplan/workers/_impl.py:7667: in _run_step_with_worker_legacy
    require_bound_chain_spec(root, plan_name=plan_dir.name)
_ _ _ _ _ _ _ _ _ _ _ _ _ _ _ _ _ _ _ _ _ _ _ _ _ _ _ _ _ _ _ _ _ _ _ _ _ _ _ _ 

root = PosixPath('/private/tmp/mrc-gold-basetemp/shard9/test_dispatch_forces_fresh_for2')

    def require_bound_chain_spec(root: Path, *, plan_name: str = "") -> Path:
        """Fail closed unless exactly one canonical execution binding owns the plan."""
    
        matches = bound_chain_spec_candidates(root, plan_name=plan_name)
        if len(matches) != 1:
            status = "missing" if not matches else "ambiguous"
>           raise CliError(
                "worker_launch_preflight_mismatch",
                f"Canonical worker runtime binding is {status} for plan "
                f"{plan_name or '<unspecified>'}: {len(matches)} candidates.",
                extra={
                    "canonical_runtime_binding": {
                        "status": status,
                        "plan_name": plan_name,
                        "candidates": [str(path.resolve(strict=False)) for path in matches],
                    }
                },
            )
E           arnold_pipelines.megaplan.types.CliError: Canonical worker runtime binding is missing for plan plan: 0 candidates.

arnold_pipelines/megaplan/chain/execution_binding.py:2183: CliError
----------------------------- Captured stderr call -----------------------------
huggingface/tokenizers: The current process just got forked, after parallelism has already been used. Disabling parallelism to avoid deadlocks...
To disable this warning, you can either:
	- Avoid using `tokenizers` before the fork if possible
	- Explicitly set the environment variable TOKENIZERS_PARALLELISM=(true | false)
___________ test_dispatch_forces_fresh_for_non_execute_phases[gate] ____________

tmp_path = PosixPath('/private/tmp/mrc-gold-basetemp/shard9/test_dispatch_forces_fresh_for3')
phase = 'gate'

    @pytest.mark.parametrize(
        "phase",
        ["plan", "prep", "critique", "gate", "revise", "finalize", "review"],
    )
    def test_dispatch_forces_fresh_for_non_execute_phases(tmp_path: Path, phase: str) -> None:
        plan_dir = tmp_path / "plan"
        project_dir = tmp_path / "project"
        plan_dir.mkdir()
        project_dir.mkdir()
        state = {
            "name": "test-plan",
            "idea": "test",
            "current_state": "critiqued",
            "iteration": 1,
            "config": {"project_dir": str(project_dir), "robustness": "standard"},
            "sessions": {},
            "plan_versions": [],
            "history": [],
            "meta": {},
            "last_gate": {},
        }
        worker = WorkerResult(
            payload={},
            raw_output="{}",
            duration_ms=1,
            cost_usd=0.0,
            session_id="new-session",
        )
    
        with patch("arnold_pipelines.megaplan.workers._impl.run_codex_step", return_value=worker) as run_codex:
>           run_step_with_worker(
                phase,
                state,
                plan_dir,
                argparse.Namespace(
                    agent="codex",
                    ephemeral=False,
                    fresh=False,
                    persist=False,
                    hermes=None,
                    phase_model=[],
                ),
                root=tmp_path,
                resolved=("codex", "persistent", False, None),
            )

tests/workers/test_session_cache_regression.py:143: 
_ _ _ _ _ _ _ _ _ _ _ _ _ _ _ _ _ _ _ _ _ _ _ _ _ _ _ _ _ _ _ _ _ _ _ _ _ _ _ _ 
arnold_pipelines/megaplan/workers/_impl.py:7437: in run_step_with_worker
    return _run_step_with_worker_legacy(
arnold_pipelines/megaplan/workers/_impl.py:7667: in _run_step_with_worker_legacy
    require_bound_chain_spec(root, plan_name=plan_dir.name)
_ _ _ _ _ _ _ _ _ _ _ _ _ _ _ _ _ _ _ _ _ _ _ _ _ _ _ _ _ _ _ _ _ _ _ _ _ _ _ _ 

root = PosixPath('/private/tmp/mrc-gold-basetemp/shard9/test_dispatch_forces_fresh_for3')

    def require_bound_chain_spec(root: Path, *, plan_name: str = "") -> Path:
        """Fail closed unless exactly one canonical execution binding owns the plan."""
    
        matches = bound_chain_spec_candidates(root, plan_name=plan_name)
        if len(matches) != 1:
            status = "missing" if not matches else "ambiguous"
>           raise CliError(
                "worker_launch_preflight_mismatch",
                f"Canonical worker runtime binding is {status} for plan "
                f"{plan_name or '<unspecified>'}: {len(matches)} candidates.",
                extra={
                    "canonical_runtime_binding": {
                        "status": status,
                        "plan_name": plan_name,
                        "candidates": [str(path.resolve(strict=False)) for path in matches],
                    }
                },
            )
E           arnold_pipelines.megaplan.types.CliError: Canonical worker runtime binding is missing for plan plan: 0 candidates.

arnold_pipelines/megaplan/chain/execution_binding.py:2183: CliError
----------------------------- Captured stderr call -----------------------------
huggingface/tokenizers: The current process just got forked, after parallelism has already been used. Disabling parallelism to avoid deadlocks...
To disable this warning, you can either:
	- Avoid using `tokenizers` before the fork if possible
	- Explicitly set the environment variable TOKENIZERS_PARALLELISM=(true | false)
__________ test_dispatch_forces_fresh_for_non_execute_phases[revise] ___________

tmp_path = PosixPath('/private/tmp/mrc-gold-basetemp/shard9/test_dispatch_forces_fresh_for4')
phase = 'revise'

    @pytest.mark.parametrize(
        "phase",
        ["plan", "prep", "critique", "gate", "revise", "finalize", "review"],
    )
    def test_dispatch_forces_fresh_for_non_execute_phases(tmp_path: Path, phase: str) -> None:
        plan_dir = tmp_path / "plan"
        project_dir = tmp_path / "project"
        plan_dir.mkdir()
        project_dir.mkdir()
        state = {
            "name": "test-plan",
            "idea": "test",
            "current_state": "critiqued",
            "iteration": 1,
            "config": {"project_dir": str(project_dir), "robustness": "standard"},
            "sessions": {},
            "plan_versions": [],
            "history": [],
            "meta": {},
            "last_gate": {},
        }
        worker = WorkerResult(
            payload={},
            raw_output="{}",
            duration_ms=1,
            cost_usd=0.0,
            session_id="new-session",
        )
    
        with patch("arnold_pipelines.megaplan.workers._impl.run_codex_step", return_value=worker) as run_codex:
>           run_step_with_worker(
                phase,
                state,
                plan_dir,
                argparse.Namespace(
                    agent="codex",
                    ephemeral=False,
                    fresh=False,
                    persist=False,
                    hermes=None,
                    phase_model=[],
                ),
                root=tmp_path,
                resolved=("codex", "persistent", False, None),
            )

tests/workers/test_session_cache_regression.py:143: 
_ _ _ _ _ _ _ _ _ _ _ _ _ _ _ _ _ _ _ _ _ _ _ _ _ _ _ _ _ _ _ _ _ _ _ _ _ _ _ _ 
arnold_pipelines/megaplan/workers/_impl.py:7437: in run_step_with_worker
    return _run_step_with_worker_legacy(
arnold_pipelines/megaplan/workers/_impl.py:7667: in _run_step_with_worker_legacy
    require_bound_chain_spec(root, plan_name=plan_dir.name)
_ _ _ _ _ _ _ _ _ _ _ _ _ _ _ _ _ _ _ _ _ _ _ _ _ _ _ _ _ _ _ _ _ _ _ _ _ _ _ _ 

root = PosixPath('/private/tmp/mrc-gold-basetemp/shard9/test_dispatch_forces_fresh_for4')

    def require_bound_chain_spec(root: Path, *, plan_name: str = "") -> Path:
        """Fail closed unless exactly one canonical execution binding owns the plan."""
    
        matches = bound_chain_spec_candidates(root, plan_name=plan_name)
        if len(matches) != 1:
            status = "missing" if not matches else "ambiguous"
>           raise CliError(
                "worker_launch_preflight_mismatch",
                f"Canonical worker runtime binding is {status} for plan "
                f"{plan_name or '<unspecified>'}: {len(matches)} candidates.",
                extra={
                    "canonical_runtime_binding": {
                        "status": status,
                        "plan_name": plan_name,
                        "candidates": [str(path.resolve(strict=False)) for path in matches],
                    }
                },
            )
E           arnold_pipelines.megaplan.types.CliError: Canonical worker runtime binding is missing for plan plan: 0 candidates.

arnold_pipelines/megaplan/chain/execution_binding.py:2183: CliError
----------------------------- Captured stderr call -----------------------------
huggingface/tokenizers: The current process just got forked, after parallelism has already been used. Disabling parallelism to avoid deadlocks...
To disable this warning, you can either:
	- Avoid using `tokenizers` before the fork if possible
	- Explicitly set the environment variable TOKENIZERS_PARALLELISM=(true | false)
_________ test_dispatch_forces_fresh_for_non_execute_phases[finalize] __________

tmp_path = PosixPath('/private/tmp/mrc-gold-basetemp/shard9/test_dispatch_forces_fresh_for5')
phase = 'finalize'

    @pytest.mark.parametrize(
        "phase",
        ["plan", "prep", "critique", "gate", "revise", "finalize", "review"],
    )
    def test_dispatch_forces_fresh_for_non_execute_phases(tmp_path: Path, phase: str) -> None:
        plan_dir = tmp_path / "plan"
        project_dir = tmp_path / "project"
        plan_dir.mkdir()
        project_dir.mkdir()
        state = {
            "name": "test-plan",
            "idea": "test",
            "current_state": "critiqued",
            "iteration": 1,
            "config": {"project_dir": str(project_dir), "robustness": "standard"},
            "sessions": {},
            "plan_versions": [],
            "history": [],
            "meta": {},
            "last_gate": {},
        }
        worker = WorkerResult(
            payload={},
            raw_output="{}",
            duration_ms=1,
            cost_usd=0.0,
            session_id="new-session",
        )
    
        with patch("arnold_pipelines.megaplan.workers._impl.run_codex_step", return_value=worker) as run_codex:
>           run_step_with_worker(
                phase,
                state,
                plan_dir,
                argparse.Namespace(
                    agent="codex",
                    ephemeral=False,
                    fresh=False,
                    persist=False,
                    hermes=None,
                    phase_model=[],
                ),
                root=tmp_path,
                resolved=("codex", "persistent", False, None),
            )

tests/workers/test_session_cache_regression.py:143: 
_ _ _ _ _ _ _ _ _ _ _ _ _ _ _ _ _ _ _ _ _ _ _ _ _ _ _ _ _ _ _ _ _ _ _ _ _ _ _ _ 
arnold_pipelines/megaplan/workers/_impl.py:7437: in run_step_with_worker
    return _run_step_with_worker_legacy(
arnold_pipelines/megaplan/workers/_impl.py:7667: in _run_step_with_worker_legacy
    require_bound_chain_spec(root, plan_name=plan_dir.name)
_ _ _ _ _ _ _ _ _ _ _ _ _ _ _ _ _ _ _ _ _ _ _ _ _ _ _ _ _ _ _ _ _ _ _ _ _ _ _ _ 

root = PosixPath('/private/tmp/mrc-gold-basetemp/shard9/test_dispatch_forces_fresh_for5')

    def require_bound_chain_spec(root: Path, *, plan_name: str = "") -> Path:
        """Fail closed unless exactly one canonical execution binding owns the plan."""
    
        matches = bound_chain_spec_candidates(root, plan_name=plan_name)
        if len(matches) != 1:
            status = "missing" if not matches else "ambiguous"
>           raise CliError(
                "worker_launch_preflight_mismatch",
                f"Canonical worker runtime binding is {status} for plan "
                f"{plan_name or '<unspecified>'}: {len(matches)} candidates.",
                extra={
                    "canonical_runtime_binding": {
                        "status": status,
                        "plan_name": plan_name,
                        "candidates": [str(path.resolve(strict=False)) for path in matches],
                    }
                },
            )
E           arnold_pipelines.megaplan.types.CliError: Canonical worker runtime binding is missing for plan plan: 0 candidates.

arnold_pipelines/megaplan/chain/execution_binding.py:2183: CliError
----------------------------- Captured stderr call -----------------------------
huggingface/tokenizers: The current process just got forked, after parallelism has already been used. Disabling parallelism to avoid deadlocks...
To disable this warning, you can either:
	- Avoid using `tokenizers` before the fork if possible
	- Explicitly set the environment variable TOKENIZERS_PARALLELISM=(true | false)
__________ test_dispatch_forces_fresh_for_non_execute_phases[review] ___________

tmp_path = PosixPath('/private/tmp/mrc-gold-basetemp/shard9/test_dispatch_forces_fresh_for6')
phase = 'review'

    @pytest.mark.parametrize(
        "phase",
        ["plan", "prep", "critique", "gate", "revise", "finalize", "review"],
    )
    def test_dispatch_forces_fresh_for_non_execute_phases(tmp_path: Path, phase: str) -> None:
        plan_dir = tmp_path / "plan"
        project_dir = tmp_path / "project"
        plan_dir.mkdir()
        project_dir.mkdir()
        state = {
            "name": "test-plan",
            "idea": "test",
            "current_state": "critiqued",
            "iteration": 1,
            "config": {"project_dir": str(project_dir), "robustness": "standard"},
            "sessions": {},
            "plan_versions": [],
            "history": [],
            "meta": {},
            "last_gate": {},
        }
        worker = WorkerResult(
            payload={},
            raw_output="{}",
            duration_ms=1,
            cost_usd=0.0,
            session_id="new-session",
        )
    
        with patch("arnold_pipelines.megaplan.workers._impl.run_codex_step", return_value=worker) as run_codex:
>           run_step_with_worker(
                phase,
                state,
                plan_dir,
                argparse.Namespace(
                    agent="codex",
                    ephemeral=False,
                    fresh=False,
                    persist=False,
                    hermes=None,
                    phase_model=[],
                ),
                root=tmp_path,
                resolved=("codex", "persistent", False, None),
            )

tests/workers/test_session_cache_regression.py:143: 
_ _ _ _ _ _ _ _ _ _ _ _ _ _ _ _ _ _ _ _ _ _ _ _ _ _ _ _ _ _ _ _ _ _ _ _ _ _ _ _ 
arnold_pipelines/megaplan/workers/_impl.py:7437: in run_step_with_worker
    return _run_step_with_worker_legacy(
arnold_pipelines/megaplan/workers/_impl.py:7667: in _run_step_with_worker_legacy
    require_bound_chain_spec(root, plan_name=plan_dir.name)
_ _ _ _ _ _ _ _ _ _ _ _ _ _ _ _ _ _ _ _ _ _ _ _ _ _ _ _ _ _ _ _ _ _ _ _ _ _ _ _ 

root = PosixPath('/private/tmp/mrc-gold-basetemp/shard9/test_dispatch_forces_fresh_for6')

    def require_bound_chain_spec(root: Path, *, plan_name: str = "") -> Path:
        """Fail closed unless exactly one canonical execution binding owns the plan."""
    
        matches = bound_chain_spec_candidates(root, plan_name=plan_name)
        if len(matches) != 1:
            status = "missing" if not matches else "ambiguous"
>           raise CliError(
                "worker_launch_preflight_mismatch",
                f"Canonical worker runtime binding is {status} for plan "
                f"{plan_name or '<unspecified>'}: {len(matches)} candidates.",
                extra={
                    "canonical_runtime_binding": {
                        "status": status,
                        "plan_name": plan_name,
                        "candidates": [str(path.resolve(strict=False)) for path in matches],
                    }
                },
            )
E           arnold_pipelines.megaplan.types.CliError: Canonical worker runtime binding is missing for plan plan: 0 candidates.

arnold_pipelines/megaplan/chain/execution_binding.py:2183: CliError
----------------------------- Captured stderr call -----------------------------
huggingface/tokenizers: The current process just got forked, after parallelism has already been used. Disabling parallelism to avoid deadlocks...
To disable this warning, you can either:
	- Avoid using `tokenizers` before the fork if possible
	- Explicitly set the environment variable TOKENIZERS_PARALLELISM=(true | false)
_________________ test_dispatch_preserves_execute_persistence __________________

tmp_path = PosixPath('/private/tmp/mrc-gold-basetemp/shard9/test_dispatch_preserves_execut0')

    def test_dispatch_preserves_execute_persistence(tmp_path: Path) -> None:
        plan_dir = tmp_path / "plan"
        project_dir = tmp_path / "project"
        plan_dir.mkdir()
        project_dir.mkdir()
        state = {
            "name": "test-plan",
            "idea": "test",
            "current_state": "finalized",
            "iteration": 1,
            "config": {"project_dir": str(project_dir), "robustness": "standard"},
            "sessions": {"codex_executor": {"id": "old-session"}},
            "plan_versions": [],
            "history": [],
            "meta": {},
            "last_gate": {},
        }
        worker = WorkerResult(
            payload={},
            raw_output="{}",
            duration_ms=1,
            cost_usd=0.0,
            session_id="old-session",
        )
    
        with patch("arnold_pipelines.megaplan.workers._impl.run_codex_step", return_value=worker) as run_codex:
>           run_step_with_worker(
                "execute",
                state,
                plan_dir,
                argparse.Namespace(
                    agent="codex",
                    ephemeral=False,
                    fresh=False,
                    persist=False,
                    hermes=None,
                    phase_model=[],
                ),
                root=tmp_path,
                resolved=("codex", "persistent", False, None),
            )

tests/workers/test_session_cache_regression.py:188: 
_ _ _ _ _ _ _ _ _ _ _ _ _ _ _ _ _ _ _ _ _ _ _ _ _ _ _ _ _ _ _ _ _ _ _ _ _ _ _ _ 
arnold_pipelines/megaplan/workers/_impl.py:7437: in run_step_with_worker
    return _run_step_with_worker_legacy(
arnold_pipelines/megaplan/workers/_impl.py:7667: in _run_step_with_worker_legacy
    require_bound_chain_spec(root, plan_name=plan_dir.name)
_ _ _ _ _ _ _ _ _ _ _ _ _ _ _ _ _ _ _ _ _ _ _ _ _ _ _ _ _ _ _ _ _ _ _ _ _ _ _ _ 

root = PosixPath('/private/tmp/mrc-gold-basetemp/shard9/test_dispatch_preserves_execut0')

    def require_bound_chain_spec(root: Path, *, plan_name: str = "") -> Path:
        """Fail closed unless exactly one canonical execution binding owns the plan."""
    
        matches = bound_chain_spec_candidates(root, plan_name=plan_name)
        if len(matches) != 1:
            status = "missing" if not matches else "ambiguous"
>           raise CliError(
                "worker_launch_preflight_mismatch",
                f"Canonical worker runtime binding is {status} for plan "
                f"{plan_name or '<unspecified>'}: {len(matches)} candidates.",
                extra={
                    "canonical_runtime_binding": {
                        "status": status,
                        "plan_name": plan_name,
                        "candidates": [str(path.resolve(strict=False)) for path in matches],
                    }
                },
            )
E           arnold_pipelines.megaplan.types.CliError: Canonical worker runtime binding is missing for plan plan: 0 candidates.

arnold_pipelines/megaplan/chain/execution_binding.py:2183: CliError
----------------------------- Captured stderr call -----------------------------
huggingface/tokenizers: The current process just got forked, after parallelism has already been used. Disabling parallelism to avoid deadlocks...
To disable this warning, you can either:
	- Avoid using `tokenizers` before the fork if possible
	- Explicitly set the environment variable TOKENIZERS_PARALLELISM=(true | false)
=============================== warnings summary ===============================
tests/arnold_pipelines/megaplan/test_initiative_scaffold.py::test_cloud_preflight_rejects_human_gated_policy_without_override
tests/arnold_pipelines/megaplan/test_initiative_scaffold.py::test_cloud_preflight_rejects_human_gated_policy_without_override
  /private/tmp/mrc-gold-checkout/arnold_pipelines/megaplan/chain/spec.py:1996: UserWarning: merge_policy should only be set away from `auto` when the user explicitly requests a human PR merge gate after every milestone; `review` will park unattended/cloud chains at awaiting_pr_merge.
    return ChainSpec.from_dict(raw or {})

tests/resident/test_request_summary_contract.py::test_direct_message_is_injected_and_response_is_not_normalized
  /Users/peteromalley/.pyenv/versions/3.11.11/lib/python3.11/site-packages/huggingface_hub/file_download.py:1727: DeprecationWarning: hf_xet.download_files() is deprecated. Use XetSession().new_file_download_group().start_download_file() instead.
    xet_get(

-- Docs: https://docs.pytest.org/en/stable/how-to/capture-warnings.html
=========================== short test summary info ============================
FAILED tests/arnold/pipeline/test_public_contract_imports.py::test_graph_era_symbols_absent_from_root_all
FAILED tests/arnold_pipelines/megaplan/chain/test_canary_rehearsal.py::test_canary_rehearsal_full_sequence_with_rollback_injection
FAILED tests/arnold_pipelines/megaplan/chain/test_canary_rehearsal.py::test_canary_rehearsal_identityless_adoption_sequence
FAILED tests/arnold_pipelines/megaplan/migration/test_occurrence_child_migration.py::test_prepare_is_provider_free_and_deterministic
FAILED tests/arnold_pipelines/megaplan/migration/test_occurrence_child_migration.py::test_commit_replay_is_idempotent_and_has_one_child
FAILED tests/arnold_pipelines/megaplan/migration/test_occurrence_child_migration.py::test_tampered_prepared_selector_is_rejected
FAILED tests/arnold_pipelines/megaplan/migration/test_occurrence_child_migration.py::test_existing_child_with_divergent_owner_identity_is_conflict
FAILED tests/arnold_pipelines/megaplan/migration/test_occurrence_child_migration.py::test_crash_after_parent_and_child_steps_recovers_without_provider
FAILED tests/arnold_pipelines/megaplan/migration/test_occurrence_child_migration.py::test_stale_owner_cursor_fails_closed_before_parent_mutation
FAILED tests/arnold_pipelines/megaplan/migration/test_owner_adapters.py::test_prepare_rejects_r5_projection_without_authority_records
FAILED tests/arnold_pipelines/megaplan/test_baseline_capture_guard.py::test_git_tree_guard_refuses_dirty_repo_root
FAILED tests/arnold_pipelines/megaplan/test_cloud_quickstart.py::test_cloud_quickstart_generates_canonical_initiative_from_one_brief
FAILED tests/arnold_pipelines/megaplan/test_cloud_quickstart.py::test_cloud_quickstart_stdout_is_single_json_payload
FAILED tests/arnold_pipelines/megaplan/test_cloud_quickstart.py::test_cloud_quickstart_can_infer_extra_repo_workspace_from_role
FAILED tests/arnold_pipelines/megaplan/test_cloud_quickstart.py::test_cloud_quickstart_extra_repo_supports_branch_and_workspace_override
FAILED tests/arnold_pipelines/megaplan/test_cloud_quickstart.py::test_cloud_quickstart_extra_repo_keeps_legacy_url_workspace_form
FAILED tests/arnold_pipelines/megaplan/test_cloud_quickstart.py::test_multi_sprint_cloud_preflight_blocks_thin_north_star
FAILED tests/arnold_pipelines/megaplan/test_cloud_quickstart.py::test_multi_sprint_cloud_preflight_accepts_filled_north_star
FAILED tests/arnold_pipelines/megaplan/test_custody_control_plane_unattended_policy.py::test_m5a_acceptance_gate_preserves_systemic_repair_goal_custody
FAILED tests/arnold_pipelines/megaplan/test_partnered_5_glm_profile.py::test_partnered_5_glm_preserves_phase_shape_with_finalize_as_only_gpt_route
FAILED tests/arnold_pipelines/megaplan/test_partnered_5_glm_profile.py::test_partnered_5_glm_preserves_non_gpt_phase_and_critique_routes
FAILED tests/arnold_pipelines/megaplan/test_phase_handoff_custody.py::test_execute_success_atomically_arms_recoverable_review_handoff
FAILED tests/arnold_pipelines/megaplan/test_phase_handoff_custody.py::test_authoritative_execute_complete_transition_still_arms_recovery
FAILED tests/cloud/test_manual_repair_trigger.py::test_manual_trigger_uses_simple_fixer_delegation
FAILED tests/cloud/test_manual_repair_trigger.py::test_manual_trigger_rejects_legacy_trigger_bin
FAILED tests/cloud/test_manual_repair_trigger.py::test_manual_trigger_rejects_changed_evidence_before_queue_mutation
FAILED tests/cloud/test_manual_repair_trigger.py::test_manual_trigger_derives_frozen_cursor_from_matching_terminal_history
FAILED tests/cloud/test_manual_repair_trigger.py::test_manual_trigger_rejects_terminal_history_from_a_different_phase
FAILED tests/cloud/test_post_fixer_recovery_gate.py::test_false_success_without_live_canonical_runner_escalates_with_transcript_refs
FAILED tests/cloud/test_post_fixer_recovery_gate.py::test_bounded_followup_without_continued_progress_fails_closed
FAILED tests/cloud/test_watchdog_pr_reconciliation.py::test_watchdog_pr_reconciliation_fetches_missing_merge_and_relaunches_auto_chain
FAILED tests/cloud/test_watchdog_pr_reconciliation.py::test_watchdog_pr_reconciliation_open_pr_queues_repair_evidence_without_relaunch
FAILED tests/cloud/test_watchdog_pr_reconciliation.py::test_watchdog_pr_reconciliation_preserves_existing_repair_evidence_when_still_waiting
FAILED tests/cloud/test_watchdog_wrappers.py::test_long_running_superfixer_wrappers_pin_syntax_checked_source_snapshot[arnold-watchdog-ARNOLD_WATCHDOG]
FAILED tests/cloud/test_watchdog_wrappers.py::test_host_watchdog_ensure_starts_shell_wrapped_watchdog_and_verifies_liveness
FAILED tests/cloud/test_watchdog_wrappers.py::test_watchdog_kimi_operator_running_falls_back_to_pgid_pidfile_and_clear_removes_it
FAILED tests/cloud/test_watchdog_wrappers.py::test_watchdog_auto_policy_merged_pr_fetches_origin_but_unknown_liveness_fences_relaunch
FAILED tests/cloud/test_watchdog_wrappers.py::test_watchdog_auto_policy_open_pr_queues_evidence_and_preserves_wait
FAILED tests/cloud/test_watchdog_wrappers.py::test_watchdog_relaunch_materializers_are_non_authoritative
FAILED tests/cloud/test_watchdog_wrappers.py::test_watchdog_relaunch_commands_bind_only_accepted_root_on_pythonpath[watchdog]
FAILED tests/cloud/test_watchdog_wrappers.py::test_watchdog_relaunch_launch_ignores_poisoned_shared_root_pythonpath[watchdog]
FAILED tests/cloud/test_watchdog_wrappers.py::test_watchdog_plan_markers_relaunch_with_auto_not_chain_start
FAILED tests/cloud/test_watchdog_wrappers.py::test_watchdog_stale_marker_relaunch_command_regenerates_clean_runtime_chain_command
FAILED tests/cloud/test_watchdog_wrappers.py::test_watchdog_nonstale_marker_relaunch_command_is_preserved
FAILED tests/cloud/test_watchdog_wrappers.py::test_chain_resume_authority_outranks_marker_command_and_discovers_plan[watchdog]
FAILED tests/cloud/test_watchdog_wrappers.py::test_persisted_push_capable_marker_command_is_always_regenerated[watchdog]
FAILED tests/cloud/test_watchdog_wrappers.py::test_persisted_install_capable_marker_command_is_always_regenerated[watchdog]
FAILED tests/cloud/test_watchdog_wrappers.py::test_persisted_shared_root_invocation_marker_is_regenerated[/workspace/arnold/bin/python -P -m arnold_pipelines.megaplan chain start --spec chain.yaml-watchdog]
FAILED tests/cloud/test_watchdog_wrappers.py::test_persisted_shared_root_invocation_marker_is_regenerated[env ARNOLD_SRC=/workspace/arnold /workspace/arnold/bin/python -P -m arnold_pipelines.megaplan chain start-watchdog]
FAILED tests/cloud/test_watchdog_wrappers.py::test_persisted_per_epic_invocation_marker_is_preserved[watchdog]
FAILED tests/cloud/test_watchdog_wrappers.py::test_persisted_shared_root_param_expansion_marker_is_regenerated[MEGAPLAN_RUNTIME_SRC=${MEGAPLAN_RUNTIME_SRC:-/workspace/arnold} python -P -m arnold_pipelines.megaplan chain start --spec chain.yaml-watchdog]
FAILED tests/cloud/test_watchdog_wrappers.py::test_persisted_shared_root_param_expansion_marker_is_regenerated[cd ${MEGAPLAN_RUNTIME_SRC:=/workspace/arnold} && python -P -m arnold_pipelines.megaplan chain start --spec chain.yaml-watchdog]
FAILED tests/cloud/test_watchdog_wrappers.py::test_persisted_shared_root_param_expansion_marker_is_regenerated[${MEGAPLAN_RUNTIME_SRC:+/workspace/arnold}/bin/python -P -m arnold_pipelines.megaplan chain start --spec chain.yaml-watchdog]
FAILED tests/cloud/test_watchdog_wrappers.py::test_persisted_per_epic_param_expansion_marker_is_preserved[watchdog]
FAILED tests/cloud/test_watchdog_wrappers.py::test_persisted_foreign_per_epic_marker_command_is_regenerated[PYTHONPATH=/workspace/runtime-candidates/arnold-old:${PYTHONPATH:-} python -P -m arnold_pipelines.megaplan chain start --spec chain.yaml-watchdog]
FAILED tests/cloud/test_watchdog_wrappers.py::test_persisted_foreign_per_epic_marker_command_is_regenerated[cd /workspace/runtime-candidates/arnold-old && python -P -m arnold_pipelines.megaplan chain start --spec chain.yaml-watchdog]
FAILED tests/cloud/test_watchdog_wrappers.py::test_persisted_foreign_per_epic_marker_command_is_regenerated[/workspace/runtime-candidates/arnold-old/bin/python -P -m arnold_pipelines.megaplan chain start --spec chain.yaml-watchdog]
FAILED tests/cloud/test_watchdog_wrappers.py::test_persisted_accepted_root_marker_command_is_preserved[cd {root} && python -P -m arnold_pipelines.megaplan chain start --spec chain.yaml-watchdog]
FAILED tests/cloud/test_watchdog_wrappers.py::test_persisted_accepted_root_marker_command_is_preserved[PYTHONPATH={root}:${{PYTHONPATH:-}} python -P -m arnold_pipelines.megaplan chain start --spec chain.yaml-watchdog]
FAILED tests/cloud/test_watchdog_wrappers.py::test_persisted_accepted_root_marker_command_is_preserved[{root}/bin/python -P -m arnold_pipelines.megaplan chain start --spec chain.yaml-watchdog]
FAILED tests/cloud/test_watchdog_wrappers.py::test_watchdog_chain_relaunch_prefers_plan_resume_for_external_resume_required
FAILED tests/cloud/test_watchdog_wrappers.py::test_watchdog_manual_review_plan_state_reports_needs_human_not_complete
FAILED tests/cloud/test_watchdog_wrappers.py::test_watchdog_blocked_recovery_manual_review_dispatches_repair_before_needs_human
FAILED tests/cloud/test_watchdog_wrappers.py::test_watchdog_auto_stall_manual_review_dispatches_repair_before_needs_human
FAILED tests/cloud/test_watchdog_wrappers.py::test_watchdog_legacy_stalled_manual_review_dispatches_repair_before_needs_human
FAILED tests/cloud/test_watchdog_wrappers.py::test_watchdog_awaiting_human_plan_state_routes_to_notification_not_repair
FAILED tests/cloud/test_watchdog_wrappers.py::test_watchdog_awaiting_human_verify_prep_routes_to_notification_not_repair
FAILED tests/cloud/test_watchdog_wrappers.py::test_watchdog_nonterminal_plan_state_mechanically_relaunches_before_kimi
FAILED tests/cloud/test_watchdog_wrappers.py::test_watchdog_direct_relaunch_emits_fallback_events_before_launch
FAILED tests/cloud/test_watchdog_wrappers.py::test_watchdog_direct_relaunch_ledger_failure_blocks_marker_and_launch
FAILED tests/cloud/test_watchdog_wrappers.py::test_watchdog_launch_tick_missing_manifest_pin_fails_closed_before_install_and_tmux
FAILED tests/cloud/test_watchdog_wrappers.py::test_watchdog_fences_mechanical_relaunch_for_phase_contract_failure
FAILED tests/cloud/test_watchdog_wrappers.py::test_watchdog_manual_review_superfixer_resolves_renderer_from_live_engine
FAILED tests/cloud/test_watchdog_wrappers.py::test_watchdog_chain_session_is_not_short_circuited_by_done_plan_state
FAILED tests/cloud/test_watchdog_wrappers.py::test_watchdog_unreadable_plan_state_falls_through_to_existing_stopped_path
FAILED tests/cloud/test_watchdog_wrappers.py::test_watchdog_manual_review_chain_state_reports_needs_human_without_relaunch_or_kimi
FAILED tests/cloud/test_watchdog_wrappers.py::test_watchdog_manual_review_repairable_fixture_dispatches_l1_without_needs_human
FAILED tests/cloud/test_watchdog_wrappers.py::test_watchdog_execution_blocked_manual_review_dispatches_l1_without_needs_human
FAILED tests/cloud/test_watchdog_wrappers.py::test_watchdog_awaiting_human_chain_state_dispatches_repair_before_needs_human
FAILED tests/cloud/test_watchdog_wrappers.py::test_watchdog_awaiting_human_verify_chain_state_routes_to_notification_before_relaunch
FAILED tests/cloud/test_watchdog_wrappers.py::test_watchdog_partial_done_chain_state_relaunches_next_milestone
FAILED tests/cloud/test_watchdog_wrappers.py::test_watchdog_env_gone_clears_artifacts_after_strikes_threshold
FAILED tests/cloud/test_watchdog_wrappers.py::test_watchdog_env_gone_recovers_when_workspace_returns
FAILED tests/cloud/test_watchdog_wrappers.py::test_watchdog_scan_once_completes_when_chain_state_is_unreadable
FAILED tests/cloud/test_watchdog_wrappers.py::test_watchdog_clears_stale_parent_sidecar_when_child_session_alive
FAILED tests/cloud/test_watchdog_wrappers.py::test_watchdog_clears_stale_needs_human_sidecar_for_superseded_plan
FAILED tests/cloud/test_watchdog_wrappers.py::test_launch_chain_tick_superfixer_skips_kimi_fallthrough
FAILED tests/cloud/test_watchdog_wrappers.py::test_watchdog_chain_health_short_circuits_plan_repair_dispatch
FAILED tests/cloud/test_watchdog_wrappers.py::test_watchdog_unknown_canonical_liveness_fences_all_dispatch
FAILED tests/cloud/test_watchdog_wrappers.py::test_watchdog_phase_contract_path_dispatches_single_flash_babysitter
FAILED tests/cloud/test_watchdog_wrappers.py::test_watchdog_phase_contract_babysitter_launch_failure_fails_closed
FAILED tests/editorial_run_lifecycle.py::test_resume_plan_reenters_cursor_and_clears_failure_after_success
FAILED tests/handlers/test_session_cache_noop.py::test_revise_noop_detector_raises_cache_hit_suspected
FAILED tests/handlers/test_session_cache_noop.py::test_revise_cost_sanity_guard_aborts
FAILED tests/m9/test_bypass_gating.py::test_audited_authority_risk_bypasses_emit_typed_gap_or_fail_closed
FAILED tests/m9/test_bypass_gating.py::test_drift_related_bypass_sites_keep_drift_visible_as_typed_evidence
FAILED tests/prompts/test_finalize_task_feasibility_prompt.py::test_finalize_prompt_forbids_routing_only_dependencies_and_model_full_suite
FAILED tests/resume/test_pre_m6_alias.py::test_resume_plan_with_pre_m6_planning_cursor_runs
FAILED tests/resume/test_pre_m6_alias.py::test_resume_plan_accepts_matching_pipeline_manifest_hash
FAILED tests/test_briefs_cli.py::test_brief_epic_scaffolds_chain_and_milestones
FAILED tests/test_fix_the_fixer_skill.py::test_render_goal_binds_target_and_single_agent_contract
FAILED tests/test_fix_the_fixer_skill.py::test_render_goal_preserves_target_orientation_exactly
FAILED tests/workers/test_session_cache_regression.py::test_revise_iterations_write_distinct_hashes_and_sessions
FAILED tests/workers/test_session_cache_regression.py::test_dispatch_forces_fresh_for_non_execute_phases[plan]
FAILED tests/workers/test_session_cache_regression.py::test_dispatch_forces_fresh_for_non_execute_phases[prep]
FAILED tests/workers/test_session_cache_regression.py::test_dispatch_forces_fresh_for_non_execute_phases[critique]
FAILED tests/workers/test_session_cache_regression.py::test_dispatch_forces_fresh_for_non_execute_phases[gate]
FAILED tests/workers/test_session_cache_regression.py::test_dispatch_forces_fresh_for_non_execute_phases[revise]
FAILED tests/workers/test_session_cache_regression.py::test_dispatch_forces_fresh_for_non_execute_phases[finalize]
FAILED tests/workers/test_session_cache_regression.py::test_dispatch_forces_fresh_for_non_execute_phases[review]
FAILED tests/workers/test_session_cache_regression.py::test_dispatch_preserves_execute_persistence
111 failed, 2266 passed, 6 skipped, 3 warnings in 862.05s (0:14:22)
== exit=1 duration=865s free_gib_after=5 ==
