.........................................F...F....FFF............F...... [  3%]
........................................................................ [  6%]
........................................................................ [  9%]
........................................................................ [ 12%]
........................................................................ [ 15%]
........................................................................ [ 18%]
........................................................................ [ 21%]
........................................................................ [ 24%]
........................................................................ [ 27%]
........................................................................ [ 30%]
........................................................................ [ 33%]
........................................................................ [ 36%]
........................................................................ [ 39%]
........................................................................ [ 42%]
........................................................................ [ 45%]
....................................................FFFFFFFFFFFFFFFFFFFF [ 48%]
FFFF.................................................................... [ 51%]
.......................................................... [ 53%]
........................................................................ [ 56%]
..................FF.................................................... [ 59%]
........................................................................ [ 62%]
........................................................................ [ 65%]
........................................................................ [ 68%]
........................................................................ [ 71%]
........................................................................ [ 74%]
........................................................................ [ 77%]
........................................................................ [ 80%]
........................................................................ [ 84%]
........................................................................ [ 87%]
........................................................................ [ 90%]
...............................FFF..F..FFF..........F................... [ 93%]
.............F..FF......F....................................FF......... [ 96%]
...........FFFF......................................................... [ 99%]
.....................                                                    [100%]
=================================== FAILURES ===================================
_________ TestRunConformanceSuiteAllGreen.test_default_suite_all_pass __________

self = <conformance.test_conformance.TestRunConformanceSuiteAllGreen object at 0x10d967c90>

    def test_default_suite_all_pass(self) -> None:
        from arnold.conformance import run_conformance_suite
        result = run_conformance_suite()
>       assert result.passed is True
E       AssertionError: assert False is True
E        +  where False = ConformanceSuiteResult(suite_id='ar1-conformance', checks=(ConformanceCheckResult(check_id='adapter-protocol', passed=...arget': None, 'notes': 'Local faster-whisper transcription requires no API key. No credential surface to broker.'}]}))).passed

tests/arnold/conformance/test_conformance.py:453: AssertionError
___ TestRunConformanceSuiteAllGreen.test_all_checks_passed_in_default_suite ____

self = <conformance.test_conformance.TestRunConformanceSuiteAllGreen object at 0x10d96d710>

    def test_all_checks_passed_in_default_suite(self) -> None:
        from arnold.conformance import run_conformance_suite
        result = run_conformance_suite()
        for check in result.checks:
>           assert check.passed, f"{check.check_id}: {check.message}"
E           AssertionError: megaplan-artifact-layout: misplaced megaplan artifacts: .megaplan/initiatives/megaplan-native-parity-corrective/GOLDEN_TRACE_CONTRACT.md, .megaplan/initiatives/megaplan-north-star-sense-checks-revise-design/docs/research.md, .megaplan/initiatives/native-workflow-platformization/PLATFORM_CONTRACT.md, .megaplan/initiatives/standardized-completion-specifications/SUPERSESSION_CROSSWALK.yaml
E           assert False
E            +  where False = ConformanceCheckResult(check_id='megaplan-artifact-layout', passed=False, message='misplaced megaplan artifacts: .mega...ed-completion-specifications/SUPERSESSION_CROSSWALK.yaml': ('initiative artifact outside canonical subdirectories',)}}).passed

tests/arnold/conformance/test_conformance.py:478: AssertionError
________ TestRunConformanceSuiteAllGreen.test_with_pipelines_all_green _________

self = <conformance.test_conformance.TestRunConformanceSuiteAllGreen object at 0x10d96f750>

    def test_with_pipelines_all_green(self) -> None:
        """Passing a green pipeline adds routing checks without failures."""
        from arnold.conformance import run_conformance_suite
        from arnold.pipeline.types import Stage, Pipeline, Edge
    
        class _MinimalStep:
            def __init__(self, name: str = "min") -> None:
                self.name = name
                self.kind = "compute"
    
            def run(self, ctx):
                from arnold.pipeline.types import StepResult
                return StepResult(next="halt")
    
        router = Stage(
            name="router",
            step=_MinimalStep("router"),
            decision_vocabulary=frozenset({"proceed", "iterate"}),
            override_vocabulary=frozenset({"force_halt"}),
            edges=(
                Edge(label="continue", target="next_stage", kind="normal"),
                Edge(label="proceed", target="after_proceed", kind="decision"),
                Edge(label="iterate", target="after_iterate", kind="decision"),
                Edge(label="override force_halt", target="halt", kind="override"),
            ),
        )
        pipeline = Pipeline(
            entry="router",
            stages={
                "router": router,
                "next_stage": Stage(name="next_stage", step=_MinimalStep("next")),
                "after_proceed": Stage(name="after_proceed", step=_MinimalStep("ap")),
                "after_iterate": Stage(name="after_iterate", step=_MinimalStep("ai")),
            },
        )
        result = run_conformance_suite(pipelines=[pipeline])
>       assert result.passed is True
E       AssertionError: assert False is True
E        +  where False = ConformanceSuiteResult(suite_id='ar1-conformance', checks=(ConformanceCheckResult(check_id='adapter-protocol', passed=...arget': None, 'notes': 'Local faster-whisper transcription requires no API key. No credential surface to broker.'}]}))).passed

tests/arnold/conformance/test_conformance.py:541: AssertionError
________ TestRunConformanceSuiteAllGreen.test_with_contracts_all_green _________

self = <conformance.test_conformance.TestRunConformanceSuiteAllGreen object at 0x10d965750>

    def test_with_contracts_all_green(self) -> None:
        """Passing sample contracts adds round-trip checks without failures."""
        from arnold.conformance import run_conformance_suite
        from arnold.pipeline.types import ContractResult, ContractStatus
    
        cr = ContractResult(status=ContractStatus.COMPLETED)
        result = run_conformance_suite(sample_contracts=[cr])
>       assert result.passed is True
E       AssertionError: assert False is True
E        +  where False = ConformanceSuiteResult(suite_id='ar1-conformance', checks=(ConformanceCheckResult(check_id='adapter-protocol', passed=...arget': None, 'notes': 'Local faster-whisper transcription requires no API key. No credential surface to broker.'}]}))).passed

tests/arnold/conformance/test_conformance.py:554: AssertionError
__ TestRunConformanceSuiteAllGreen.test_all_four_domains_populated_all_green ___

self = <conformance.test_conformance.TestRunConformanceSuiteAllGreen object at 0x10d96e990>

    def test_all_four_domains_populated_all_green(self) -> None:
        """Full suite with all four domains populated returns all-pass."""
        from arnold.conformance import run_conformance_suite
        from arnold.pipeline.types import (
            ContractResult, ContractStatus, Stage, Pipeline, Edge,
        )
        from arnold.execution.hooks import NullExecutorHooks
    
        class _MinimalStep:
            def __init__(self, name: str = "min") -> None:
                self.name = name
                self.kind = "compute"
    
            def run(self, ctx):
                from arnold.pipeline.types import StepResult
                return StepResult(next="halt")
    
        router = Stage(
            name="router",
            step=_MinimalStep("router"),
            decision_vocabulary=frozenset({"proceed"}),
            edges=(
                Edge(label="continue", target="next_stage", kind="normal"),
                Edge(label="proceed", target="after_proceed", kind="decision"),
            ),
        )
        pipeline = Pipeline(
            entry="router",
            stages={
                "router": router,
                "next_stage": Stage(name="next_stage", step=_MinimalStep("next")),
                "after_proceed": Stage(name="after_proceed", step=_MinimalStep("ap")),
            },
        )
        cr = ContractResult(status=ContractStatus.COMPLETED)
        hooks = NullExecutorHooks()
    
        result = run_conformance_suite(
            pipelines=[pipeline],
            sample_contracts=[cr],
            hooks=hooks,
        )
>       assert result.passed is True
E       AssertionError: assert False is True
E        +  where False = ConformanceSuiteResult(suite_id='ar1-conformance', checks=(ConformanceCheckResult(check_id='adapter-protocol', passed=...arget': None, 'notes': 'Local faster-whisper transcription requires no API key. No credential surface to broker.'}]}))).passed

tests/arnold/conformance/test_conformance.py:602: AssertionError
_ TestRunConformanceSuiteSeededViolations.test_assert_suite_compliant_does_not_raise_on_green _

self = <conformance.test_conformance.TestRunConformanceSuiteSeededViolations object at 0x10d97b950>

    def test_assert_suite_compliant_does_not_raise_on_green(self) -> None:
        """assert_suite_compliant does not raise on a passing suite."""
        from arnold.conformance import run_conformance_suite, assert_suite_compliant
    
        result = run_conformance_suite()
>       assert result.passed is True
E       AssertionError: assert False is True
E        +  where False = ConformanceSuiteResult(suite_id='ar1-conformance', checks=(ConformanceCheckResult(check_id='adapter-protocol', passed=...arget': None, 'notes': 'Local faster-whisper transcription requires no API key. No credential surface to broker.'}]}))).passed

tests/arnold/conformance/test_conformance.py:863: AssertionError
______________ test_runtime_cutover_is_separate_from_spec_binding ______________

tmp_path = PosixPath('/private/var/folders/_w/b3tthv192m77c760dbyzvk200000gn/T/pytest-of-peteromalley/pytest-546/test_runtime_cutover_is_separa0')
monkeypatch = <_pytest.monkeypatch.MonkeyPatch object at 0x10f328b50>

    def test_runtime_cutover_is_separate_from_spec_binding(
        tmp_path: Path,
        monkeypatch,
    ) -> None:
        spec_path = _pinned_chain(tmp_path)
        raw = yaml.safe_load(spec_path.read_text(encoding="utf-8"))
        raw["driver"]["require_editable_runtime_match"] = True
        spec_path.write_text(yaml.safe_dump(raw, sort_keys=False), encoding="utf-8")
        _git(tmp_path, "add", ".")
        _git(tmp_path, "commit", "-m", "require runtime binding")
        raw["driver"]["intended_initiative_revision"] = _git(tmp_path, "rev-parse", "HEAD")
        spec_path.write_text(yaml.safe_dump(raw, sort_keys=False), encoding="utf-8")
        initial_active = active_execution_identity(spec_path)
        initial_active["runtime"]["editable_root"] = initial_active["runtime"][
            "import_root"
        ]
        initial_active["runtime"]["editable_revision"] = initial_active["runtime"][
            "source_revision"
        ]
        initial_active["ready"] = True
        initial_active["errors"] = []
        monkeypatch.setattr(
            "arnold_pipelines.megaplan.chain.execution_binding.active_execution_identity",
            lambda _path: initial_active,
        )
        state = _bound_state(spec_path)
        state.current_milestone_index = 0
        state.current_plan_name = "c1-plan"
        original_spec_identity = json.loads(
            json.dumps(state.metadata["execution_binding"]["launched_identity"])
        )
        original_runtime = json.loads(
            json.dumps(
                state.metadata["execution_binding"]["runtime_binding"]["current_identity"]
            )
        )
        assert (
            normalize_runtime_identity(original_runtime)["content_sha256"]
            == original_runtime["content_sha256"]
        )
        active = json.loads(json.dumps(initial_active))
        successor = json.loads(json.dumps(active))
        successor["runtime"].update(
            {
                "import_root": str(tmp_path / "runtime-b"),
                "editable_root": str(tmp_path / "runtime-b"),
                "source_revision": "b" * 40,
                "editable_revision": "b" * 40,
            }
        )
        successor["runtime"]["content_sha256"] = "ignored-and-recomputed"
        successor["ready"] = True
        successor["errors"] = []
        monkeypatch.setattr(
            "arnold_pipelines.megaplan.chain.execution_binding.active_execution_identity",
            lambda _path: successor,
        )
        drift = execution_binding_report(spec_path, state)
        assert drift["status"] == "match"
        assert drift["runtime_binding"]["status"] == "drift"
        with pytest.raises(CliError, match="runtime binding is drift"):
            assert_execution_binding(spec_path, state, operation="chain resume")
        before = state.to_dict()
    
>       cutover = rebind_runtime_identity(
            spec_path,
            state,
            expected_previous_runtime_sha256=original_runtime["content_sha256"],
            expected_active_runtime_sha256=drift["runtime_binding"]["active"][
                "content_sha256"
            ],
            expected_current_milestone="c1",
            expected_current_plan="c1-plan",
            reason="activate verified runtime b",
        )

tests/arnold_pipelines/megaplan/test_chain_execution_binding.py:722: 
_ _ _ _ _ _ _ _ _ _ _ _ _ _ _ _ _ _ _ _ _ _ _ _ _ _ _ _ _ _ _ _ _ _ _ _ _ _ _ _ 

spec_path = PosixPath('/private/var/folders/_w/b3tthv192m77c760dbyzvk200000gn/T/pytest-of-peteromalley/pytest-546/test_runtime_cutover_is_separa0/.megaplan/initiatives/demo/chain.yaml')
state = ChainState(current_milestone_index=0, current_plan_name='c1-plan', current_milestone_base_sha=None, target_base_ref=No...n_first_seen_at': '2026-08-22T02:56:07Z'}, schema_version=0, milestone_boundary_evidence={}, candidate_invalidation={})

    def rebind_runtime_identity(
        spec_path: Path,
        state: Any,
        *,
        expected_previous_runtime_sha256: str | None = None,
        expected_active_runtime_sha256: str | None = None,
        expected_previous_import_root: str | None = None,
        expected_previous_interpreter: str | None = None,
        expected_active_import_root: str | None = None,
        expected_active_interpreter: str | None = None,
        expected_current_milestone: str,
        expected_current_plan: str,
        reason: str,
        actor: str = "operator",
        direction: str = "cutover",
        verified_external_runtime_identity: Mapping[str, Any] | None = None,
        update_engine_root: bool = False,
        capability: object | None = None,
    ) -> dict[str, Any]:
        """Adopt or roll back an exact runtime without rewriting the spec binding.
    
        When ``update_engine_root`` is set (the ``chain runtime-cutover`` path),
        ``metadata.execution_environment.engine_root`` is moved old->new in the
        same in-memory transaction: the recorded root must CAS-match the previous
        runtime identity's ``import_root`` before ANY mutation, and the new root
        is taken from the adopted runtime identity's ``import_root``.  Non-metadata
        chain fields are untouched, so the CLI's post-mutation operational-field
        check keeps the write fail-closed.
        """
    
        if direction not in {"cutover", "rollback"}:
            raise CliError(
                RUNTIME_DRIFT_ERROR, "runtime rebind direction must be cutover or rollback"
            )
        sha_cas = bool(expected_previous_runtime_sha256 or expected_active_runtime_sha256)
        root_cas = bool(
            expected_previous_import_root
            or expected_previous_interpreter
            or expected_active_import_root
            or expected_active_interpreter
        )
        if sha_cas and not root_cas:
>           raise CliError(
                RUNTIME_DRIFT_ERROR,
                "runtime rebind CAS is import_root plus generation interpreter, not SHA-256",
            )
E           arnold_pipelines.megaplan.types.CliError: runtime rebind CAS is import_root plus generation interpreter, not SHA-256

arnold_pipelines/megaplan/chain/execution_binding.py:1720: CliError
__________ test_runtime_cutover_command_moves_engine_root_atomically ___________

tmp_path = PosixPath('/private/var/folders/_w/b3tthv192m77c760dbyzvk200000gn/T/pytest-of-peteromalley/pytest-546/test_runtime_cutover_command_m0')
monkeypatch = <_pytest.monkeypatch.MonkeyPatch object at 0x11fa4db10>

    def test_runtime_cutover_command_moves_engine_root_atomically(
        tmp_path: Path,
        monkeypatch: pytest.MonkeyPatch,
    ) -> None:
        spec_path, state, original_runtime, drift, successor_root = (
            _engine_root_drift_case(tmp_path, monkeypatch)
        )
        before = state.to_dict()
    
>       cutover = cutover_runtime_identity(
            spec_path,
            state,
            expected_previous_runtime_sha256=original_runtime["content_sha256"],
            expected_active_runtime_sha256=drift["runtime_binding"]["active"][
                "content_sha256"
            ],
            expected_current_milestone="c1",
            expected_current_plan="c1-plan",
            reason="cut over to verified runtime b",
        )

tests/arnold_pipelines/megaplan/test_chain_execution_binding.py:823: 
_ _ _ _ _ _ _ _ _ _ _ _ _ _ _ _ _ _ _ _ _ _ _ _ _ _ _ _ _ _ _ _ _ _ _ _ _ _ _ _ 
arnold_pipelines/megaplan/chain/execution_binding.py:2123: in cutover_runtime_identity
    return rebind_runtime_identity(
_ _ _ _ _ _ _ _ _ _ _ _ _ _ _ _ _ _ _ _ _ _ _ _ _ _ _ _ _ _ _ _ _ _ _ _ _ _ _ _ 

spec_path = PosixPath('/private/var/folders/_w/b3tthv192m77c760dbyzvk200000gn/T/pytest-of-peteromalley/pytest-546/test_runtime_cutover_command_m0/.megaplan/initiatives/demo/chain.yaml')
state = ChainState(current_milestone_index=0, current_plan_name='c1-plan', current_milestone_base_sha=None, target_base_ref=No...orktrees/runtime-convergence-execution'}}, schema_version=0, milestone_boundary_evidence={}, candidate_invalidation={})

    def rebind_runtime_identity(
        spec_path: Path,
        state: Any,
        *,
        expected_previous_runtime_sha256: str | None = None,
        expected_active_runtime_sha256: str | None = None,
        expected_previous_import_root: str | None = None,
        expected_previous_interpreter: str | None = None,
        expected_active_import_root: str | None = None,
        expected_active_interpreter: str | None = None,
        expected_current_milestone: str,
        expected_current_plan: str,
        reason: str,
        actor: str = "operator",
        direction: str = "cutover",
        verified_external_runtime_identity: Mapping[str, Any] | None = None,
        update_engine_root: bool = False,
        capability: object | None = None,
    ) -> dict[str, Any]:
        """Adopt or roll back an exact runtime without rewriting the spec binding.
    
        When ``update_engine_root`` is set (the ``chain runtime-cutover`` path),
        ``metadata.execution_environment.engine_root`` is moved old->new in the
        same in-memory transaction: the recorded root must CAS-match the previous
        runtime identity's ``import_root`` before ANY mutation, and the new root
        is taken from the adopted runtime identity's ``import_root``.  Non-metadata
        chain fields are untouched, so the CLI's post-mutation operational-field
        check keeps the write fail-closed.
        """
    
        if direction not in {"cutover", "rollback"}:
            raise CliError(
                RUNTIME_DRIFT_ERROR, "runtime rebind direction must be cutover or rollback"
            )
        sha_cas = bool(expected_previous_runtime_sha256 or expected_active_runtime_sha256)
        root_cas = bool(
            expected_previous_import_root
            or expected_previous_interpreter
            or expected_active_import_root
            or expected_active_interpreter
        )
        if sha_cas and not root_cas:
>           raise CliError(
                RUNTIME_DRIFT_ERROR,
                "runtime rebind CAS is import_root plus generation interpreter, not SHA-256",
            )
E           arnold_pipelines.megaplan.types.CliError: runtime rebind CAS is import_root plus generation interpreter, not SHA-256

arnold_pipelines/megaplan/chain/execution_binding.py:1720: CliError
________ test_runtime_cutover_rollback_direction_moves_engine_root_back ________

tmp_path = PosixPath('/private/var/folders/_w/b3tthv192m77c760dbyzvk200000gn/T/pytest-of-peteromalley/pytest-546/test_runtime_cutover_rollback_0')
monkeypatch = <_pytest.monkeypatch.MonkeyPatch object at 0x11fcfd7d0>

    def test_runtime_cutover_rollback_direction_moves_engine_root_back(
        tmp_path: Path,
        monkeypatch: pytest.MonkeyPatch,
    ) -> None:
        spec_path, state, original_runtime, drift, successor_root = (
            _engine_root_drift_case(tmp_path, monkeypatch)
        )
        # Model a PRIOR cutover: the chain now persists runtime B with the B
        # engine root; the control runtime is still B (active), so the receipted
        # A runtime is the restore target supplied externally.
        successor_identity = json.loads(
            json.dumps(drift["runtime_binding"]["active"])
        )
        state.metadata["execution_binding"]["runtime_binding"][
            "current_identity"
        ] = successor_identity
        state.metadata["execution_binding"]["runtime_binding"]["rebind_events"] = [
            {
                "schema": "arnold.megaplan.chain_runtime_rebind.v1",
                "direction": "cutover",
                "from_runtime_sha256": original_runtime["content_sha256"],
                "to_runtime_sha256": successor_identity["content_sha256"],
            }
        ]
        state.metadata["execution_environment"] = {"engine_root": successor_root}
        before = state.to_dict()
    
>       cutover = cutover_runtime_identity(
            spec_path,
            state,
            # Swapped guards: X is the current (successor) runtime, Y is the
            # runtime being restored via its independently receipted identity.
            expected_previous_runtime_sha256=successor_identity["content_sha256"],
            expected_active_runtime_sha256=original_runtime["content_sha256"],
            expected_current_milestone="c1",
            expected_current_plan="c1-plan",
            direction="rollback",
            reason="roll the engine root back to runtime a",
            verified_external_runtime_identity=original_runtime,
        )

tests/arnold_pipelines/megaplan/test_chain_execution_binding.py:890: 
_ _ _ _ _ _ _ _ _ _ _ _ _ _ _ _ _ _ _ _ _ _ _ _ _ _ _ _ _ _ _ _ _ _ _ _ _ _ _ _ 
arnold_pipelines/megaplan/chain/execution_binding.py:2123: in cutover_runtime_identity
    return rebind_runtime_identity(
_ _ _ _ _ _ _ _ _ _ _ _ _ _ _ _ _ _ _ _ _ _ _ _ _ _ _ _ _ _ _ _ _ _ _ _ _ _ _ _ 

spec_path = PosixPath('/private/var/folders/_w/b3tthv192m77c760dbyzvk200000gn/T/pytest-of-peteromalley/pytest-546/test_runtime_cutover_rollback_0/.megaplan/initiatives/demo/chain.yaml')
state = ChainState(current_milestone_index=0, current_plan_name='c1-plan', current_milestone_base_sha=None, target_base_ref=No...t_runtime_cutover_rollback_0/runtime-b'}}, schema_version=0, milestone_boundary_evidence={}, candidate_invalidation={})

    def rebind_runtime_identity(
        spec_path: Path,
        state: Any,
        *,
        expected_previous_runtime_sha256: str | None = None,
        expected_active_runtime_sha256: str | None = None,
        expected_previous_import_root: str | None = None,
        expected_previous_interpreter: str | None = None,
        expected_active_import_root: str | None = None,
        expected_active_interpreter: str | None = None,
        expected_current_milestone: str,
        expected_current_plan: str,
        reason: str,
        actor: str = "operator",
        direction: str = "cutover",
        verified_external_runtime_identity: Mapping[str, Any] | None = None,
        update_engine_root: bool = False,
        capability: object | None = None,
    ) -> dict[str, Any]:
        """Adopt or roll back an exact runtime without rewriting the spec binding.
    
        When ``update_engine_root`` is set (the ``chain runtime-cutover`` path),
        ``metadata.execution_environment.engine_root`` is moved old->new in the
        same in-memory transaction: the recorded root must CAS-match the previous
        runtime identity's ``import_root`` before ANY mutation, and the new root
        is taken from the adopted runtime identity's ``import_root``.  Non-metadata
        chain fields are untouched, so the CLI's post-mutation operational-field
        check keeps the write fail-closed.
        """
    
        if direction not in {"cutover", "rollback"}:
            raise CliError(
                RUNTIME_DRIFT_ERROR, "runtime rebind direction must be cutover or rollback"
            )
        sha_cas = bool(expected_previous_runtime_sha256 or expected_active_runtime_sha256)
        root_cas = bool(
            expected_previous_import_root
            or expected_previous_interpreter
            or expected_active_import_root
            or expected_active_interpreter
        )
        if sha_cas and not root_cas:
>           raise CliError(
                RUNTIME_DRIFT_ERROR,
                "runtime rebind CAS is import_root plus generation interpreter, not SHA-256",
            )
E           arnold_pipelines.megaplan.types.CliError: runtime rebind CAS is import_root plus generation interpreter, not SHA-256

arnold_pipelines/megaplan/chain/execution_binding.py:1720: CliError
_____ test_runtime_cutover_refuses_missing_engine_root_before_any_mutation _____

tmp_path = PosixPath('/private/var/folders/_w/b3tthv192m77c760dbyzvk200000gn/T/pytest-of-peteromalley/pytest-546/test_runtime_cutover_refuses_m0')
monkeypatch = <_pytest.monkeypatch.MonkeyPatch object at 0x11fab0c90>

    def test_runtime_cutover_refuses_missing_engine_root_before_any_mutation(
        tmp_path: Path,
        monkeypatch: pytest.MonkeyPatch,
    ) -> None:
        spec_path, state, original_runtime, drift, _successor_root = (
            _engine_root_drift_case(tmp_path, monkeypatch)
        )
        state.metadata.pop("execution_environment", None)
        before = json.loads(json.dumps(state.to_dict()))
    
        with pytest.raises(CliError, match="engine_root is missing"):
>           cutover_runtime_identity(
                spec_path,
                state,
                expected_previous_runtime_sha256=original_runtime["content_sha256"],
                expected_active_runtime_sha256=drift["runtime_binding"]["active"][
                    "content_sha256"
                ],
                expected_current_milestone="c1",
                expected_current_plan="c1-plan",
                reason="must fail closed without a recorded engine root",
            )

tests/arnold_pipelines/megaplan/test_chain_execution_binding.py:937: 
_ _ _ _ _ _ _ _ _ _ _ _ _ _ _ _ _ _ _ _ _ _ _ _ _ _ _ _ _ _ _ _ _ _ _ _ _ _ _ _ 
arnold_pipelines/megaplan/chain/execution_binding.py:2123: in cutover_runtime_identity
    return rebind_runtime_identity(
_ _ _ _ _ _ _ _ _ _ _ _ _ _ _ _ _ _ _ _ _ _ _ _ _ _ _ _ _ _ _ _ _ _ _ _ _ _ _ _ 

spec_path = PosixPath('/private/var/folders/_w/b3tthv192m77c760dbyzvk200000gn/T/pytest-of-peteromalley/pytest-546/test_runtime_cutover_refuses_m0/.megaplan/initiatives/demo/chain.yaml')
state = ChainState(current_milestone_index=0, current_plan_name='c1-plan', current_milestone_base_sha=None, target_base_ref=No...n_first_seen_at': '2026-08-22T02:56:09Z'}, schema_version=0, milestone_boundary_evidence={}, candidate_invalidation={})

    def rebind_runtime_identity(
        spec_path: Path,
        state: Any,
        *,
        expected_previous_runtime_sha256: str | None = None,
        expected_active_runtime_sha256: str | None = None,
        expected_previous_import_root: str | None = None,
        expected_previous_interpreter: str | None = None,
        expected_active_import_root: str | None = None,
        expected_active_interpreter: str | None = None,
        expected_current_milestone: str,
        expected_current_plan: str,
        reason: str,
        actor: str = "operator",
        direction: str = "cutover",
        verified_external_runtime_identity: Mapping[str, Any] | None = None,
        update_engine_root: bool = False,
        capability: object | None = None,
    ) -> dict[str, Any]:
        """Adopt or roll back an exact runtime without rewriting the spec binding.
    
        When ``update_engine_root`` is set (the ``chain runtime-cutover`` path),
        ``metadata.execution_environment.engine_root`` is moved old->new in the
        same in-memory transaction: the recorded root must CAS-match the previous
        runtime identity's ``import_root`` before ANY mutation, and the new root
        is taken from the adopted runtime identity's ``import_root``.  Non-metadata
        chain fields are untouched, so the CLI's post-mutation operational-field
        check keeps the write fail-closed.
        """
    
        if direction not in {"cutover", "rollback"}:
            raise CliError(
                RUNTIME_DRIFT_ERROR, "runtime rebind direction must be cutover or rollback"
            )
        sha_cas = bool(expected_previous_runtime_sha256 or expected_active_runtime_sha256)
        root_cas = bool(
            expected_previous_import_root
            or expected_previous_interpreter
            or expected_active_import_root
            or expected_active_interpreter
        )
        if sha_cas and not root_cas:
>           raise CliError(
                RUNTIME_DRIFT_ERROR,
                "runtime rebind CAS is import_root plus generation interpreter, not SHA-256",
            )
E           arnold_pipelines.megaplan.types.CliError: runtime rebind CAS is import_root plus generation interpreter, not SHA-256

arnold_pipelines/megaplan/chain/execution_binding.py:1720: CliError

During handling of the above exception, another exception occurred:

tmp_path = PosixPath('/private/var/folders/_w/b3tthv192m77c760dbyzvk200000gn/T/pytest-of-peteromalley/pytest-546/test_runtime_cutover_refuses_m0')
monkeypatch = <_pytest.monkeypatch.MonkeyPatch object at 0x11fab0c90>

    def test_runtime_cutover_refuses_missing_engine_root_before_any_mutation(
        tmp_path: Path,
        monkeypatch: pytest.MonkeyPatch,
    ) -> None:
        spec_path, state, original_runtime, drift, _successor_root = (
            _engine_root_drift_case(tmp_path, monkeypatch)
        )
        state.metadata.pop("execution_environment", None)
        before = json.loads(json.dumps(state.to_dict()))
    
>       with pytest.raises(CliError, match="engine_root is missing"):
E       AssertionError: Regex pattern did not match.
E         Expected regex: 'engine_root is missing'
E         Actual message: 'runtime rebind CAS is import_root plus generation interpreter, not SHA-256'

tests/arnold_pipelines/megaplan/test_chain_execution_binding.py:936: AssertionError
____ test_runtime_cutover_refuses_engine_root_mismatch_before_any_mutation _____

tmp_path = PosixPath('/private/var/folders/_w/b3tthv192m77c760dbyzvk200000gn/T/pytest-of-peteromalley/pytest-546/test_runtime_cutover_refuses_e0')
monkeypatch = <_pytest.monkeypatch.MonkeyPatch object at 0x128218050>

    def test_runtime_cutover_refuses_engine_root_mismatch_before_any_mutation(
        tmp_path: Path,
        monkeypatch: pytest.MonkeyPatch,
    ) -> None:
        spec_path, state, original_runtime, drift, successor_root = (
            _engine_root_drift_case(tmp_path, monkeypatch)
        )
        state.metadata["execution_environment"] = {
            "engine_root": str(tmp_path / "unrelated-root")
        }
        before = json.loads(json.dumps(state.to_dict()))
    
        with pytest.raises(CliError, match="recorded engine root does not match"):
>           cutover_runtime_identity(
                spec_path,
                state,
                expected_previous_runtime_sha256=original_runtime["content_sha256"],
                expected_active_runtime_sha256=drift["runtime_binding"]["active"][
                    "content_sha256"
                ],
                expected_current_milestone="c1",
                expected_current_plan="c1-plan",
                reason="must refuse split engine root custody",
            )

tests/arnold_pipelines/megaplan/test_chain_execution_binding.py:964: 
_ _ _ _ _ _ _ _ _ _ _ _ _ _ _ _ _ _ _ _ _ _ _ _ _ _ _ _ _ _ _ _ _ _ _ _ _ _ _ _ 
arnold_pipelines/megaplan/chain/execution_binding.py:2123: in cutover_runtime_identity
    return rebind_runtime_identity(
_ _ _ _ _ _ _ _ _ _ _ _ _ _ _ _ _ _ _ _ _ _ _ _ _ _ _ _ _ _ _ _ _ _ _ _ _ _ _ _ 

spec_path = PosixPath('/private/var/folders/_w/b3tthv192m77c760dbyzvk200000gn/T/pytest-of-peteromalley/pytest-546/test_runtime_cutover_refuses_e0/.megaplan/initiatives/demo/chain.yaml')
state = ChainState(current_milestone_index=0, current_plan_name='c1-plan', current_milestone_base_sha=None, target_base_ref=No...time_cutover_refuses_e0/unrelated-root'}}, schema_version=0, milestone_boundary_evidence={}, candidate_invalidation={})

    def rebind_runtime_identity(
        spec_path: Path,
        state: Any,
        *,
        expected_previous_runtime_sha256: str | None = None,
        expected_active_runtime_sha256: str | None = None,
        expected_previous_import_root: str | None = None,
        expected_previous_interpreter: str | None = None,
        expected_active_import_root: str | None = None,
        expected_active_interpreter: str | None = None,
        expected_current_milestone: str,
        expected_current_plan: str,
        reason: str,
        actor: str = "operator",
        direction: str = "cutover",
        verified_external_runtime_identity: Mapping[str, Any] | None = None,
        update_engine_root: bool = False,
        capability: object | None = None,
    ) -> dict[str, Any]:
        """Adopt or roll back an exact runtime without rewriting the spec binding.
    
        When ``update_engine_root`` is set (the ``chain runtime-cutover`` path),
        ``metadata.execution_environment.engine_root`` is moved old->new in the
        same in-memory transaction: the recorded root must CAS-match the previous
        runtime identity's ``import_root`` before ANY mutation, and the new root
        is taken from the adopted runtime identity's ``import_root``.  Non-metadata
        chain fields are untouched, so the CLI's post-mutation operational-field
        check keeps the write fail-closed.
        """
    
        if direction not in {"cutover", "rollback"}:
            raise CliError(
                RUNTIME_DRIFT_ERROR, "runtime rebind direction must be cutover or rollback"
            )
        sha_cas = bool(expected_previous_runtime_sha256 or expected_active_runtime_sha256)
        root_cas = bool(
            expected_previous_import_root
            or expected_previous_interpreter
            or expected_active_import_root
            or expected_active_interpreter
        )
        if sha_cas and not root_cas:
>           raise CliError(
                RUNTIME_DRIFT_ERROR,
                "runtime rebind CAS is import_root plus generation interpreter, not SHA-256",
            )
E           arnold_pipelines.megaplan.types.CliError: runtime rebind CAS is import_root plus generation interpreter, not SHA-256

arnold_pipelines/megaplan/chain/execution_binding.py:1720: CliError

During handling of the above exception, another exception occurred:

tmp_path = PosixPath('/private/var/folders/_w/b3tthv192m77c760dbyzvk200000gn/T/pytest-of-peteromalley/pytest-546/test_runtime_cutover_refuses_e0')
monkeypatch = <_pytest.monkeypatch.MonkeyPatch object at 0x128218050>

    def test_runtime_cutover_refuses_engine_root_mismatch_before_any_mutation(
        tmp_path: Path,
        monkeypatch: pytest.MonkeyPatch,
    ) -> None:
        spec_path, state, original_runtime, drift, successor_root = (
            _engine_root_drift_case(tmp_path, monkeypatch)
        )
        state.metadata["execution_environment"] = {
            "engine_root": str(tmp_path / "unrelated-root")
        }
        before = json.loads(json.dumps(state.to_dict()))
    
>       with pytest.raises(CliError, match="recorded engine root does not match"):
E       AssertionError: Regex pattern did not match.
E         Expected regex: 'recorded engine root does not match'
E         Actual message: 'runtime rebind CAS is import_root plus generation interpreter, not SHA-256'

tests/arnold_pipelines/megaplan/test_chain_execution_binding.py:963: AssertionError
________ test_runtime_cutover_refuses_unbound_chain_before_any_mutation ________

tmp_path = PosixPath('/private/var/folders/_w/b3tthv192m77c760dbyzvk200000gn/T/pytest-of-peteromalley/pytest-546/test_runtime_cutover_refuses_u0')
monkeypatch = <_pytest.monkeypatch.MonkeyPatch object at 0x12812eed0>

    def test_runtime_cutover_refuses_unbound_chain_before_any_mutation(
        tmp_path: Path,
        monkeypatch: pytest.MonkeyPatch,
    ) -> None:
        """Cutover requires the T-0101b migrate output: an unbound progressed
        chain is refused exactly like a runtime rebind."""
        spec_path = _pinned_chain(tmp_path)
        raw = yaml.safe_load(spec_path.read_text(encoding="utf-8"))
        raw["driver"]["require_editable_runtime_match"] = True
        spec_path.write_text(yaml.safe_dump(raw, sort_keys=False), encoding="utf-8")
        _git(tmp_path, "add", ".")
        _git(tmp_path, "commit", "-m", "require runtime binding")
        raw["driver"]["intended_initiative_revision"] = _git(
            tmp_path, "rev-parse", "HEAD"
        )
        spec_path.write_text(yaml.safe_dump(raw, sort_keys=False), encoding="utf-8")
        # This is deliberately an unbound legacy chain.  Construct that state
        # directly instead of briefly binding through the developer's current
        # editable interpreter, whose diagnostic root is irrelevant to the
        # fail-before-mutation contract under test.
        state = ChainState()
        state.current_milestone_index = 0
        state.current_plan_name = "c1-plan"
        state.metadata.pop("execution_binding", None)
        state.metadata["execution_environment"] = {
            "engine_root": str(tmp_path / "runtime")
        }
        before = json.loads(json.dumps(state.to_dict()))
    
>       with pytest.raises(CliError, match="persisted runtime identity is missing"):
E       Failed: DID NOT RAISE <class 'arnold_pipelines.megaplan.types.CliError'>

tests/arnold_pipelines/megaplan/test_chain_execution_binding.py:1008: Failed
_____________ test_runtime_cutover_inherits_runtime_sha_cas_guards _____________

tmp_path = PosixPath('/private/var/folders/_w/b3tthv192m77c760dbyzvk200000gn/T/pytest-of-peteromalley/pytest-546/test_runtime_cutover_inherits_0')
monkeypatch = <_pytest.monkeypatch.MonkeyPatch object at 0x12f0ac0d0>

    def test_runtime_cutover_inherits_runtime_sha_cas_guards(
        tmp_path: Path,
        monkeypatch: pytest.MonkeyPatch,
    ) -> None:
        spec_path, state, original_runtime, drift, _successor_root = (
            _engine_root_drift_case(tmp_path, monkeypatch)
        )
        before = json.loads(json.dumps(state.to_dict()))
    
        with pytest.raises(CliError, match="previous runtime SHA-256 does not match"):
>           cutover_runtime_identity(
                spec_path,
                state,
                expected_previous_runtime_sha256="0" * 64,
                expected_active_runtime_sha256=drift["runtime_binding"]["active"][
                    "content_sha256"
                ],
                expected_current_milestone="c1",
                expected_current_plan="c1-plan",
                reason="wrong from-guard must refuse",
            )

tests/arnold_pipelines/megaplan/test_chain_execution_binding.py:1031: 
_ _ _ _ _ _ _ _ _ _ _ _ _ _ _ _ _ _ _ _ _ _ _ _ _ _ _ _ _ _ _ _ _ _ _ _ _ _ _ _ 
arnold_pipelines/megaplan/chain/execution_binding.py:2123: in cutover_runtime_identity
    return rebind_runtime_identity(
_ _ _ _ _ _ _ _ _ _ _ _ _ _ _ _ _ _ _ _ _ _ _ _ _ _ _ _ _ _ _ _ _ _ _ _ _ _ _ _ 

spec_path = PosixPath('/private/var/folders/_w/b3tthv192m77c760dbyzvk200000gn/T/pytest-of-peteromalley/pytest-546/test_runtime_cutover_inherits_0/.megaplan/initiatives/demo/chain.yaml')
state = ChainState(current_milestone_index=0, current_plan_name='c1-plan', current_milestone_base_sha=None, target_base_ref=No...orktrees/runtime-convergence-execution'}}, schema_version=0, milestone_boundary_evidence={}, candidate_invalidation={})

    def rebind_runtime_identity(
        spec_path: Path,
        state: Any,
        *,
        expected_previous_runtime_sha256: str | None = None,
        expected_active_runtime_sha256: str | None = None,
        expected_previous_import_root: str | None = None,
        expected_previous_interpreter: str | None = None,
        expected_active_import_root: str | None = None,
        expected_active_interpreter: str | None = None,
        expected_current_milestone: str,
        expected_current_plan: str,
        reason: str,
        actor: str = "operator",
        direction: str = "cutover",
        verified_external_runtime_identity: Mapping[str, Any] | None = None,
        update_engine_root: bool = False,
        capability: object | None = None,
    ) -> dict[str, Any]:
        """Adopt or roll back an exact runtime without rewriting the spec binding.
    
        When ``update_engine_root`` is set (the ``chain runtime-cutover`` path),
        ``metadata.execution_environment.engine_root`` is moved old->new in the
        same in-memory transaction: the recorded root must CAS-match the previous
        runtime identity's ``import_root`` before ANY mutation, and the new root
        is taken from the adopted runtime identity's ``import_root``.  Non-metadata
        chain fields are untouched, so the CLI's post-mutation operational-field
        check keeps the write fail-closed.
        """
    
        if direction not in {"cutover", "rollback"}:
            raise CliError(
                RUNTIME_DRIFT_ERROR, "runtime rebind direction must be cutover or rollback"
            )
        sha_cas = bool(expected_previous_runtime_sha256 or expected_active_runtime_sha256)
        root_cas = bool(
            expected_previous_import_root
            or expected_previous_interpreter
            or expected_active_import_root
            or expected_active_interpreter
        )
        if sha_cas and not root_cas:
>           raise CliError(
                RUNTIME_DRIFT_ERROR,
                "runtime rebind CAS is import_root plus generation interpreter, not SHA-256",
            )
E           arnold_pipelines.megaplan.types.CliError: runtime rebind CAS is import_root plus generation interpreter, not SHA-256

arnold_pipelines/megaplan/chain/execution_binding.py:1720: CliError

During handling of the above exception, another exception occurred:

tmp_path = PosixPath('/private/var/folders/_w/b3tthv192m77c760dbyzvk200000gn/T/pytest-of-peteromalley/pytest-546/test_runtime_cutover_inherits_0')
monkeypatch = <_pytest.monkeypatch.MonkeyPatch object at 0x12f0ac0d0>

    def test_runtime_cutover_inherits_runtime_sha_cas_guards(
        tmp_path: Path,
        monkeypatch: pytest.MonkeyPatch,
    ) -> None:
        spec_path, state, original_runtime, drift, _successor_root = (
            _engine_root_drift_case(tmp_path, monkeypatch)
        )
        before = json.loads(json.dumps(state.to_dict()))
    
>       with pytest.raises(CliError, match="previous runtime SHA-256 does not match"):
E       AssertionError: Regex pattern did not match.
E         Expected regex: 'previous runtime SHA-256 does not match'
E         Actual message: 'runtime rebind CAS is import_root plus generation interpreter, not SHA-256'

tests/arnold_pipelines/megaplan/test_chain_execution_binding.py:1030: AssertionError
_________ test_runtime_cutover_accepts_exact_completed_terminal_cursor _________

tmp_path = PosixPath('/private/var/folders/_w/b3tthv192m77c760dbyzvk200000gn/T/pytest-of-peteromalley/pytest-546/test_runtime_cutover_accepts_e0')
monkeypatch = <_pytest.monkeypatch.MonkeyPatch object at 0x11fabad50>

    def test_runtime_cutover_accepts_exact_completed_terminal_cursor(
        tmp_path: Path,
        monkeypatch: pytest.MonkeyPatch,
    ) -> None:
        spec_path, state, original_runtime, drift = _terminal_runtime_drift_case(
            tmp_path, monkeypatch
        )
        before = state.to_dict()
    
>       cutover = rebind_runtime_identity(
            spec_path,
            state,
            expected_previous_runtime_sha256=original_runtime["content_sha256"],
            expected_active_runtime_sha256=drift["runtime_binding"]["active"][
                "content_sha256"
            ],
            expected_current_milestone="@terminal",
            expected_current_plan="@none",
            reason="promote a verified runtime after chain completion",
        )

tests/arnold_pipelines/megaplan/test_chain_execution_binding.py:1129: 
_ _ _ _ _ _ _ _ _ _ _ _ _ _ _ _ _ _ _ _ _ _ _ _ _ _ _ _ _ _ _ _ _ _ _ _ _ _ _ _ 

spec_path = PosixPath('/private/var/folders/_w/b3tthv192m77c760dbyzvk200000gn/T/pytest-of-peteromalley/pytest-546/test_runtime_cutover_accepts_e0/.megaplan/initiatives/demo/chain.yaml')
state = ChainState(current_milestone_index=3, current_plan_name=None, current_milestone_base_sha=None, target_base_ref=None, l...n_first_seen_at': '2026-08-22T02:56:11Z'}, schema_version=0, milestone_boundary_evidence={}, candidate_invalidation={})

    def rebind_runtime_identity(
        spec_path: Path,
        state: Any,
        *,
        expected_previous_runtime_sha256: str | None = None,
        expected_active_runtime_sha256: str | None = None,
        expected_previous_import_root: str | None = None,
        expected_previous_interpreter: str | None = None,
        expected_active_import_root: str | None = None,
        expected_active_interpreter: str | None = None,
        expected_current_milestone: str,
        expected_current_plan: str,
        reason: str,
        actor: str = "operator",
        direction: str = "cutover",
        verified_external_runtime_identity: Mapping[str, Any] | None = None,
        update_engine_root: bool = False,
        capability: object | None = None,
    ) -> dict[str, Any]:
        """Adopt or roll back an exact runtime without rewriting the spec binding.
    
        When ``update_engine_root`` is set (the ``chain runtime-cutover`` path),
        ``metadata.execution_environment.engine_root`` is moved old->new in the
        same in-memory transaction: the recorded root must CAS-match the previous
        runtime identity's ``import_root`` before ANY mutation, and the new root
        is taken from the adopted runtime identity's ``import_root``.  Non-metadata
        chain fields are untouched, so the CLI's post-mutation operational-field
        check keeps the write fail-closed.
        """
    
        if direction not in {"cutover", "rollback"}:
            raise CliError(
                RUNTIME_DRIFT_ERROR, "runtime rebind direction must be cutover or rollback"
            )
        sha_cas = bool(expected_previous_runtime_sha256 or expected_active_runtime_sha256)
        root_cas = bool(
            expected_previous_import_root
            or expected_previous_interpreter
            or expected_active_import_root
            or expected_active_interpreter
        )
        if sha_cas and not root_cas:
>           raise CliError(
                RUNTIME_DRIFT_ERROR,
                "runtime rebind CAS is import_root plus generation interpreter, not SHA-256",
            )
E           arnold_pipelines.megaplan.types.CliError: runtime rebind CAS is import_root plus generation interpreter, not SHA-256

arnold_pipelines/megaplan/chain/execution_binding.py:1720: CliError
________ test_runtime_cutover_cas_uses_verified_legacy_persisted_digest ________

tmp_path = PosixPath('/private/var/folders/_w/b3tthv192m77c760dbyzvk200000gn/T/pytest-of-peteromalley/pytest-546/test_runtime_cutover_cas_uses_0')
monkeypatch = <_pytest.monkeypatch.MonkeyPatch object at 0x12f0afb90>

    def test_runtime_cutover_cas_uses_verified_legacy_persisted_digest(
        tmp_path: Path,
        monkeypatch: pytest.MonkeyPatch,
    ) -> None:
        spec_path, state, original_runtime, drift = _terminal_runtime_drift_case(
            tmp_path, monkeypatch
        )
        legacy_runtime = json.loads(json.dumps(original_runtime))
        legacy_runtime["shannon_dependencies"] = {
            "schema": "arnold.megaplan.shannon_dependencies.v1",
            "ready": True,
            "content_sha256": "c" * 64,
        }
        legacy_payload = {
            key: value
            for key, value in legacy_runtime.items()
            if key != "content_sha256"
        }
        legacy_runtime["content_sha256"] = _canonical_sha256(legacy_payload)
        state.metadata["execution_binding"]["runtime_binding"][
            "current_identity"
        ] = legacy_runtime
    
>       cutover = rebind_runtime_identity(
            spec_path,
            state,
            expected_previous_runtime_sha256=legacy_runtime["content_sha256"],
            expected_active_runtime_sha256=drift["runtime_binding"]["active"][
                "content_sha256"
            ],
            expected_current_milestone="@terminal",
            expected_current_plan="@none",
            reason="accept the exact legacy persisted runtime digest",
        )

tests/arnold_pipelines/megaplan/test_chain_execution_binding.py:1172: 
_ _ _ _ _ _ _ _ _ _ _ _ _ _ _ _ _ _ _ _ _ _ _ _ _ _ _ _ _ _ _ _ _ _ _ _ _ _ _ _ 

spec_path = PosixPath('/private/var/folders/_w/b3tthv192m77c760dbyzvk200000gn/T/pytest-of-peteromalley/pytest-546/test_runtime_cutover_cas_uses_0/.megaplan/initiatives/demo/chain.yaml')
state = ChainState(current_milestone_index=3, current_plan_name=None, current_milestone_base_sha=None, target_base_ref=None, l...n_first_seen_at': '2026-08-22T02:56:12Z'}, schema_version=0, milestone_boundary_evidence={}, candidate_invalidation={})

    def rebind_runtime_identity(
        spec_path: Path,
        state: Any,
        *,
        expected_previous_runtime_sha256: str | None = None,
        expected_active_runtime_sha256: str | None = None,
        expected_previous_import_root: str | None = None,
        expected_previous_interpreter: str | None = None,
        expected_active_import_root: str | None = None,
        expected_active_interpreter: str | None = None,
        expected_current_milestone: str,
        expected_current_plan: str,
        reason: str,
        actor: str = "operator",
        direction: str = "cutover",
        verified_external_runtime_identity: Mapping[str, Any] | None = None,
        update_engine_root: bool = False,
        capability: object | None = None,
    ) -> dict[str, Any]:
        """Adopt or roll back an exact runtime without rewriting the spec binding.
    
        When ``update_engine_root`` is set (the ``chain runtime-cutover`` path),
        ``metadata.execution_environment.engine_root`` is moved old->new in the
        same in-memory transaction: the recorded root must CAS-match the previous
        runtime identity's ``import_root`` before ANY mutation, and the new root
        is taken from the adopted runtime identity's ``import_root``.  Non-metadata
        chain fields are untouched, so the CLI's post-mutation operational-field
        check keeps the write fail-closed.
        """
    
        if direction not in {"cutover", "rollback"}:
            raise CliError(
                RUNTIME_DRIFT_ERROR, "runtime rebind direction must be cutover or rollback"
            )
        sha_cas = bool(expected_previous_runtime_sha256 or expected_active_runtime_sha256)
        root_cas = bool(
            expected_previous_import_root
            or expected_previous_interpreter
            or expected_active_import_root
            or expected_active_interpreter
        )
        if sha_cas and not root_cas:
>           raise CliError(
                RUNTIME_DRIFT_ERROR,
                "runtime rebind CAS is import_root plus generation interpreter, not SHA-256",
            )
E           arnold_pipelines.megaplan.types.CliError: runtime rebind CAS is import_root plus generation interpreter, not SHA-256

arnold_pipelines/megaplan/chain/execution_binding.py:1720: CliError
__ test_runtime_cutover_rejects_normalized_alias_for_legacy_persisted_digest ___

tmp_path = PosixPath('/private/var/folders/_w/b3tthv192m77c760dbyzvk200000gn/T/pytest-of-peteromalley/pytest-546/test_runtime_cutover_rejects_n0')
monkeypatch = <_pytest.monkeypatch.MonkeyPatch object at 0x11fa4f850>

    def test_runtime_cutover_rejects_normalized_alias_for_legacy_persisted_digest(
        tmp_path: Path,
        monkeypatch: pytest.MonkeyPatch,
    ) -> None:
        spec_path, state, original_runtime, drift = _terminal_runtime_drift_case(
            tmp_path, monkeypatch
        )
        legacy_runtime = json.loads(json.dumps(original_runtime))
        legacy_runtime["shannon_dependencies"] = {
            "schema": "arnold.megaplan.shannon_dependencies.v1",
            "ready": True,
            "content_sha256": "c" * 64,
        }
        legacy_runtime["content_sha256"] = _canonical_sha256(
            {
                key: value
                for key, value in legacy_runtime.items()
                if key != "content_sha256"
            }
        )
        state.metadata["execution_binding"]["runtime_binding"][
            "current_identity"
        ] = legacy_runtime
    
        with pytest.raises(CliError, match="previous runtime SHA-256 does not match"):
>           rebind_runtime_identity(
                spec_path,
                state,
                expected_previous_runtime_sha256=original_runtime["content_sha256"],
                expected_active_runtime_sha256=drift["runtime_binding"]["active"][
                    "content_sha256"
                ],
                expected_current_milestone="@terminal",
                expected_current_plan="@none",
                reason="reject a normalized alias instead of the persisted digest",
            )

tests/arnold_pipelines/megaplan/test_chain_execution_binding.py:1215: 
_ _ _ _ _ _ _ _ _ _ _ _ _ _ _ _ _ _ _ _ _ _ _ _ _ _ _ _ _ _ _ _ _ _ _ _ _ _ _ _ 

spec_path = PosixPath('/private/var/folders/_w/b3tthv192m77c760dbyzvk200000gn/T/pytest-of-peteromalley/pytest-546/test_runtime_cutover_rejects_n0/.megaplan/initiatives/demo/chain.yaml')
state = ChainState(current_milestone_index=3, current_plan_name=None, current_milestone_base_sha=None, target_base_ref=None, l...n_first_seen_at': '2026-08-22T02:56:12Z'}, schema_version=0, milestone_boundary_evidence={}, candidate_invalidation={})

    def rebind_runtime_identity(
        spec_path: Path,
        state: Any,
        *,
        expected_previous_runtime_sha256: str | None = None,
        expected_active_runtime_sha256: str | None = None,
        expected_previous_import_root: str | None = None,
        expected_previous_interpreter: str | None = None,
        expected_active_import_root: str | None = None,
        expected_active_interpreter: str | None = None,
        expected_current_milestone: str,
        expected_current_plan: str,
        reason: str,
        actor: str = "operator",
        direction: str = "cutover",
        verified_external_runtime_identity: Mapping[str, Any] | None = None,
        update_engine_root: bool = False,
        capability: object | None = None,
    ) -> dict[str, Any]:
        """Adopt or roll back an exact runtime without rewriting the spec binding.
    
        When ``update_engine_root`` is set (the ``chain runtime-cutover`` path),
        ``metadata.execution_environment.engine_root`` is moved old->new in the
        same in-memory transaction: the recorded root must CAS-match the previous
        runtime identity's ``import_root`` before ANY mutation, and the new root
        is taken from the adopted runtime identity's ``import_root``.  Non-metadata
        chain fields are untouched, so the CLI's post-mutation operational-field
        check keeps the write fail-closed.
        """
    
        if direction not in {"cutover", "rollback"}:
            raise CliError(
                RUNTIME_DRIFT_ERROR, "runtime rebind direction must be cutover or rollback"
            )
        sha_cas = bool(expected_previous_runtime_sha256 or expected_active_runtime_sha256)
        root_cas = bool(
            expected_previous_import_root
            or expected_previous_interpreter
            or expected_active_import_root
            or expected_active_interpreter
        )
        if sha_cas and not root_cas:
>           raise CliError(
                RUNTIME_DRIFT_ERROR,
                "runtime rebind CAS is import_root plus generation interpreter, not SHA-256",
            )
E           arnold_pipelines.megaplan.types.CliError: runtime rebind CAS is import_root plus generation interpreter, not SHA-256

arnold_pipelines/megaplan/chain/execution_binding.py:1720: CliError

During handling of the above exception, another exception occurred:

tmp_path = PosixPath('/private/var/folders/_w/b3tthv192m77c760dbyzvk200000gn/T/pytest-of-peteromalley/pytest-546/test_runtime_cutover_rejects_n0')
monkeypatch = <_pytest.monkeypatch.MonkeyPatch object at 0x11fa4f850>

    def test_runtime_cutover_rejects_normalized_alias_for_legacy_persisted_digest(
        tmp_path: Path,
        monkeypatch: pytest.MonkeyPatch,
    ) -> None:
        spec_path, state, original_runtime, drift = _terminal_runtime_drift_case(
            tmp_path, monkeypatch
        )
        legacy_runtime = json.loads(json.dumps(original_runtime))
        legacy_runtime["shannon_dependencies"] = {
            "schema": "arnold.megaplan.shannon_dependencies.v1",
            "ready": True,
            "content_sha256": "c" * 64,
        }
        legacy_runtime["content_sha256"] = _canonical_sha256(
            {
                key: value
                for key, value in legacy_runtime.items()
                if key != "content_sha256"
            }
        )
        state.metadata["execution_binding"]["runtime_binding"][
            "current_identity"
        ] = legacy_runtime
    
>       with pytest.raises(CliError, match="previous runtime SHA-256 does not match"):
E       AssertionError: Regex pattern did not match.
E         Expected regex: 'previous runtime SHA-256 does not match'
E         Actual message: 'runtime rebind CAS is import_root plus generation interpreter, not SHA-256'

tests/arnold_pipelines/megaplan/test_chain_execution_binding.py:1214: AssertionError
_ test_runtime_cutover_rejects_unverified_persisted_runtime_extensions[digest] _

tmp_path = PosixPath('/private/var/folders/_w/b3tthv192m77c760dbyzvk200000gn/T/pytest-of-peteromalley/pytest-546/test_runtime_cutover_rejects_u0')
monkeypatch = <_pytest.monkeypatch.MonkeyPatch object at 0x1183397d0>
tamper = 'digest'

    @pytest.mark.parametrize("tamper", ["digest", "unknown_field"])
    def test_runtime_cutover_rejects_unverified_persisted_runtime_extensions(
        tmp_path: Path,
        monkeypatch: pytest.MonkeyPatch,
        tamper: str,
    ) -> None:
        spec_path, state, original_runtime, drift = _terminal_runtime_drift_case(
            tmp_path, monkeypatch
        )
        persisted = json.loads(json.dumps(original_runtime))
        if tamper == "digest":
            persisted["shannon_dependencies"] = {"ready": True}
        else:
            persisted["unexpected_extension"] = {"ready": True}
            persisted["content_sha256"] = _canonical_sha256(
                {
                    key: value
                    for key, value in persisted.items()
                    if key != "content_sha256"
                }
            )
        state.metadata["execution_binding"]["runtime_binding"][
            "current_identity"
        ] = persisted
    
        message = (
            "persisted Shannon dependency receipt is invalid"
            if tamper == "digest"
            else "unsupported fields"
        )
        with pytest.raises(CliError, match=message):
>           rebind_runtime_identity(
                spec_path,
                state,
                expected_previous_runtime_sha256=persisted["content_sha256"],
                expected_active_runtime_sha256=drift["runtime_binding"]["active"][
                    "content_sha256"
                ],
                expected_current_milestone="@terminal",
                expected_current_plan="@none",
                reason="reject an unauthenticated persisted identity",
            )

tests/arnold_pipelines/megaplan/test_chain_execution_binding.py:1259: 
_ _ _ _ _ _ _ _ _ _ _ _ _ _ _ _ _ _ _ _ _ _ _ _ _ _ _ _ _ _ _ _ _ _ _ _ _ _ _ _ 

spec_path = PosixPath('/private/var/folders/_w/b3tthv192m77c760dbyzvk200000gn/T/pytest-of-peteromalley/pytest-546/test_runtime_cutover_rejects_u0/.megaplan/initiatives/demo/chain.yaml')
state = ChainState(current_milestone_index=3, current_plan_name=None, current_milestone_base_sha=None, target_base_ref=None, l...n_first_seen_at': '2026-08-22T02:56:13Z'}, schema_version=0, milestone_boundary_evidence={}, candidate_invalidation={})

    def rebind_runtime_identity(
        spec_path: Path,
        state: Any,
        *,
        expected_previous_runtime_sha256: str | None = None,
        expected_active_runtime_sha256: str | None = None,
        expected_previous_import_root: str | None = None,
        expected_previous_interpreter: str | None = None,
        expected_active_import_root: str | None = None,
        expected_active_interpreter: str | None = None,
        expected_current_milestone: str,
        expected_current_plan: str,
        reason: str,
        actor: str = "operator",
        direction: str = "cutover",
        verified_external_runtime_identity: Mapping[str, Any] | None = None,
        update_engine_root: bool = False,
        capability: object | None = None,
    ) -> dict[str, Any]:
        """Adopt or roll back an exact runtime without rewriting the spec binding.
    
        When ``update_engine_root`` is set (the ``chain runtime-cutover`` path),
        ``metadata.execution_environment.engine_root`` is moved old->new in the
        same in-memory transaction: the recorded root must CAS-match the previous
        runtime identity's ``import_root`` before ANY mutation, and the new root
        is taken from the adopted runtime identity's ``import_root``.  Non-metadata
        chain fields are untouched, so the CLI's post-mutation operational-field
        check keeps the write fail-closed.
        """
    
        if direction not in {"cutover", "rollback"}:
            raise CliError(
                RUNTIME_DRIFT_ERROR, "runtime rebind direction must be cutover or rollback"
            )
        sha_cas = bool(expected_previous_runtime_sha256 or expected_active_runtime_sha256)
        root_cas = bool(
            expected_previous_import_root
            or expected_previous_interpreter
            or expected_active_import_root
            or expected_active_interpreter
        )
        if sha_cas and not root_cas:
>           raise CliError(
                RUNTIME_DRIFT_ERROR,
                "runtime rebind CAS is import_root plus generation interpreter, not SHA-256",
            )
E           arnold_pipelines.megaplan.types.CliError: runtime rebind CAS is import_root plus generation interpreter, not SHA-256

arnold_pipelines/megaplan/chain/execution_binding.py:1720: CliError

During handling of the above exception, another exception occurred:

tmp_path = PosixPath('/private/var/folders/_w/b3tthv192m77c760dbyzvk200000gn/T/pytest-of-peteromalley/pytest-546/test_runtime_cutover_rejects_u0')
monkeypatch = <_pytest.monkeypatch.MonkeyPatch object at 0x1183397d0>
tamper = 'digest'

    @pytest.mark.parametrize("tamper", ["digest", "unknown_field"])
    def test_runtime_cutover_rejects_unverified_persisted_runtime_extensions(
        tmp_path: Path,
        monkeypatch: pytest.MonkeyPatch,
        tamper: str,
    ) -> None:
        spec_path, state, original_runtime, drift = _terminal_runtime_drift_case(
            tmp_path, monkeypatch
        )
        persisted = json.loads(json.dumps(original_runtime))
        if tamper == "digest":
            persisted["shannon_dependencies"] = {"ready": True}
        else:
            persisted["unexpected_extension"] = {"ready": True}
            persisted["content_sha256"] = _canonical_sha256(
                {
                    key: value
                    for key, value in persisted.items()
                    if key != "content_sha256"
                }
            )
        state.metadata["execution_binding"]["runtime_binding"][
            "current_identity"
        ] = persisted
    
        message = (
            "persisted Shannon dependency receipt is invalid"
            if tamper == "digest"
            else "unsupported fields"
        )
>       with pytest.raises(CliError, match=message):
E       AssertionError: Regex pattern did not match.
E         Expected regex: 'persisted Shannon dependency receipt is invalid'
E         Actual message: 'runtime rebind CAS is import_root plus generation interpreter, not SHA-256'

tests/arnold_pipelines/megaplan/test_chain_execution_binding.py:1258: AssertionError
_ test_runtime_cutover_rejects_unverified_persisted_runtime_extensions[unknown_field] _

tmp_path = PosixPath('/private/var/folders/_w/b3tthv192m77c760dbyzvk200000gn/T/pytest-of-peteromalley/pytest-546/test_runtime_cutover_rejects_u1')
monkeypatch = <_pytest.monkeypatch.MonkeyPatch object at 0x12812df90>
tamper = 'unknown_field'

    @pytest.mark.parametrize("tamper", ["digest", "unknown_field"])
    def test_runtime_cutover_rejects_unverified_persisted_runtime_extensions(
        tmp_path: Path,
        monkeypatch: pytest.MonkeyPatch,
        tamper: str,
    ) -> None:
        spec_path, state, original_runtime, drift = _terminal_runtime_drift_case(
            tmp_path, monkeypatch
        )
        persisted = json.loads(json.dumps(original_runtime))
        if tamper == "digest":
            persisted["shannon_dependencies"] = {"ready": True}
        else:
            persisted["unexpected_extension"] = {"ready": True}
            persisted["content_sha256"] = _canonical_sha256(
                {
                    key: value
                    for key, value in persisted.items()
                    if key != "content_sha256"
                }
            )
        state.metadata["execution_binding"]["runtime_binding"][
            "current_identity"
        ] = persisted
    
        message = (
            "persisted Shannon dependency receipt is invalid"
            if tamper == "digest"
            else "unsupported fields"
        )
        with pytest.raises(CliError, match=message):
>           rebind_runtime_identity(
                spec_path,
                state,
                expected_previous_runtime_sha256=persisted["content_sha256"],
                expected_active_runtime_sha256=drift["runtime_binding"]["active"][
                    "content_sha256"
                ],
                expected_current_milestone="@terminal",
                expected_current_plan="@none",
                reason="reject an unauthenticated persisted identity",
            )

tests/arnold_pipelines/megaplan/test_chain_execution_binding.py:1259: 
_ _ _ _ _ _ _ _ _ _ _ _ _ _ _ _ _ _ _ _ _ _ _ _ _ _ _ _ _ _ _ _ _ _ _ _ _ _ _ _ 

spec_path = PosixPath('/private/var/folders/_w/b3tthv192m77c760dbyzvk200000gn/T/pytest-of-peteromalley/pytest-546/test_runtime_cutover_rejects_u1/.megaplan/initiatives/demo/chain.yaml')
state = ChainState(current_milestone_index=3, current_plan_name=None, current_milestone_base_sha=None, target_base_ref=None, l...n_first_seen_at': '2026-08-22T02:56:14Z'}, schema_version=0, milestone_boundary_evidence={}, candidate_invalidation={})

    def rebind_runtime_identity(
        spec_path: Path,
        state: Any,
        *,
        expected_previous_runtime_sha256: str | None = None,
        expected_active_runtime_sha256: str | None = None,
        expected_previous_import_root: str | None = None,
        expected_previous_interpreter: str | None = None,
        expected_active_import_root: str | None = None,
        expected_active_interpreter: str | None = None,
        expected_current_milestone: str,
        expected_current_plan: str,
        reason: str,
        actor: str = "operator",
        direction: str = "cutover",
        verified_external_runtime_identity: Mapping[str, Any] | None = None,
        update_engine_root: bool = False,
        capability: object | None = None,
    ) -> dict[str, Any]:
        """Adopt or roll back an exact runtime without rewriting the spec binding.
    
        When ``update_engine_root`` is set (the ``chain runtime-cutover`` path),
        ``metadata.execution_environment.engine_root`` is moved old->new in the
        same in-memory transaction: the recorded root must CAS-match the previous
        runtime identity's ``import_root`` before ANY mutation, and the new root
        is taken from the adopted runtime identity's ``import_root``.  Non-metadata
        chain fields are untouched, so the CLI's post-mutation operational-field
        check keeps the write fail-closed.
        """
    
        if direction not in {"cutover", "rollback"}:
            raise CliError(
                RUNTIME_DRIFT_ERROR, "runtime rebind direction must be cutover or rollback"
            )
        sha_cas = bool(expected_previous_runtime_sha256 or expected_active_runtime_sha256)
        root_cas = bool(
            expected_previous_import_root
            or expected_previous_interpreter
            or expected_active_import_root
            or expected_active_interpreter
        )
        if sha_cas and not root_cas:
>           raise CliError(
                RUNTIME_DRIFT_ERROR,
                "runtime rebind CAS is import_root plus generation interpreter, not SHA-256",
            )
E           arnold_pipelines.megaplan.types.CliError: runtime rebind CAS is import_root plus generation interpreter, not SHA-256

arnold_pipelines/megaplan/chain/execution_binding.py:1720: CliError

During handling of the above exception, another exception occurred:

tmp_path = PosixPath('/private/var/folders/_w/b3tthv192m77c760dbyzvk200000gn/T/pytest-of-peteromalley/pytest-546/test_runtime_cutover_rejects_u1')
monkeypatch = <_pytest.monkeypatch.MonkeyPatch object at 0x12812df90>
tamper = 'unknown_field'

    @pytest.mark.parametrize("tamper", ["digest", "unknown_field"])
    def test_runtime_cutover_rejects_unverified_persisted_runtime_extensions(
        tmp_path: Path,
        monkeypatch: pytest.MonkeyPatch,
        tamper: str,
    ) -> None:
        spec_path, state, original_runtime, drift = _terminal_runtime_drift_case(
            tmp_path, monkeypatch
        )
        persisted = json.loads(json.dumps(original_runtime))
        if tamper == "digest":
            persisted["shannon_dependencies"] = {"ready": True}
        else:
            persisted["unexpected_extension"] = {"ready": True}
            persisted["content_sha256"] = _canonical_sha256(
                {
                    key: value
                    for key, value in persisted.items()
                    if key != "content_sha256"
                }
            )
        state.metadata["execution_binding"]["runtime_binding"][
            "current_identity"
        ] = persisted
    
        message = (
            "persisted Shannon dependency receipt is invalid"
            if tamper == "digest"
            else "unsupported fields"
        )
>       with pytest.raises(CliError, match=message):
E       AssertionError: Regex pattern did not match.
E         Expected regex: 'unsupported fields'
E         Actual message: 'runtime rebind CAS is import_root plus generation interpreter, not SHA-256'

tests/arnold_pipelines/megaplan/test_chain_execution_binding.py:1258: AssertionError
_ test_runtime_cutover_terminal_path_fails_closed[milestone_guard-@terminal milestone guard] _

tmp_path = PosixPath('/private/var/folders/_w/b3tthv192m77c760dbyzvk200000gn/T/pytest-of-peteromalley/pytest-546/test_runtime_cutover_terminal_0')
monkeypatch = <_pytest.monkeypatch.MonkeyPatch object at 0x11fa3b010>
invalid_state = 'milestone_guard', message = '@terminal milestone guard'

    @pytest.mark.parametrize(
        ("invalid_state", "message"),
        [
            ("milestone_guard", "@terminal milestone guard"),
            ("plan_guard", "@none plan guard"),
            ("active_plan", "current plan remains"),
            ("last_state", "canonical last_state 'done'"),
            ("missing_completion", "exact ordered milestone set"),
            ("out_of_order_completion", "exact ordered milestone set"),
            ("non_done_completion", "exact ordered milestone set"),
            ("past_terminal", "outside the bound sequence"),
            ("active_cursor_terminal_token", "current milestone does not match"),
        ],
    )
    def test_runtime_cutover_terminal_path_fails_closed(
        tmp_path: Path,
        monkeypatch: pytest.MonkeyPatch,
        invalid_state: str,
        message: str,
    ) -> None:
        spec_path, state, original_runtime, drift = _terminal_runtime_drift_case(
            tmp_path, monkeypatch
        )
        expected_milestone = "@terminal"
        expected_plan = "@none"
        if invalid_state == "milestone_guard":
            expected_milestone = "c3"
        elif invalid_state == "plan_guard":
            expected_plan = "c3-plan"
        elif invalid_state == "active_plan":
            state.current_plan_name = "c3-plan"
        elif invalid_state == "last_state":
            state.last_state = "blocked"
        elif invalid_state == "missing_completion":
            state.completed.pop()
        elif invalid_state == "out_of_order_completion":
            state.completed[0], state.completed[1] = state.completed[1], state.completed[0]
        elif invalid_state == "non_done_completion":
            state.completed[-1]["status"] = "waived"
        elif invalid_state == "past_terminal":
            state.current_milestone_index += 1
        elif invalid_state == "active_cursor_terminal_token":
            state.current_milestone_index = 0
            state.current_plan_name = "c1-plan"
        before = json.loads(json.dumps(state.to_dict()))
    
        with pytest.raises(CliError, match=message):
>           rebind_runtime_identity(
                spec_path,
                state,
                expected_previous_runtime_sha256=original_runtime["content_sha256"],
                expected_active_runtime_sha256=drift["runtime_binding"]["active"][
                    "content_sha256"
                ],
                expected_current_milestone=expected_milestone,
                expected_current_plan=expected_plan,
                reason="terminal guard regression",
            )

tests/arnold_pipelines/megaplan/test_chain_execution_binding.py:1319: 
_ _ _ _ _ _ _ _ _ _ _ _ _ _ _ _ _ _ _ _ _ _ _ _ _ _ _ _ _ _ _ _ _ _ _ _ _ _ _ _ 

spec_path = PosixPath('/private/var/folders/_w/b3tthv192m77c760dbyzvk200000gn/T/pytest-of-peteromalley/pytest-546/test_runtime_cutover_terminal_0/.megaplan/initiatives/demo/chain.yaml')
state = ChainState(current_milestone_index=3, current_plan_name=None, current_milestone_base_sha=None, target_base_ref=None, l...n_first_seen_at': '2026-08-22T02:56:15Z'}, schema_version=0, milestone_boundary_evidence={}, candidate_invalidation={})

    def rebind_runtime_identity(
        spec_path: Path,
        state: Any,
        *,
        expected_previous_runtime_sha256: str | None = None,
        expected_active_runtime_sha256: str | None = None,
        expected_previous_import_root: str | None = None,
        expected_previous_interpreter: str | None = None,
        expected_active_import_root: str | None = None,
        expected_active_interpreter: str | None = None,
        expected_current_milestone: str,
        expected_current_plan: str,
        reason: str,
        actor: str = "operator",
        direction: str = "cutover",
        verified_external_runtime_identity: Mapping[str, Any] | None = None,
        update_engine_root: bool = False,
        capability: object | None = None,
    ) -> dict[str, Any]:
        """Adopt or roll back an exact runtime without rewriting the spec binding.
    
        When ``update_engine_root`` is set (the ``chain runtime-cutover`` path),
        ``metadata.execution_environment.engine_root`` is moved old->new in the
        same in-memory transaction: the recorded root must CAS-match the previous
        runtime identity's ``import_root`` before ANY mutation, and the new root
        is taken from the adopted runtime identity's ``import_root``.  Non-metadata
        chain fields are untouched, so the CLI's post-mutation operational-field
        check keeps the write fail-closed.
        """
    
        if direction not in {"cutover", "rollback"}:
            raise CliError(
                RUNTIME_DRIFT_ERROR, "runtime rebind direction must be cutover or rollback"
            )
        sha_cas = bool(expected_previous_runtime_sha256 or expected_active_runtime_sha256)
        root_cas = bool(
            expected_previous_import_root
            or expected_previous_interpreter
            or expected_active_import_root
            or expected_active_interpreter
        )
        if sha_cas and not root_cas:
>           raise CliError(
                RUNTIME_DRIFT_ERROR,
                "runtime rebind CAS is import_root plus generation interpreter, not SHA-256",
            )
E           arnold_pipelines.megaplan.types.CliError: runtime rebind CAS is import_root plus generation interpreter, not SHA-256

arnold_pipelines/megaplan/chain/execution_binding.py:1720: CliError

During handling of the above exception, another exception occurred:

tmp_path = PosixPath('/private/var/folders/_w/b3tthv192m77c760dbyzvk200000gn/T/pytest-of-peteromalley/pytest-546/test_runtime_cutover_terminal_0')
monkeypatch = <_pytest.monkeypatch.MonkeyPatch object at 0x11fa3b010>
invalid_state = 'milestone_guard', message = '@terminal milestone guard'

    @pytest.mark.parametrize(
        ("invalid_state", "message"),
        [
            ("milestone_guard", "@terminal milestone guard"),
            ("plan_guard", "@none plan guard"),
            ("active_plan", "current plan remains"),
            ("last_state", "canonical last_state 'done'"),
            ("missing_completion", "exact ordered milestone set"),
            ("out_of_order_completion", "exact ordered milestone set"),
            ("non_done_completion", "exact ordered milestone set"),
            ("past_terminal", "outside the bound sequence"),
            ("active_cursor_terminal_token", "current milestone does not match"),
        ],
    )
    def test_runtime_cutover_terminal_path_fails_closed(
        tmp_path: Path,
        monkeypatch: pytest.MonkeyPatch,
        invalid_state: str,
        message: str,
    ) -> None:
        spec_path, state, original_runtime, drift = _terminal_runtime_drift_case(
            tmp_path, monkeypatch
        )
        expected_milestone = "@terminal"
        expected_plan = "@none"
        if invalid_state == "milestone_guard":
            expected_milestone = "c3"
        elif invalid_state == "plan_guard":
            expected_plan = "c3-plan"
        elif invalid_state == "active_plan":
            state.current_plan_name = "c3-plan"
        elif invalid_state == "last_state":
            state.last_state = "blocked"
        elif invalid_state == "missing_completion":
            state.completed.pop()
        elif invalid_state == "out_of_order_completion":
            state.completed[0], state.completed[1] = state.completed[1], state.completed[0]
        elif invalid_state == "non_done_completion":
            state.completed[-1]["status"] = "waived"
        elif invalid_state == "past_terminal":
            state.current_milestone_index += 1
        elif invalid_state == "active_cursor_terminal_token":
            state.current_milestone_index = 0
            state.current_plan_name = "c1-plan"
        before = json.loads(json.dumps(state.to_dict()))
    
>       with pytest.raises(CliError, match=message):
E       AssertionError: Regex pattern did not match.
E         Expected regex: '@terminal milestone guard'
E         Actual message: 'runtime rebind CAS is import_root plus generation interpreter, not SHA-256'

tests/arnold_pipelines/megaplan/test_chain_execution_binding.py:1318: AssertionError
_ test_runtime_cutover_terminal_path_fails_closed[plan_guard-@none plan guard] _

tmp_path = PosixPath('/private/var/folders/_w/b3tthv192m77c760dbyzvk200000gn/T/pytest-of-peteromalley/pytest-546/test_runtime_cutover_terminal_1')
monkeypatch = <_pytest.monkeypatch.MonkeyPatch object at 0x11fdf45d0>
invalid_state = 'plan_guard', message = '@none plan guard'

    @pytest.mark.parametrize(
        ("invalid_state", "message"),
        [
            ("milestone_guard", "@terminal milestone guard"),
            ("plan_guard", "@none plan guard"),
            ("active_plan", "current plan remains"),
            ("last_state", "canonical last_state 'done'"),
            ("missing_completion", "exact ordered milestone set"),
            ("out_of_order_completion", "exact ordered milestone set"),
            ("non_done_completion", "exact ordered milestone set"),
            ("past_terminal", "outside the bound sequence"),
            ("active_cursor_terminal_token", "current milestone does not match"),
        ],
    )
    def test_runtime_cutover_terminal_path_fails_closed(
        tmp_path: Path,
        monkeypatch: pytest.MonkeyPatch,
        invalid_state: str,
        message: str,
    ) -> None:
        spec_path, state, original_runtime, drift = _terminal_runtime_drift_case(
            tmp_path, monkeypatch
        )
        expected_milestone = "@terminal"
        expected_plan = "@none"
        if invalid_state == "milestone_guard":
            expected_milestone = "c3"
        elif invalid_state == "plan_guard":
            expected_plan = "c3-plan"
        elif invalid_state == "active_plan":
            state.current_plan_name = "c3-plan"
        elif invalid_state == "last_state":
            state.last_state = "blocked"
        elif invalid_state == "missing_completion":
            state.completed.pop()
        elif invalid_state == "out_of_order_completion":
            state.completed[0], state.completed[1] = state.completed[1], state.completed[0]
        elif invalid_state == "non_done_completion":
            state.completed[-1]["status"] = "waived"
        elif invalid_state == "past_terminal":
            state.current_milestone_index += 1
        elif invalid_state == "active_cursor_terminal_token":
            state.current_milestone_index = 0
            state.current_plan_name = "c1-plan"
        before = json.loads(json.dumps(state.to_dict()))
    
        with pytest.raises(CliError, match=message):
>           rebind_runtime_identity(
                spec_path,
                state,
                expected_previous_runtime_sha256=original_runtime["content_sha256"],
                expected_active_runtime_sha256=drift["runtime_binding"]["active"][
                    "content_sha256"
                ],
                expected_current_milestone=expected_milestone,
                expected_current_plan=expected_plan,
                reason="terminal guard regression",
            )

tests/arnold_pipelines/megaplan/test_chain_execution_binding.py:1319: 
_ _ _ _ _ _ _ _ _ _ _ _ _ _ _ _ _ _ _ _ _ _ _ _ _ _ _ _ _ _ _ _ _ _ _ _ _ _ _ _ 

spec_path = PosixPath('/private/var/folders/_w/b3tthv192m77c760dbyzvk200000gn/T/pytest-of-peteromalley/pytest-546/test_runtime_cutover_terminal_1/.megaplan/initiatives/demo/chain.yaml')
state = ChainState(current_milestone_index=3, current_plan_name=None, current_milestone_base_sha=None, target_base_ref=None, l...n_first_seen_at': '2026-08-22T02:56:16Z'}, schema_version=0, milestone_boundary_evidence={}, candidate_invalidation={})

    def rebind_runtime_identity(
        spec_path: Path,
        state: Any,
        *,
        expected_previous_runtime_sha256: str | None = None,
        expected_active_runtime_sha256: str | None = None,
        expected_previous_import_root: str | None = None,
        expected_previous_interpreter: str | None = None,
        expected_active_import_root: str | None = None,
        expected_active_interpreter: str | None = None,
        expected_current_milestone: str,
        expected_current_plan: str,
        reason: str,
        actor: str = "operator",
        direction: str = "cutover",
        verified_external_runtime_identity: Mapping[str, Any] | None = None,
        update_engine_root: bool = False,
        capability: object | None = None,
    ) -> dict[str, Any]:
        """Adopt or roll back an exact runtime without rewriting the spec binding.
    
        When ``update_engine_root`` is set (the ``chain runtime-cutover`` path),
        ``metadata.execution_environment.engine_root`` is moved old->new in the
        same in-memory transaction: the recorded root must CAS-match the previous
        runtime identity's ``import_root`` before ANY mutation, and the new root
        is taken from the adopted runtime identity's ``import_root``.  Non-metadata
        chain fields are untouched, so the CLI's post-mutation operational-field
        check keeps the write fail-closed.
        """
    
        if direction not in {"cutover", "rollback"}:
            raise CliError(
                RUNTIME_DRIFT_ERROR, "runtime rebind direction must be cutover or rollback"
            )
        sha_cas = bool(expected_previous_runtime_sha256 or expected_active_runtime_sha256)
        root_cas = bool(
            expected_previous_import_root
            or expected_previous_interpreter
            or expected_active_import_root
            or expected_active_interpreter
        )
        if sha_cas and not root_cas:
>           raise CliError(
                RUNTIME_DRIFT_ERROR,
                "runtime rebind CAS is import_root plus generation interpreter, not SHA-256",
            )
E           arnold_pipelines.megaplan.types.CliError: runtime rebind CAS is import_root plus generation interpreter, not SHA-256

arnold_pipelines/megaplan/chain/execution_binding.py:1720: CliError

During handling of the above exception, another exception occurred:

tmp_path = PosixPath('/private/var/folders/_w/b3tthv192m77c760dbyzvk200000gn/T/pytest-of-peteromalley/pytest-546/test_runtime_cutover_terminal_1')
monkeypatch = <_pytest.monkeypatch.MonkeyPatch object at 0x11fdf45d0>
invalid_state = 'plan_guard', message = '@none plan guard'

    @pytest.mark.parametrize(
        ("invalid_state", "message"),
        [
            ("milestone_guard", "@terminal milestone guard"),
            ("plan_guard", "@none plan guard"),
            ("active_plan", "current plan remains"),
            ("last_state", "canonical last_state 'done'"),
            ("missing_completion", "exact ordered milestone set"),
            ("out_of_order_completion", "exact ordered milestone set"),
            ("non_done_completion", "exact ordered milestone set"),
            ("past_terminal", "outside the bound sequence"),
            ("active_cursor_terminal_token", "current milestone does not match"),
        ],
    )
    def test_runtime_cutover_terminal_path_fails_closed(
        tmp_path: Path,
        monkeypatch: pytest.MonkeyPatch,
        invalid_state: str,
        message: str,
    ) -> None:
        spec_path, state, original_runtime, drift = _terminal_runtime_drift_case(
            tmp_path, monkeypatch
        )
        expected_milestone = "@terminal"
        expected_plan = "@none"
        if invalid_state == "milestone_guard":
            expected_milestone = "c3"
        elif invalid_state == "plan_guard":
            expected_plan = "c3-plan"
        elif invalid_state == "active_plan":
            state.current_plan_name = "c3-plan"
        elif invalid_state == "last_state":
            state.last_state = "blocked"
        elif invalid_state == "missing_completion":
            state.completed.pop()
        elif invalid_state == "out_of_order_completion":
            state.completed[0], state.completed[1] = state.completed[1], state.completed[0]
        elif invalid_state == "non_done_completion":
            state.completed[-1]["status"] = "waived"
        elif invalid_state == "past_terminal":
            state.current_milestone_index += 1
        elif invalid_state == "active_cursor_terminal_token":
            state.current_milestone_index = 0
            state.current_plan_name = "c1-plan"
        before = json.loads(json.dumps(state.to_dict()))
    
>       with pytest.raises(CliError, match=message):
E       AssertionError: Regex pattern did not match.
E         Expected regex: '@none plan guard'
E         Actual message: 'runtime rebind CAS is import_root plus generation interpreter, not SHA-256'

tests/arnold_pipelines/megaplan/test_chain_execution_binding.py:1318: AssertionError
_ test_runtime_cutover_terminal_path_fails_closed[active_plan-current plan remains] _

tmp_path = PosixPath('/private/var/folders/_w/b3tthv192m77c760dbyzvk200000gn/T/pytest-of-peteromalley/pytest-546/test_runtime_cutover_terminal_2')
monkeypatch = <_pytest.monkeypatch.MonkeyPatch object at 0x11fab2dd0>
invalid_state = 'active_plan', message = 'current plan remains'

    @pytest.mark.parametrize(
        ("invalid_state", "message"),
        [
            ("milestone_guard", "@terminal milestone guard"),
            ("plan_guard", "@none plan guard"),
            ("active_plan", "current plan remains"),
            ("last_state", "canonical last_state 'done'"),
            ("missing_completion", "exact ordered milestone set"),
            ("out_of_order_completion", "exact ordered milestone set"),
            ("non_done_completion", "exact ordered milestone set"),
            ("past_terminal", "outside the bound sequence"),
            ("active_cursor_terminal_token", "current milestone does not match"),
        ],
    )
    def test_runtime_cutover_terminal_path_fails_closed(
        tmp_path: Path,
        monkeypatch: pytest.MonkeyPatch,
        invalid_state: str,
        message: str,
    ) -> None:
        spec_path, state, original_runtime, drift = _terminal_runtime_drift_case(
            tmp_path, monkeypatch
        )
        expected_milestone = "@terminal"
        expected_plan = "@none"
        if invalid_state == "milestone_guard":
            expected_milestone = "c3"
        elif invalid_state == "plan_guard":
            expected_plan = "c3-plan"
        elif invalid_state == "active_plan":
            state.current_plan_name = "c3-plan"
        elif invalid_state == "last_state":
            state.last_state = "blocked"
        elif invalid_state == "missing_completion":
            state.completed.pop()
        elif invalid_state == "out_of_order_completion":
            state.completed[0], state.completed[1] = state.completed[1], state.completed[0]
        elif invalid_state == "non_done_completion":
            state.completed[-1]["status"] = "waived"
        elif invalid_state == "past_terminal":
            state.current_milestone_index += 1
        elif invalid_state == "active_cursor_terminal_token":
            state.current_milestone_index = 0
            state.current_plan_name = "c1-plan"
        before = json.loads(json.dumps(state.to_dict()))
    
        with pytest.raises(CliError, match=message):
>           rebind_runtime_identity(
                spec_path,
                state,
                expected_previous_runtime_sha256=original_runtime["content_sha256"],
                expected_active_runtime_sha256=drift["runtime_binding"]["active"][
                    "content_sha256"
                ],
                expected_current_milestone=expected_milestone,
                expected_current_plan=expected_plan,
                reason="terminal guard regression",
            )

tests/arnold_pipelines/megaplan/test_chain_execution_binding.py:1319: 
_ _ _ _ _ _ _ _ _ _ _ _ _ _ _ _ _ _ _ _ _ _ _ _ _ _ _ _ _ _ _ _ _ _ _ _ _ _ _ _ 

spec_path = PosixPath('/private/var/folders/_w/b3tthv192m77c760dbyzvk200000gn/T/pytest-of-peteromalley/pytest-546/test_runtime_cutover_terminal_2/.megaplan/initiatives/demo/chain.yaml')
state = ChainState(current_milestone_index=3, current_plan_name='c3-plan', current_milestone_base_sha=None, target_base_ref=No...n_first_seen_at': '2026-08-22T02:56:17Z'}, schema_version=0, milestone_boundary_evidence={}, candidate_invalidation={})

    def rebind_runtime_identity(
        spec_path: Path,
        state: Any,
        *,
        expected_previous_runtime_sha256: str | None = None,
        expected_active_runtime_sha256: str | None = None,
        expected_previous_import_root: str | None = None,
        expected_previous_interpreter: str | None = None,
        expected_active_import_root: str | None = None,
        expected_active_interpreter: str | None = None,
        expected_current_milestone: str,
        expected_current_plan: str,
        reason: str,
        actor: str = "operator",
        direction: str = "cutover",
        verified_external_runtime_identity: Mapping[str, Any] | None = None,
        update_engine_root: bool = False,
        capability: object | None = None,
    ) -> dict[str, Any]:
        """Adopt or roll back an exact runtime without rewriting the spec binding.
    
        When ``update_engine_root`` is set (the ``chain runtime-cutover`` path),
        ``metadata.execution_environment.engine_root`` is moved old->new in the
        same in-memory transaction: the recorded root must CAS-match the previous
        runtime identity's ``import_root`` before ANY mutation, and the new root
        is taken from the adopted runtime identity's ``import_root``.  Non-metadata
        chain fields are untouched, so the CLI's post-mutation operational-field
        check keeps the write fail-closed.
        """
    
        if direction not in {"cutover", "rollback"}:
            raise CliError(
                RUNTIME_DRIFT_ERROR, "runtime rebind direction must be cutover or rollback"
            )
        sha_cas = bool(expected_previous_runtime_sha256 or expected_active_runtime_sha256)
        root_cas = bool(
            expected_previous_import_root
            or expected_previous_interpreter
            or expected_active_import_root
            or expected_active_interpreter
        )
        if sha_cas and not root_cas:
>           raise CliError(
                RUNTIME_DRIFT_ERROR,
                "runtime rebind CAS is import_root plus generation interpreter, not SHA-256",
            )
E           arnold_pipelines.megaplan.types.CliError: runtime rebind CAS is import_root plus generation interpreter, not SHA-256

arnold_pipelines/megaplan/chain/execution_binding.py:1720: CliError

During handling of the above exception, another exception occurred:

tmp_path = PosixPath('/private/var/folders/_w/b3tthv192m77c760dbyzvk200000gn/T/pytest-of-peteromalley/pytest-546/test_runtime_cutover_terminal_2')
monkeypatch = <_pytest.monkeypatch.MonkeyPatch object at 0x11fab2dd0>
invalid_state = 'active_plan', message = 'current plan remains'

    @pytest.mark.parametrize(
        ("invalid_state", "message"),
        [
            ("milestone_guard", "@terminal milestone guard"),
            ("plan_guard", "@none plan guard"),
            ("active_plan", "current plan remains"),
            ("last_state", "canonical last_state 'done'"),
            ("missing_completion", "exact ordered milestone set"),
            ("out_of_order_completion", "exact ordered milestone set"),
            ("non_done_completion", "exact ordered milestone set"),
            ("past_terminal", "outside the bound sequence"),
            ("active_cursor_terminal_token", "current milestone does not match"),
        ],
    )
    def test_runtime_cutover_terminal_path_fails_closed(
        tmp_path: Path,
        monkeypatch: pytest.MonkeyPatch,
        invalid_state: str,
        message: str,
    ) -> None:
        spec_path, state, original_runtime, drift = _terminal_runtime_drift_case(
            tmp_path, monkeypatch
        )
        expected_milestone = "@terminal"
        expected_plan = "@none"
        if invalid_state == "milestone_guard":
            expected_milestone = "c3"
        elif invalid_state == "plan_guard":
            expected_plan = "c3-plan"
        elif invalid_state == "active_plan":
            state.current_plan_name = "c3-plan"
        elif invalid_state == "last_state":
            state.last_state = "blocked"
        elif invalid_state == "missing_completion":
            state.completed.pop()
        elif invalid_state == "out_of_order_completion":
            state.completed[0], state.completed[1] = state.completed[1], state.completed[0]
        elif invalid_state == "non_done_completion":
            state.completed[-1]["status"] = "waived"
        elif invalid_state == "past_terminal":
            state.current_milestone_index += 1
        elif invalid_state == "active_cursor_terminal_token":
            state.current_milestone_index = 0
            state.current_plan_name = "c1-plan"
        before = json.loads(json.dumps(state.to_dict()))
    
>       with pytest.raises(CliError, match=message):
E       AssertionError: Regex pattern did not match.
E         Expected regex: 'current plan remains'
E         Actual message: 'runtime rebind CAS is import_root plus generation interpreter, not SHA-256'

tests/arnold_pipelines/megaplan/test_chain_execution_binding.py:1318: AssertionError
_ test_runtime_cutover_terminal_path_fails_closed[last_state-canonical last_state 'done'] _

tmp_path = PosixPath('/private/var/folders/_w/b3tthv192m77c760dbyzvk200000gn/T/pytest-of-peteromalley/pytest-546/test_runtime_cutover_terminal_3')
monkeypatch = <_pytest.monkeypatch.MonkeyPatch object at 0x1281b9f50>
invalid_state = 'last_state', message = "canonical last_state 'done'"

    @pytest.mark.parametrize(
        ("invalid_state", "message"),
        [
            ("milestone_guard", "@terminal milestone guard"),
            ("plan_guard", "@none plan guard"),
            ("active_plan", "current plan remains"),
            ("last_state", "canonical last_state 'done'"),
            ("missing_completion", "exact ordered milestone set"),
            ("out_of_order_completion", "exact ordered milestone set"),
            ("non_done_completion", "exact ordered milestone set"),
            ("past_terminal", "outside the bound sequence"),
            ("active_cursor_terminal_token", "current milestone does not match"),
        ],
    )
    def test_runtime_cutover_terminal_path_fails_closed(
        tmp_path: Path,
        monkeypatch: pytest.MonkeyPatch,
        invalid_state: str,
        message: str,
    ) -> None:
        spec_path, state, original_runtime, drift = _terminal_runtime_drift_case(
            tmp_path, monkeypatch
        )
        expected_milestone = "@terminal"
        expected_plan = "@none"
        if invalid_state == "milestone_guard":
            expected_milestone = "c3"
        elif invalid_state == "plan_guard":
            expected_plan = "c3-plan"
        elif invalid_state == "active_plan":
            state.current_plan_name = "c3-plan"
        elif invalid_state == "last_state":
            state.last_state = "blocked"
        elif invalid_state == "missing_completion":
            state.completed.pop()
        elif invalid_state == "out_of_order_completion":
            state.completed[0], state.completed[1] = state.completed[1], state.completed[0]
        elif invalid_state == "non_done_completion":
            state.completed[-1]["status"] = "waived"
        elif invalid_state == "past_terminal":
            state.current_milestone_index += 1
        elif invalid_state == "active_cursor_terminal_token":
            state.current_milestone_index = 0
            state.current_plan_name = "c1-plan"
        before = json.loads(json.dumps(state.to_dict()))
    
        with pytest.raises(CliError, match=message):
>           rebind_runtime_identity(
                spec_path,
                state,
                expected_previous_runtime_sha256=original_runtime["content_sha256"],
                expected_active_runtime_sha256=drift["runtime_binding"]["active"][
                    "content_sha256"
                ],
                expected_current_milestone=expected_milestone,
                expected_current_plan=expected_plan,
                reason="terminal guard regression",
            )

tests/arnold_pipelines/megaplan/test_chain_execution_binding.py:1319: 
_ _ _ _ _ _ _ _ _ _ _ _ _ _ _ _ _ _ _ _ _ _ _ _ _ _ _ _ _ _ _ _ _ _ _ _ _ _ _ _ 

spec_path = PosixPath('/private/var/folders/_w/b3tthv192m77c760dbyzvk200000gn/T/pytest-of-peteromalley/pytest-546/test_runtime_cutover_terminal_3/.megaplan/initiatives/demo/chain.yaml')
state = ChainState(current_milestone_index=3, current_plan_name=None, current_milestone_base_sha=None, target_base_ref=None, l...n_first_seen_at': '2026-08-22T02:56:17Z'}, schema_version=0, milestone_boundary_evidence={}, candidate_invalidation={})

    def rebind_runtime_identity(
        spec_path: Path,
        state: Any,
        *,
        expected_previous_runtime_sha256: str | None = None,
        expected_active_runtime_sha256: str | None = None,
        expected_previous_import_root: str | None = None,
        expected_previous_interpreter: str | None = None,
        expected_active_import_root: str | None = None,
        expected_active_interpreter: str | None = None,
        expected_current_milestone: str,
        expected_current_plan: str,
        reason: str,
        actor: str = "operator",
        direction: str = "cutover",
        verified_external_runtime_identity: Mapping[str, Any] | None = None,
        update_engine_root: bool = False,
        capability: object | None = None,
    ) -> dict[str, Any]:
        """Adopt or roll back an exact runtime without rewriting the spec binding.
    
        When ``update_engine_root`` is set (the ``chain runtime-cutover`` path),
        ``metadata.execution_environment.engine_root`` is moved old->new in the
        same in-memory transaction: the recorded root must CAS-match the previous
        runtime identity's ``import_root`` before ANY mutation, and the new root
        is taken from the adopted runtime identity's ``import_root``.  Non-metadata
        chain fields are untouched, so the CLI's post-mutation operational-field
        check keeps the write fail-closed.
        """
    
        if direction not in {"cutover", "rollback"}:
            raise CliError(
                RUNTIME_DRIFT_ERROR, "runtime rebind direction must be cutover or rollback"
            )
        sha_cas = bool(expected_previous_runtime_sha256 or expected_active_runtime_sha256)
        root_cas = bool(
            expected_previous_import_root
            or expected_previous_interpreter
            or expected_active_import_root
            or expected_active_interpreter
        )
        if sha_cas and not root_cas:
>           raise CliError(
                RUNTIME_DRIFT_ERROR,
                "runtime rebind CAS is import_root plus generation interpreter, not SHA-256",
            )
E           arnold_pipelines.megaplan.types.CliError: runtime rebind CAS is import_root plus generation interpreter, not SHA-256

arnold_pipelines/megaplan/chain/execution_binding.py:1720: CliError

During handling of the above exception, another exception occurred:

tmp_path = PosixPath('/private/var/folders/_w/b3tthv192m77c760dbyzvk200000gn/T/pytest-of-peteromalley/pytest-546/test_runtime_cutover_terminal_3')
monkeypatch = <_pytest.monkeypatch.MonkeyPatch object at 0x1281b9f50>
invalid_state = 'last_state', message = "canonical last_state 'done'"

    @pytest.mark.parametrize(
        ("invalid_state", "message"),
        [
            ("milestone_guard", "@terminal milestone guard"),
            ("plan_guard", "@none plan guard"),
            ("active_plan", "current plan remains"),
            ("last_state", "canonical last_state 'done'"),
            ("missing_completion", "exact ordered milestone set"),
            ("out_of_order_completion", "exact ordered milestone set"),
            ("non_done_completion", "exact ordered milestone set"),
            ("past_terminal", "outside the bound sequence"),
            ("active_cursor_terminal_token", "current milestone does not match"),
        ],
    )
    def test_runtime_cutover_terminal_path_fails_closed(
        tmp_path: Path,
        monkeypatch: pytest.MonkeyPatch,
        invalid_state: str,
        message: str,
    ) -> None:
        spec_path, state, original_runtime, drift = _terminal_runtime_drift_case(
            tmp_path, monkeypatch
        )
        expected_milestone = "@terminal"
        expected_plan = "@none"
        if invalid_state == "milestone_guard":
            expected_milestone = "c3"
        elif invalid_state == "plan_guard":
            expected_plan = "c3-plan"
        elif invalid_state == "active_plan":
            state.current_plan_name = "c3-plan"
        elif invalid_state == "last_state":
            state.last_state = "blocked"
        elif invalid_state == "missing_completion":
            state.completed.pop()
        elif invalid_state == "out_of_order_completion":
            state.completed[0], state.completed[1] = state.completed[1], state.completed[0]
        elif invalid_state == "non_done_completion":
            state.completed[-1]["status"] = "waived"
        elif invalid_state == "past_terminal":
            state.current_milestone_index += 1
        elif invalid_state == "active_cursor_terminal_token":
            state.current_milestone_index = 0
            state.current_plan_name = "c1-plan"
        before = json.loads(json.dumps(state.to_dict()))
    
>       with pytest.raises(CliError, match=message):
E       AssertionError: Regex pattern did not match.
E         Expected regex: "canonical last_state 'done'"
E         Actual message: 'runtime rebind CAS is import_root plus generation interpreter, not SHA-256'

tests/arnold_pipelines/megaplan/test_chain_execution_binding.py:1318: AssertionError
_ test_runtime_cutover_terminal_path_fails_closed[missing_completion-exact ordered milestone set] _

tmp_path = PosixPath('/private/var/folders/_w/b3tthv192m77c760dbyzvk200000gn/T/pytest-of-peteromalley/pytest-546/test_runtime_cutover_terminal_4')
monkeypatch = <_pytest.monkeypatch.MonkeyPatch object at 0x11f9fdfd0>
invalid_state = 'missing_completion', message = 'exact ordered milestone set'

    @pytest.mark.parametrize(
        ("invalid_state", "message"),
        [
            ("milestone_guard", "@terminal milestone guard"),
            ("plan_guard", "@none plan guard"),
            ("active_plan", "current plan remains"),
            ("last_state", "canonical last_state 'done'"),
            ("missing_completion", "exact ordered milestone set"),
            ("out_of_order_completion", "exact ordered milestone set"),
            ("non_done_completion", "exact ordered milestone set"),
            ("past_terminal", "outside the bound sequence"),
            ("active_cursor_terminal_token", "current milestone does not match"),
        ],
    )
    def test_runtime_cutover_terminal_path_fails_closed(
        tmp_path: Path,
        monkeypatch: pytest.MonkeyPatch,
        invalid_state: str,
        message: str,
    ) -> None:
        spec_path, state, original_runtime, drift = _terminal_runtime_drift_case(
            tmp_path, monkeypatch
        )
        expected_milestone = "@terminal"
        expected_plan = "@none"
        if invalid_state == "milestone_guard":
            expected_milestone = "c3"
        elif invalid_state == "plan_guard":
            expected_plan = "c3-plan"
        elif invalid_state == "active_plan":
            state.current_plan_name = "c3-plan"
        elif invalid_state == "last_state":
            state.last_state = "blocked"
        elif invalid_state == "missing_completion":
            state.completed.pop()
        elif invalid_state == "out_of_order_completion":
            state.completed[0], state.completed[1] = state.completed[1], state.completed[0]
        elif invalid_state == "non_done_completion":
            state.completed[-1]["status"] = "waived"
        elif invalid_state == "past_terminal":
            state.current_milestone_index += 1
        elif invalid_state == "active_cursor_terminal_token":
            state.current_milestone_index = 0
            state.current_plan_name = "c1-plan"
        before = json.loads(json.dumps(state.to_dict()))
    
        with pytest.raises(CliError, match=message):
>           rebind_runtime_identity(
                spec_path,
                state,
                expected_previous_runtime_sha256=original_runtime["content_sha256"],
                expected_active_runtime_sha256=drift["runtime_binding"]["active"][
                    "content_sha256"
                ],
                expected_current_milestone=expected_milestone,
                expected_current_plan=expected_plan,
                reason="terminal guard regression",
            )

tests/arnold_pipelines/megaplan/test_chain_execution_binding.py:1319: 
_ _ _ _ _ _ _ _ _ _ _ _ _ _ _ _ _ _ _ _ _ _ _ _ _ _ _ _ _ _ _ _ _ _ _ _ _ _ _ _ 

spec_path = PosixPath('/private/var/folders/_w/b3tthv192m77c760dbyzvk200000gn/T/pytest-of-peteromalley/pytest-546/test_runtime_cutover_terminal_4/.megaplan/initiatives/demo/chain.yaml')
state = ChainState(current_milestone_index=3, current_plan_name=None, current_milestone_base_sha=None, target_base_ref=None, l...n_first_seen_at': '2026-08-22T02:56:18Z'}, schema_version=0, milestone_boundary_evidence={}, candidate_invalidation={})

    def rebind_runtime_identity(
        spec_path: Path,
        state: Any,
        *,
        expected_previous_runtime_sha256: str | None = None,
        expected_active_runtime_sha256: str | None = None,
        expected_previous_import_root: str | None = None,
        expected_previous_interpreter: str | None = None,
        expected_active_import_root: str | None = None,
        expected_active_interpreter: str | None = None,
        expected_current_milestone: str,
        expected_current_plan: str,
        reason: str,
        actor: str = "operator",
        direction: str = "cutover",
        verified_external_runtime_identity: Mapping[str, Any] | None = None,
        update_engine_root: bool = False,
        capability: object | None = None,
    ) -> dict[str, Any]:
        """Adopt or roll back an exact runtime without rewriting the spec binding.
    
        When ``update_engine_root`` is set (the ``chain runtime-cutover`` path),
        ``metadata.execution_environment.engine_root`` is moved old->new in the
        same in-memory transaction: the recorded root must CAS-match the previous
        runtime identity's ``import_root`` before ANY mutation, and the new root
        is taken from the adopted runtime identity's ``import_root``.  Non-metadata
        chain fields are untouched, so the CLI's post-mutation operational-field
        check keeps the write fail-closed.
        """
    
        if direction not in {"cutover", "rollback"}:
            raise CliError(
                RUNTIME_DRIFT_ERROR, "runtime rebind direction must be cutover or rollback"
            )
        sha_cas = bool(expected_previous_runtime_sha256 or expected_active_runtime_sha256)
        root_cas = bool(
            expected_previous_import_root
            or expected_previous_interpreter
            or expected_active_import_root
            or expected_active_interpreter
        )
        if sha_cas and not root_cas:
>           raise CliError(
                RUNTIME_DRIFT_ERROR,
                "runtime rebind CAS is import_root plus generation interpreter, not SHA-256",
            )
E           arnold_pipelines.megaplan.types.CliError: runtime rebind CAS is import_root plus generation interpreter, not SHA-256

arnold_pipelines/megaplan/chain/execution_binding.py:1720: CliError

During handling of the above exception, another exception occurred:

tmp_path = PosixPath('/private/var/folders/_w/b3tthv192m77c760dbyzvk200000gn/T/pytest-of-peteromalley/pytest-546/test_runtime_cutover_terminal_4')
monkeypatch = <_pytest.monkeypatch.MonkeyPatch object at 0x11f9fdfd0>
invalid_state = 'missing_completion', message = 'exact ordered milestone set'

    @pytest.mark.parametrize(
        ("invalid_state", "message"),
        [
            ("milestone_guard", "@terminal milestone guard"),
            ("plan_guard", "@none plan guard"),
            ("active_plan", "current plan remains"),
            ("last_state", "canonical last_state 'done'"),
            ("missing_completion", "exact ordered milestone set"),
            ("out_of_order_completion", "exact ordered milestone set"),
            ("non_done_completion", "exact ordered milestone set"),
            ("past_terminal", "outside the bound sequence"),
            ("active_cursor_terminal_token", "current milestone does not match"),
        ],
    )
    def test_runtime_cutover_terminal_path_fails_closed(
        tmp_path: Path,
        monkeypatch: pytest.MonkeyPatch,
        invalid_state: str,
        message: str,
    ) -> None:
        spec_path, state, original_runtime, drift = _terminal_runtime_drift_case(
            tmp_path, monkeypatch
        )
        expected_milestone = "@terminal"
        expected_plan = "@none"
        if invalid_state == "milestone_guard":
            expected_milestone = "c3"
        elif invalid_state == "plan_guard":
            expected_plan = "c3-plan"
        elif invalid_state == "active_plan":
            state.current_plan_name = "c3-plan"
        elif invalid_state == "last_state":
            state.last_state = "blocked"
        elif invalid_state == "missing_completion":
            state.completed.pop()
        elif invalid_state == "out_of_order_completion":
            state.completed[0], state.completed[1] = state.completed[1], state.completed[0]
        elif invalid_state == "non_done_completion":
            state.completed[-1]["status"] = "waived"
        elif invalid_state == "past_terminal":
            state.current_milestone_index += 1
        elif invalid_state == "active_cursor_terminal_token":
            state.current_milestone_index = 0
            state.current_plan_name = "c1-plan"
        before = json.loads(json.dumps(state.to_dict()))
    
>       with pytest.raises(CliError, match=message):
E       AssertionError: Regex pattern did not match.
E         Expected regex: 'exact ordered milestone set'
E         Actual message: 'runtime rebind CAS is import_root plus generation interpreter, not SHA-256'

tests/arnold_pipelines/megaplan/test_chain_execution_binding.py:1318: AssertionError
_ test_runtime_cutover_terminal_path_fails_closed[out_of_order_completion-exact ordered milestone set] _

tmp_path = PosixPath('/private/var/folders/_w/b3tthv192m77c760dbyzvk200000gn/T/pytest-of-peteromalley/pytest-546/test_runtime_cutover_terminal_5')
monkeypatch = <_pytest.monkeypatch.MonkeyPatch object at 0x12f0aef90>
invalid_state = 'out_of_order_completion'
message = 'exact ordered milestone set'

    @pytest.mark.parametrize(
        ("invalid_state", "message"),
        [
            ("milestone_guard", "@terminal milestone guard"),
            ("plan_guard", "@none plan guard"),
            ("active_plan", "current plan remains"),
            ("last_state", "canonical last_state 'done'"),
            ("missing_completion", "exact ordered milestone set"),
            ("out_of_order_completion", "exact ordered milestone set"),
            ("non_done_completion", "exact ordered milestone set"),
            ("past_terminal", "outside the bound sequence"),
            ("active_cursor_terminal_token", "current milestone does not match"),
        ],
    )
    def test_runtime_cutover_terminal_path_fails_closed(
        tmp_path: Path,
        monkeypatch: pytest.MonkeyPatch,
        invalid_state: str,
        message: str,
    ) -> None:
        spec_path, state, original_runtime, drift = _terminal_runtime_drift_case(
            tmp_path, monkeypatch
        )
        expected_milestone = "@terminal"
        expected_plan = "@none"
        if invalid_state == "milestone_guard":
            expected_milestone = "c3"
        elif invalid_state == "plan_guard":
            expected_plan = "c3-plan"
        elif invalid_state == "active_plan":
            state.current_plan_name = "c3-plan"
        elif invalid_state == "last_state":
            state.last_state = "blocked"
        elif invalid_state == "missing_completion":
            state.completed.pop()
        elif invalid_state == "out_of_order_completion":
            state.completed[0], state.completed[1] = state.completed[1], state.completed[0]
        elif invalid_state == "non_done_completion":
            state.completed[-1]["status"] = "waived"
        elif invalid_state == "past_terminal":
            state.current_milestone_index += 1
        elif invalid_state == "active_cursor_terminal_token":
            state.current_milestone_index = 0
            state.current_plan_name = "c1-plan"
        before = json.loads(json.dumps(state.to_dict()))
    
        with pytest.raises(CliError, match=message):
>           rebind_runtime_identity(
                spec_path,
                state,
                expected_previous_runtime_sha256=original_runtime["content_sha256"],
                expected_active_runtime_sha256=drift["runtime_binding"]["active"][
                    "content_sha256"
                ],
                expected_current_milestone=expected_milestone,
                expected_current_plan=expected_plan,
                reason="terminal guard regression",
            )

tests/arnold_pipelines/megaplan/test_chain_execution_binding.py:1319: 
_ _ _ _ _ _ _ _ _ _ _ _ _ _ _ _ _ _ _ _ _ _ _ _ _ _ _ _ _ _ _ _ _ _ _ _ _ _ _ _ 

spec_path = PosixPath('/private/var/folders/_w/b3tthv192m77c760dbyzvk200000gn/T/pytest-of-peteromalley/pytest-546/test_runtime_cutover_terminal_5/.megaplan/initiatives/demo/chain.yaml')
state = ChainState(current_milestone_index=3, current_plan_name=None, current_milestone_base_sha=None, target_base_ref=None, l...n_first_seen_at': '2026-08-22T02:56:19Z'}, schema_version=0, milestone_boundary_evidence={}, candidate_invalidation={})

    def rebind_runtime_identity(
        spec_path: Path,
        state: Any,
        *,
        expected_previous_runtime_sha256: str | None = None,
        expected_active_runtime_sha256: str | None = None,
        expected_previous_import_root: str | None = None,
        expected_previous_interpreter: str | None = None,
        expected_active_import_root: str | None = None,
        expected_active_interpreter: str | None = None,
        expected_current_milestone: str,
        expected_current_plan: str,
        reason: str,
        actor: str = "operator",
        direction: str = "cutover",
        verified_external_runtime_identity: Mapping[str, Any] | None = None,
        update_engine_root: bool = False,
        capability: object | None = None,
    ) -> dict[str, Any]:
        """Adopt or roll back an exact runtime without rewriting the spec binding.
    
        When ``update_engine_root`` is set (the ``chain runtime-cutover`` path),
        ``metadata.execution_environment.engine_root`` is moved old->new in the
        same in-memory transaction: the recorded root must CAS-match the previous
        runtime identity's ``import_root`` before ANY mutation, and the new root
        is taken from the adopted runtime identity's ``import_root``.  Non-metadata
        chain fields are untouched, so the CLI's post-mutation operational-field
        check keeps the write fail-closed.
        """
    
        if direction not in {"cutover", "rollback"}:
            raise CliError(
                RUNTIME_DRIFT_ERROR, "runtime rebind direction must be cutover or rollback"
            )
        sha_cas = bool(expected_previous_runtime_sha256 or expected_active_runtime_sha256)
        root_cas = bool(
            expected_previous_import_root
            or expected_previous_interpreter
            or expected_active_import_root
            or expected_active_interpreter
        )
        if sha_cas and not root_cas:
>           raise CliError(
                RUNTIME_DRIFT_ERROR,
                "runtime rebind CAS is import_root plus generation interpreter, not SHA-256",
            )
E           arnold_pipelines.megaplan.types.CliError: runtime rebind CAS is import_root plus generation interpreter, not SHA-256

arnold_pipelines/megaplan/chain/execution_binding.py:1720: CliError

During handling of the above exception, another exception occurred:

tmp_path = PosixPath('/private/var/folders/_w/b3tthv192m77c760dbyzvk200000gn/T/pytest-of-peteromalley/pytest-546/test_runtime_cutover_terminal_5')
monkeypatch = <_pytest.monkeypatch.MonkeyPatch object at 0x12f0aef90>
invalid_state = 'out_of_order_completion'
message = 'exact ordered milestone set'

    @pytest.mark.parametrize(
        ("invalid_state", "message"),
        [
            ("milestone_guard", "@terminal milestone guard"),
            ("plan_guard", "@none plan guard"),
            ("active_plan", "current plan remains"),
            ("last_state", "canonical last_state 'done'"),
            ("missing_completion", "exact ordered milestone set"),
            ("out_of_order_completion", "exact ordered milestone set"),
            ("non_done_completion", "exact ordered milestone set"),
            ("past_terminal", "outside the bound sequence"),
            ("active_cursor_terminal_token", "current milestone does not match"),
        ],
    )
    def test_runtime_cutover_terminal_path_fails_closed(
        tmp_path: Path,
        monkeypatch: pytest.MonkeyPatch,
        invalid_state: str,
        message: str,
    ) -> None:
        spec_path, state, original_runtime, drift = _terminal_runtime_drift_case(
            tmp_path, monkeypatch
        )
        expected_milestone = "@terminal"
        expected_plan = "@none"
        if invalid_state == "milestone_guard":
            expected_milestone = "c3"
        elif invalid_state == "plan_guard":
            expected_plan = "c3-plan"
        elif invalid_state == "active_plan":
            state.current_plan_name = "c3-plan"
        elif invalid_state == "last_state":
            state.last_state = "blocked"
        elif invalid_state == "missing_completion":
            state.completed.pop()
        elif invalid_state == "out_of_order_completion":
            state.completed[0], state.completed[1] = state.completed[1], state.completed[0]
        elif invalid_state == "non_done_completion":
            state.completed[-1]["status"] = "waived"
        elif invalid_state == "past_terminal":
            state.current_milestone_index += 1
        elif invalid_state == "active_cursor_terminal_token":
            state.current_milestone_index = 0
            state.current_plan_name = "c1-plan"
        before = json.loads(json.dumps(state.to_dict()))
    
>       with pytest.raises(CliError, match=message):
E       AssertionError: Regex pattern did not match.
E         Expected regex: 'exact ordered milestone set'
E         Actual message: 'runtime rebind CAS is import_root plus generation interpreter, not SHA-256'

tests/arnold_pipelines/megaplan/test_chain_execution_binding.py:1318: AssertionError
_ test_runtime_cutover_terminal_path_fails_closed[non_done_completion-exact ordered milestone set] _

tmp_path = PosixPath('/private/var/folders/_w/b3tthv192m77c760dbyzvk200000gn/T/pytest-of-peteromalley/pytest-546/test_runtime_cutover_terminal_6')
monkeypatch = <_pytest.monkeypatch.MonkeyPatch object at 0x11fd58790>
invalid_state = 'non_done_completion', message = 'exact ordered milestone set'

    @pytest.mark.parametrize(
        ("invalid_state", "message"),
        [
            ("milestone_guard", "@terminal milestone guard"),
            ("plan_guard", "@none plan guard"),
            ("active_plan", "current plan remains"),
            ("last_state", "canonical last_state 'done'"),
            ("missing_completion", "exact ordered milestone set"),
            ("out_of_order_completion", "exact ordered milestone set"),
            ("non_done_completion", "exact ordered milestone set"),
            ("past_terminal", "outside the bound sequence"),
            ("active_cursor_terminal_token", "current milestone does not match"),
        ],
    )
    def test_runtime_cutover_terminal_path_fails_closed(
        tmp_path: Path,
        monkeypatch: pytest.MonkeyPatch,
        invalid_state: str,
        message: str,
    ) -> None:
        spec_path, state, original_runtime, drift = _terminal_runtime_drift_case(
            tmp_path, monkeypatch
        )
        expected_milestone = "@terminal"
        expected_plan = "@none"
        if invalid_state == "milestone_guard":
            expected_milestone = "c3"
        elif invalid_state == "plan_guard":
            expected_plan = "c3-plan"
        elif invalid_state == "active_plan":
            state.current_plan_name = "c3-plan"
        elif invalid_state == "last_state":
            state.last_state = "blocked"
        elif invalid_state == "missing_completion":
            state.completed.pop()
        elif invalid_state == "out_of_order_completion":
            state.completed[0], state.completed[1] = state.completed[1], state.completed[0]
        elif invalid_state == "non_done_completion":
            state.completed[-1]["status"] = "waived"
        elif invalid_state == "past_terminal":
            state.current_milestone_index += 1
        elif invalid_state == "active_cursor_terminal_token":
            state.current_milestone_index = 0
            state.current_plan_name = "c1-plan"
        before = json.loads(json.dumps(state.to_dict()))
    
        with pytest.raises(CliError, match=message):
>           rebind_runtime_identity(
                spec_path,
                state,
                expected_previous_runtime_sha256=original_runtime["content_sha256"],
                expected_active_runtime_sha256=drift["runtime_binding"]["active"][
                    "content_sha256"
                ],
                expected_current_milestone=expected_milestone,
                expected_current_plan=expected_plan,
                reason="terminal guard regression",
            )

tests/arnold_pipelines/megaplan/test_chain_execution_binding.py:1319: 
_ _ _ _ _ _ _ _ _ _ _ _ _ _ _ _ _ _ _ _ _ _ _ _ _ _ _ _ _ _ _ _ _ _ _ _ _ _ _ _ 

spec_path = PosixPath('/private/var/folders/_w/b3tthv192m77c760dbyzvk200000gn/T/pytest-of-peteromalley/pytest-546/test_runtime_cutover_terminal_6/.megaplan/initiatives/demo/chain.yaml')
state = ChainState(current_milestone_index=3, current_plan_name=None, current_milestone_base_sha=None, target_base_ref=None, l...n_first_seen_at': '2026-08-22T02:56:20Z'}, schema_version=0, milestone_boundary_evidence={}, candidate_invalidation={})

    def rebind_runtime_identity(
        spec_path: Path,
        state: Any,
        *,
        expected_previous_runtime_sha256: str | None = None,
        expected_active_runtime_sha256: str | None = None,
        expected_previous_import_root: str | None = None,
        expected_previous_interpreter: str | None = None,
        expected_active_import_root: str | None = None,
        expected_active_interpreter: str | None = None,
        expected_current_milestone: str,
        expected_current_plan: str,
        reason: str,
        actor: str = "operator",
        direction: str = "cutover",
        verified_external_runtime_identity: Mapping[str, Any] | None = None,
        update_engine_root: bool = False,
        capability: object | None = None,
    ) -> dict[str, Any]:
        """Adopt or roll back an exact runtime without rewriting the spec binding.
    
        When ``update_engine_root`` is set (the ``chain runtime-cutover`` path),
        ``metadata.execution_environment.engine_root`` is moved old->new in the
        same in-memory transaction: the recorded root must CAS-match the previous
        runtime identity's ``import_root`` before ANY mutation, and the new root
        is taken from the adopted runtime identity's ``import_root``.  Non-metadata
        chain fields are untouched, so the CLI's post-mutation operational-field
        check keeps the write fail-closed.
        """
    
        if direction not in {"cutover", "rollback"}:
            raise CliError(
                RUNTIME_DRIFT_ERROR, "runtime rebind direction must be cutover or rollback"
            )
        sha_cas = bool(expected_previous_runtime_sha256 or expected_active_runtime_sha256)
        root_cas = bool(
            expected_previous_import_root
            or expected_previous_interpreter
            or expected_active_import_root
            or expected_active_interpreter
        )
        if sha_cas and not root_cas:
>           raise CliError(
                RUNTIME_DRIFT_ERROR,
                "runtime rebind CAS is import_root plus generation interpreter, not SHA-256",
            )
E           arnold_pipelines.megaplan.types.CliError: runtime rebind CAS is import_root plus generation interpreter, not SHA-256

arnold_pipelines/megaplan/chain/execution_binding.py:1720: CliError

During handling of the above exception, another exception occurred:

tmp_path = PosixPath('/private/var/folders/_w/b3tthv192m77c760dbyzvk200000gn/T/pytest-of-peteromalley/pytest-546/test_runtime_cutover_terminal_6')
monkeypatch = <_pytest.monkeypatch.MonkeyPatch object at 0x11fd58790>
invalid_state = 'non_done_completion', message = 'exact ordered milestone set'

    @pytest.mark.parametrize(
        ("invalid_state", "message"),
        [
            ("milestone_guard", "@terminal milestone guard"),
            ("plan_guard", "@none plan guard"),
            ("active_plan", "current plan remains"),
            ("last_state", "canonical last_state 'done'"),
            ("missing_completion", "exact ordered milestone set"),
            ("out_of_order_completion", "exact ordered milestone set"),
            ("non_done_completion", "exact ordered milestone set"),
            ("past_terminal", "outside the bound sequence"),
            ("active_cursor_terminal_token", "current milestone does not match"),
        ],
    )
    def test_runtime_cutover_terminal_path_fails_closed(
        tmp_path: Path,
        monkeypatch: pytest.MonkeyPatch,
        invalid_state: str,
        message: str,
    ) -> None:
        spec_path, state, original_runtime, drift = _terminal_runtime_drift_case(
            tmp_path, monkeypatch
        )
        expected_milestone = "@terminal"
        expected_plan = "@none"
        if invalid_state == "milestone_guard":
            expected_milestone = "c3"
        elif invalid_state == "plan_guard":
            expected_plan = "c3-plan"
        elif invalid_state == "active_plan":
            state.current_plan_name = "c3-plan"
        elif invalid_state == "last_state":
            state.last_state = "blocked"
        elif invalid_state == "missing_completion":
            state.completed.pop()
        elif invalid_state == "out_of_order_completion":
            state.completed[0], state.completed[1] = state.completed[1], state.completed[0]
        elif invalid_state == "non_done_completion":
            state.completed[-1]["status"] = "waived"
        elif invalid_state == "past_terminal":
            state.current_milestone_index += 1
        elif invalid_state == "active_cursor_terminal_token":
            state.current_milestone_index = 0
            state.current_plan_name = "c1-plan"
        before = json.loads(json.dumps(state.to_dict()))
    
>       with pytest.raises(CliError, match=message):
E       AssertionError: Regex pattern did not match.
E         Expected regex: 'exact ordered milestone set'
E         Actual message: 'runtime rebind CAS is import_root plus generation interpreter, not SHA-256'

tests/arnold_pipelines/megaplan/test_chain_execution_binding.py:1318: AssertionError
_ test_runtime_cutover_terminal_path_fails_closed[past_terminal-outside the bound sequence] _

tmp_path = PosixPath('/private/var/folders/_w/b3tthv192m77c760dbyzvk200000gn/T/pytest-of-peteromalley/pytest-546/test_runtime_cutover_terminal_7')
monkeypatch = <_pytest.monkeypatch.MonkeyPatch object at 0x1282a0150>
invalid_state = 'past_terminal', message = 'outside the bound sequence'

    @pytest.mark.parametrize(
        ("invalid_state", "message"),
        [
            ("milestone_guard", "@terminal milestone guard"),
            ("plan_guard", "@none plan guard"),
            ("active_plan", "current plan remains"),
            ("last_state", "canonical last_state 'done'"),
            ("missing_completion", "exact ordered milestone set"),
            ("out_of_order_completion", "exact ordered milestone set"),
            ("non_done_completion", "exact ordered milestone set"),
            ("past_terminal", "outside the bound sequence"),
            ("active_cursor_terminal_token", "current milestone does not match"),
        ],
    )
    def test_runtime_cutover_terminal_path_fails_closed(
        tmp_path: Path,
        monkeypatch: pytest.MonkeyPatch,
        invalid_state: str,
        message: str,
    ) -> None:
        spec_path, state, original_runtime, drift = _terminal_runtime_drift_case(
            tmp_path, monkeypatch
        )
        expected_milestone = "@terminal"
        expected_plan = "@none"
        if invalid_state == "milestone_guard":
            expected_milestone = "c3"
        elif invalid_state == "plan_guard":
            expected_plan = "c3-plan"
        elif invalid_state == "active_plan":
            state.current_plan_name = "c3-plan"
        elif invalid_state == "last_state":
            state.last_state = "blocked"
        elif invalid_state == "missing_completion":
            state.completed.pop()
        elif invalid_state == "out_of_order_completion":
            state.completed[0], state.completed[1] = state.completed[1], state.completed[0]
        elif invalid_state == "non_done_completion":
            state.completed[-1]["status"] = "waived"
        elif invalid_state == "past_terminal":
            state.current_milestone_index += 1
        elif invalid_state == "active_cursor_terminal_token":
            state.current_milestone_index = 0
            state.current_plan_name = "c1-plan"
        before = json.loads(json.dumps(state.to_dict()))
    
        with pytest.raises(CliError, match=message):
>           rebind_runtime_identity(
                spec_path,
                state,
                expected_previous_runtime_sha256=original_runtime["content_sha256"],
                expected_active_runtime_sha256=drift["runtime_binding"]["active"][
                    "content_sha256"
                ],
                expected_current_milestone=expected_milestone,
                expected_current_plan=expected_plan,
                reason="terminal guard regression",
            )

tests/arnold_pipelines/megaplan/test_chain_execution_binding.py:1319: 
_ _ _ _ _ _ _ _ _ _ _ _ _ _ _ _ _ _ _ _ _ _ _ _ _ _ _ _ _ _ _ _ _ _ _ _ _ _ _ _ 

spec_path = PosixPath('/private/var/folders/_w/b3tthv192m77c760dbyzvk200000gn/T/pytest-of-peteromalley/pytest-546/test_runtime_cutover_terminal_7/.megaplan/initiatives/demo/chain.yaml')
state = ChainState(current_milestone_index=4, current_plan_name=None, current_milestone_base_sha=None, target_base_ref=None, l...n_first_seen_at': '2026-08-22T02:56:21Z'}, schema_version=0, milestone_boundary_evidence={}, candidate_invalidation={})

    def rebind_runtime_identity(
        spec_path: Path,
        state: Any,
        *,
        expected_previous_runtime_sha256: str | None = None,
        expected_active_runtime_sha256: str | None = None,
        expected_previous_import_root: str | None = None,
        expected_previous_interpreter: str | None = None,
        expected_active_import_root: str | None = None,
        expected_active_interpreter: str | None = None,
        expected_current_milestone: str,
        expected_current_plan: str,
        reason: str,
        actor: str = "operator",
        direction: str = "cutover",
        verified_external_runtime_identity: Mapping[str, Any] | None = None,
        update_engine_root: bool = False,
        capability: object | None = None,
    ) -> dict[str, Any]:
        """Adopt or roll back an exact runtime without rewriting the spec binding.
    
        When ``update_engine_root`` is set (the ``chain runtime-cutover`` path),
        ``metadata.execution_environment.engine_root`` is moved old->new in the
        same in-memory transaction: the recorded root must CAS-match the previous
        runtime identity's ``import_root`` before ANY mutation, and the new root
        is taken from the adopted runtime identity's ``import_root``.  Non-metadata
        chain fields are untouched, so the CLI's post-mutation operational-field
        check keeps the write fail-closed.
        """
    
        if direction not in {"cutover", "rollback"}:
            raise CliError(
                RUNTIME_DRIFT_ERROR, "runtime rebind direction must be cutover or rollback"
            )
        sha_cas = bool(expected_previous_runtime_sha256 or expected_active_runtime_sha256)
        root_cas = bool(
            expected_previous_import_root
            or expected_previous_interpreter
            or expected_active_import_root
            or expected_active_interpreter
        )
        if sha_cas and not root_cas:
>           raise CliError(
                RUNTIME_DRIFT_ERROR,
                "runtime rebind CAS is import_root plus generation interpreter, not SHA-256",
            )
E           arnold_pipelines.megaplan.types.CliError: runtime rebind CAS is import_root plus generation interpreter, not SHA-256

arnold_pipelines/megaplan/chain/execution_binding.py:1720: CliError

During handling of the above exception, another exception occurred:

tmp_path = PosixPath('/private/var/folders/_w/b3tthv192m77c760dbyzvk200000gn/T/pytest-of-peteromalley/pytest-546/test_runtime_cutover_terminal_7')
monkeypatch = <_pytest.monkeypatch.MonkeyPatch object at 0x1282a0150>
invalid_state = 'past_terminal', message = 'outside the bound sequence'

    @pytest.mark.parametrize(
        ("invalid_state", "message"),
        [
            ("milestone_guard", "@terminal milestone guard"),
            ("plan_guard", "@none plan guard"),
            ("active_plan", "current plan remains"),
            ("last_state", "canonical last_state 'done'"),
            ("missing_completion", "exact ordered milestone set"),
            ("out_of_order_completion", "exact ordered milestone set"),
            ("non_done_completion", "exact ordered milestone set"),
            ("past_terminal", "outside the bound sequence"),
            ("active_cursor_terminal_token", "current milestone does not match"),
        ],
    )
    def test_runtime_cutover_terminal_path_fails_closed(
        tmp_path: Path,
        monkeypatch: pytest.MonkeyPatch,
        invalid_state: str,
        message: str,
    ) -> None:
        spec_path, state, original_runtime, drift = _terminal_runtime_drift_case(
            tmp_path, monkeypatch
        )
        expected_milestone = "@terminal"
        expected_plan = "@none"
        if invalid_state == "milestone_guard":
            expected_milestone = "c3"
        elif invalid_state == "plan_guard":
            expected_plan = "c3-plan"
        elif invalid_state == "active_plan":
            state.current_plan_name = "c3-plan"
        elif invalid_state == "last_state":
            state.last_state = "blocked"
        elif invalid_state == "missing_completion":
            state.completed.pop()
        elif invalid_state == "out_of_order_completion":
            state.completed[0], state.completed[1] = state.completed[1], state.completed[0]
        elif invalid_state == "non_done_completion":
            state.completed[-1]["status"] = "waived"
        elif invalid_state == "past_terminal":
            state.current_milestone_index += 1
        elif invalid_state == "active_cursor_terminal_token":
            state.current_milestone_index = 0
            state.current_plan_name = "c1-plan"
        before = json.loads(json.dumps(state.to_dict()))
    
>       with pytest.raises(CliError, match=message):
E       AssertionError: Regex pattern did not match.
E         Expected regex: 'outside the bound sequence'
E         Actual message: 'runtime rebind CAS is import_root plus generation interpreter, not SHA-256'

tests/arnold_pipelines/megaplan/test_chain_execution_binding.py:1318: AssertionError
_ test_runtime_cutover_terminal_path_fails_closed[active_cursor_terminal_token-current milestone does not match] _

tmp_path = PosixPath('/private/var/folders/_w/b3tthv192m77c760dbyzvk200000gn/T/pytest-of-peteromalley/pytest-546/test_runtime_cutover_terminal_8')
monkeypatch = <_pytest.monkeypatch.MonkeyPatch object at 0x11fa9e950>
invalid_state = 'active_cursor_terminal_token'
message = 'current milestone does not match'

    @pytest.mark.parametrize(
        ("invalid_state", "message"),
        [
            ("milestone_guard", "@terminal milestone guard"),
            ("plan_guard", "@none plan guard"),
            ("active_plan", "current plan remains"),
            ("last_state", "canonical last_state 'done'"),
            ("missing_completion", "exact ordered milestone set"),
            ("out_of_order_completion", "exact ordered milestone set"),
            ("non_done_completion", "exact ordered milestone set"),
            ("past_terminal", "outside the bound sequence"),
            ("active_cursor_terminal_token", "current milestone does not match"),
        ],
    )
    def test_runtime_cutover_terminal_path_fails_closed(
        tmp_path: Path,
        monkeypatch: pytest.MonkeyPatch,
        invalid_state: str,
        message: str,
    ) -> None:
        spec_path, state, original_runtime, drift = _terminal_runtime_drift_case(
            tmp_path, monkeypatch
        )
        expected_milestone = "@terminal"
        expected_plan = "@none"
        if invalid_state == "milestone_guard":
            expected_milestone = "c3"
        elif invalid_state == "plan_guard":
            expected_plan = "c3-plan"
        elif invalid_state == "active_plan":
            state.current_plan_name = "c3-plan"
        elif invalid_state == "last_state":
            state.last_state = "blocked"
        elif invalid_state == "missing_completion":
            state.completed.pop()
        elif invalid_state == "out_of_order_completion":
            state.completed[0], state.completed[1] = state.completed[1], state.completed[0]
        elif invalid_state == "non_done_completion":
            state.completed[-1]["status"] = "waived"
        elif invalid_state == "past_terminal":
            state.current_milestone_index += 1
        elif invalid_state == "active_cursor_terminal_token":
            state.current_milestone_index = 0
            state.current_plan_name = "c1-plan"
        before = json.loads(json.dumps(state.to_dict()))
    
        with pytest.raises(CliError, match=message):
>           rebind_runtime_identity(
                spec_path,
                state,
                expected_previous_runtime_sha256=original_runtime["content_sha256"],
                expected_active_runtime_sha256=drift["runtime_binding"]["active"][
                    "content_sha256"
                ],
                expected_current_milestone=expected_milestone,
                expected_current_plan=expected_plan,
                reason="terminal guard regression",
            )

tests/arnold_pipelines/megaplan/test_chain_execution_binding.py:1319: 
_ _ _ _ _ _ _ _ _ _ _ _ _ _ _ _ _ _ _ _ _ _ _ _ _ _ _ _ _ _ _ _ _ _ _ _ _ _ _ _ 

spec_path = PosixPath('/private/var/folders/_w/b3tthv192m77c760dbyzvk200000gn/T/pytest-of-peteromalley/pytest-546/test_runtime_cutover_terminal_8/.megaplan/initiatives/demo/chain.yaml')
state = ChainState(current_milestone_index=0, current_plan_name='c1-plan', current_milestone_base_sha=None, target_base_ref=No...n_first_seen_at': '2026-08-22T02:56:22Z'}, schema_version=0, milestone_boundary_evidence={}, candidate_invalidation={})

    def rebind_runtime_identity(
        spec_path: Path,
        state: Any,
        *,
        expected_previous_runtime_sha256: str | None = None,
        expected_active_runtime_sha256: str | None = None,
        expected_previous_import_root: str | None = None,
        expected_previous_interpreter: str | None = None,
        expected_active_import_root: str | None = None,
        expected_active_interpreter: str | None = None,
        expected_current_milestone: str,
        expected_current_plan: str,
        reason: str,
        actor: str = "operator",
        direction: str = "cutover",
        verified_external_runtime_identity: Mapping[str, Any] | None = None,
        update_engine_root: bool = False,
        capability: object | None = None,
    ) -> dict[str, Any]:
        """Adopt or roll back an exact runtime without rewriting the spec binding.
    
        When ``update_engine_root`` is set (the ``chain runtime-cutover`` path),
        ``metadata.execution_environment.engine_root`` is moved old->new in the
        same in-memory transaction: the recorded root must CAS-match the previous
        runtime identity's ``import_root`` before ANY mutation, and the new root
        is taken from the adopted runtime identity's ``import_root``.  Non-metadata
        chain fields are untouched, so the CLI's post-mutation operational-field
        check keeps the write fail-closed.
        """
    
        if direction not in {"cutover", "rollback"}:
            raise CliError(
                RUNTIME_DRIFT_ERROR, "runtime rebind direction must be cutover or rollback"
            )
        sha_cas = bool(expected_previous_runtime_sha256 or expected_active_runtime_sha256)
        root_cas = bool(
            expected_previous_import_root
            or expected_previous_interpreter
            or expected_active_import_root
            or expected_active_interpreter
        )
        if sha_cas and not root_cas:
>           raise CliError(
                RUNTIME_DRIFT_ERROR,
                "runtime rebind CAS is import_root plus generation interpreter, not SHA-256",
            )
E           arnold_pipelines.megaplan.types.CliError: runtime rebind CAS is import_root plus generation interpreter, not SHA-256

arnold_pipelines/megaplan/chain/execution_binding.py:1720: CliError

During handling of the above exception, another exception occurred:

tmp_path = PosixPath('/private/var/folders/_w/b3tthv192m77c760dbyzvk200000gn/T/pytest-of-peteromalley/pytest-546/test_runtime_cutover_terminal_8')
monkeypatch = <_pytest.monkeypatch.MonkeyPatch object at 0x11fa9e950>
invalid_state = 'active_cursor_terminal_token'
message = 'current milestone does not match'

    @pytest.mark.parametrize(
        ("invalid_state", "message"),
        [
            ("milestone_guard", "@terminal milestone guard"),
            ("plan_guard", "@none plan guard"),
            ("active_plan", "current plan remains"),
            ("last_state", "canonical last_state 'done'"),
            ("missing_completion", "exact ordered milestone set"),
            ("out_of_order_completion", "exact ordered milestone set"),
            ("non_done_completion", "exact ordered milestone set"),
            ("past_terminal", "outside the bound sequence"),
            ("active_cursor_terminal_token", "current milestone does not match"),
        ],
    )
    def test_runtime_cutover_terminal_path_fails_closed(
        tmp_path: Path,
        monkeypatch: pytest.MonkeyPatch,
        invalid_state: str,
        message: str,
    ) -> None:
        spec_path, state, original_runtime, drift = _terminal_runtime_drift_case(
            tmp_path, monkeypatch
        )
        expected_milestone = "@terminal"
        expected_plan = "@none"
        if invalid_state == "milestone_guard":
            expected_milestone = "c3"
        elif invalid_state == "plan_guard":
            expected_plan = "c3-plan"
        elif invalid_state == "active_plan":
            state.current_plan_name = "c3-plan"
        elif invalid_state == "last_state":
            state.last_state = "blocked"
        elif invalid_state == "missing_completion":
            state.completed.pop()
        elif invalid_state == "out_of_order_completion":
            state.completed[0], state.completed[1] = state.completed[1], state.completed[0]
        elif invalid_state == "non_done_completion":
            state.completed[-1]["status"] = "waived"
        elif invalid_state == "past_terminal":
            state.current_milestone_index += 1
        elif invalid_state == "active_cursor_terminal_token":
            state.current_milestone_index = 0
            state.current_plan_name = "c1-plan"
        before = json.loads(json.dumps(state.to_dict()))
    
>       with pytest.raises(CliError, match=message):
E       AssertionError: Regex pattern did not match.
E         Expected regex: 'current milestone does not match'
E         Actual message: 'runtime rebind CAS is import_root plus generation interpreter, not SHA-256'

tests/arnold_pipelines/megaplan/test_chain_execution_binding.py:1318: AssertionError
__________ test_b_cli_rolls_back_to_independently_receipted_a_runtime __________

tmp_path = PosixPath('/private/var/folders/_w/b3tthv192m77c760dbyzvk200000gn/T/pytest-of-peteromalley/pytest-546/test_b_cli_rolls_back_to_indep0')
offline_rollback_runtime = {'identity': PosixPath('/private/var/folders/_w/b3tthv192m77c760dbyzvk200000gn/T/pytest-of-peteromalley/pytest-546/off...hv192m77c760dbyzvk200000gn/T/pytest-of-peteromalley/pytest-546/offline-runtime-rollback0/runtime-a-receipt.json'), ...}

    def test_b_cli_rolls_back_to_independently_receipted_a_runtime(
        tmp_path: Path,
        offline_rollback_runtime: dict[str, Path | str],
    ) -> None:
        spec_path = _pinned_chain(tmp_path)
        raw = yaml.safe_load(spec_path.read_text(encoding="utf-8"))
        raw["driver"]["require_editable_runtime_match"] = True
        spec_path.write_text(yaml.safe_dump(raw, sort_keys=False), encoding="utf-8")
        _git(tmp_path, "add", ".")
        _git(tmp_path, "commit", "-m", "require runtime binding")
        raw["driver"]["intended_initiative_revision"] = _git(tmp_path, "rev-parse", "HEAD")
        spec_path.write_text(yaml.safe_dump(raw, sort_keys=False), encoding="utf-8")
    
        python_b = Path(offline_rollback_runtime["python_b"])
        env_b = {
            key: value
            for key, value in os.environ.items()
            if key not in {"PYTHONPATH", "PYTHONHOME"}
        }
        env_b["PYTHONPATH"] = str(REPO_ROOT)
        setup = subprocess.run(
            [
                str(python_b),
                "-P",
                "-c",
                (
                    "from pathlib import Path;"
                    "from arnold_pipelines.megaplan.chain.execution_binding import bind_execution_identity;"
                    "from arnold_pipelines.megaplan.chain.spec import ChainState,save_chain_state;"
                    f"p=Path({str(spec_path)!r});"
                    "s=ChainState();"
                    "r=bind_execution_identity(p,s);"
                    "assert r['runtime_binding']['status']=='match',r;"
                    "s.current_milestone_index=0;"
                    "s.current_plan_name='c1-plan';"
                    "save_chain_state(p,s)"
                ),
            ],
            check=False,
            capture_output=True,
            text=True,
            env=env_b,
        )
        assert setup.returncode == 0, setup.stderr
        before = load_chain_state(spec_path, verify_execution_binding=False)
        runtime_b = before.metadata["execution_binding"]["runtime_binding"][
            "current_identity"
        ]
        identity_a = json.loads(
            Path(offline_rollback_runtime["identity"]).read_text(encoding="utf-8")
        )
    
        command = subprocess.run(
            [
                str(python_b),
                "-P",
                "-m",
                "arnold_pipelines.megaplan",
                "chain",
                "runtime-rebind",
                "--spec",
                str(spec_path),
                "--project-dir",
                str(tmp_path),
                "--from-runtime-sha256",
                runtime_b["content_sha256"],
                "--to-runtime-sha256",
                identity_a["content_sha256"],
                "--expected-current-milestone",
                "c1",
                "--expected-current-plan",
                "c1-plan",
                "--direction",
                "rollback",
                "--reason",
                "real B CLI to independently observed A runtime",
                "--actor",
                "test-operator",
                "--runtime-identity",
                str(offline_rollback_runtime["identity"]),
                "--runtime-provenance-receipt",
                str(offline_rollback_runtime["receipt"]),
            ],
            check=False,
            capture_output=True,
            text=True,
            env=env_b,
        )
>       assert command.returncode == 0, command.stderr
E       AssertionError: 
E       assert 1 == 0
E        +  where 1 = CompletedProcess(args=['/private/var/folders/_w/b3tthv192m77c760dbyzvk200000gn/T/pytest-of-peteromalley/pytest-546/off...ng_drift",\n  "message": "runtime rebind CAS is import_root plus generation interpreter, not SHA-256"\n}\n', stderr='').returncode

tests/arnold_pipelines/megaplan/test_chain_execution_binding.py:1421: AssertionError
_________ test_b_cli_runtime_cutover_moves_engine_root_to_receipted_a __________

tmp_path = PosixPath('/private/var/folders/_w/b3tthv192m77c760dbyzvk200000gn/T/pytest-of-peteromalley/pytest-546/test_b_cli_runtime_cutover_mov0')
offline_rollback_runtime = {'identity': PosixPath('/private/var/folders/_w/b3tthv192m77c760dbyzvk200000gn/T/pytest-of-peteromalley/pytest-546/off...hv192m77c760dbyzvk200000gn/T/pytest-of-peteromalley/pytest-546/offline-runtime-rollback0/runtime-a-receipt.json'), ...}

    def test_b_cli_runtime_cutover_moves_engine_root_to_receipted_a(
        tmp_path: Path,
        offline_rollback_runtime: dict[str, Path | str],
    ) -> None:
        spec_path = _pinned_chain(tmp_path)
        raw = yaml.safe_load(spec_path.read_text(encoding="utf-8"))
        raw["driver"]["require_editable_runtime_match"] = True
        spec_path.write_text(yaml.safe_dump(raw, sort_keys=False), encoding="utf-8")
        _git(tmp_path, "add", ".")
        _git(tmp_path, "commit", "-m", "require runtime binding")
        raw["driver"]["intended_initiative_revision"] = _git(
            tmp_path, "rev-parse", "HEAD"
        )
        spec_path.write_text(yaml.safe_dump(raw, sort_keys=False), encoding="utf-8")
    
        python_b = Path(offline_rollback_runtime["python_b"])
        env_b = {
            key: value
            for key, value in os.environ.items()
            if key not in {"PYTHONPATH", "PYTHONHOME"}
        }
        env_b["PYTHONPATH"] = str(REPO_ROOT)
        setup = subprocess.run(
            [
                str(python_b),
                "-P",
                "-c",
                (
                    "from pathlib import Path;"
                    "from arnold_pipelines.megaplan.chain.execution_binding import bind_execution_identity;"
                    "from arnold_pipelines.megaplan.chain.spec import ChainState,save_chain_state;"
                    f"p=Path({str(spec_path)!r});"
                    "s=ChainState();"
                    "r=bind_execution_identity(p,s);"
                    "assert r['runtime_binding']['status']=='match',r;"
                    "s.current_milestone_index=0;"
                    "s.current_plan_name='c1-plan';"
                    "s.metadata['execution_environment']={'engine_root': "
                    "s.metadata['execution_binding']['runtime_binding']"
                    "['current_identity']['import_root']};"
                    "save_chain_state(p,s)"
                ),
            ],
            check=False,
            capture_output=True,
            text=True,
            env=env_b,
        )
        assert setup.returncode == 0, setup.stderr
        before = load_chain_state(spec_path, verify_execution_binding=False)
        runtime_b = before.metadata["execution_binding"]["runtime_binding"][
            "current_identity"
        ]
        recorded_root = before.metadata["execution_environment"]["engine_root"]
        assert str(Path(recorded_root).resolve()) == str(
            Path(runtime_b["import_root"]).resolve()
        )
        identity_a = json.loads(
            Path(offline_rollback_runtime["identity"]).read_text(encoding="utf-8")
        )
    
        command = subprocess.run(
            [
                str(python_b),
                "-P",
                "-m",
                "arnold_pipelines.megaplan",
                "chain",
                "runtime-cutover",
                "--spec",
                str(spec_path),
                "--project-dir",
                str(tmp_path),
                "--from-runtime-sha256",
                runtime_b["content_sha256"],
                "--to-runtime-sha256",
                identity_a["content_sha256"],
                "--expected-current-milestone",
                "c1",
                "--expected-current-plan",
                "c1-plan",
                "--direction",
                "rollback",
                "--reason",
                "real B CLI cutover to independently observed A runtime",
                "--actor",
                "test-operator",
                "--runtime-identity",
                str(offline_rollback_runtime["identity"]),
                "--runtime-provenance-receipt",
                str(offline_rollback_runtime["receipt"]),
            ],
            check=False,
            capture_output=True,
            text=True,
            env=env_b,
        )
>       assert command.returncode == 0, command.stderr
E       AssertionError: 
E       assert 1 == 0
E        +  where 1 = CompletedProcess(args=['/private/var/folders/_w/b3tthv192m77c760dbyzvk200000gn/T/pytest-of-peteromalley/pytest-546/off...g_drift",\n  "message": "runtime cutover CAS is import_root plus generation interpreter, not SHA-256"\n}\n', stderr='').returncode

tests/arnold_pipelines/megaplan/test_chain_execution_binding.py:1533: AssertionError
______ test_cli_runtime_cutover_refuses_engine_root_drift_without_writing ______

tmp_path = PosixPath('/private/var/folders/_w/b3tthv192m77c760dbyzvk200000gn/T/pytest-of-peteromalley/pytest-546/test_cli_runtime_cutover_refus0')
offline_rollback_runtime = {'identity': PosixPath('/private/var/folders/_w/b3tthv192m77c760dbyzvk200000gn/T/pytest-of-peteromalley/pytest-546/off...hv192m77c760dbyzvk200000gn/T/pytest-of-peteromalley/pytest-546/offline-runtime-rollback0/runtime-a-receipt.json'), ...}

    def test_cli_runtime_cutover_refuses_engine_root_drift_without_writing(
        tmp_path: Path,
        offline_rollback_runtime: dict[str, Path | str],
    ) -> None:
        """CLI-level fail-closed proof: a mismatched recorded engine_root refuses
        with a typed drift error and the persisted chain state is untouched."""
        spec_path = _pinned_chain(tmp_path)
        raw = yaml.safe_load(spec_path.read_text(encoding="utf-8"))
        raw["driver"]["require_editable_runtime_match"] = True
        spec_path.write_text(yaml.safe_dump(raw, sort_keys=False), encoding="utf-8")
        _git(tmp_path, "add", ".")
        _git(tmp_path, "commit", "-m", "require runtime binding")
        raw["driver"]["intended_initiative_revision"] = _git(
            tmp_path, "rev-parse", "HEAD"
        )
        spec_path.write_text(yaml.safe_dump(raw, sort_keys=False), encoding="utf-8")
    
        python_b = Path(offline_rollback_runtime["python_b"])
        env_b = {
            key: value
            for key, value in os.environ.items()
            if key not in {"PYTHONPATH", "PYTHONHOME"}
        }
        env_b["PYTHONPATH"] = str(REPO_ROOT)
        setup = subprocess.run(
            [
                str(python_b),
                "-P",
                "-c",
                (
                    "from pathlib import Path;"
                    "from arnold_pipelines.megaplan.chain.execution_binding import bind_execution_identity;"
                    "from arnold_pipelines.megaplan.chain.spec import ChainState,save_chain_state;"
                    f"p=Path({str(spec_path)!r});"
                    "s=ChainState();"
                    "r=bind_execution_identity(p,s);"
                    "assert r['runtime_binding']['status']=='match',r;"
                    "s.current_milestone_index=0;"
                    "s.current_plan_name='c1-plan';"
                    "s.metadata['execution_environment']={'engine_root': '/unrelated/recorded-root'};"
                    "save_chain_state(p,s)"
                ),
            ],
            check=False,
            capture_output=True,
            text=True,
            env=env_b,
        )
        assert setup.returncode == 0, setup.stderr
        persisted = load_chain_state(spec_path, verify_execution_binding=False)
        runtime_b = persisted.metadata["execution_binding"]["runtime_binding"][
            "current_identity"
        ]
        identity_a = json.loads(
            Path(offline_rollback_runtime["identity"]).read_text(encoding="utf-8")
        )
        state_path = (
            tmp_path
            / ".megaplan"
            / "plans"
            / ".chains"
            / (
                "chain-"
                + hashlib.sha1(
                    str(spec_path.resolve(strict=False)).encode("utf-8")
                ).hexdigest()[:12]
                + ".json"
            )
        )
        assert state_path.is_file()
        before_bytes = state_path.read_bytes()
    
        command = subprocess.run(
            [
                str(python_b),
                "-P",
                "-m",
                "arnold_pipelines.megaplan",
                "chain",
                "runtime-cutover",
                "--spec",
                str(spec_path),
                "--project-dir",
                str(tmp_path),
                "--from-runtime-sha256",
                runtime_b["content_sha256"],
                "--to-runtime-sha256",
                identity_a["content_sha256"],
                "--expected-current-milestone",
                "c1",
                "--expected-current-plan",
                "c1-plan",
                "--direction",
                "rollback",
                "--reason",
                "must refuse split engine root custody",
                "--actor",
                "test-operator",
                "--runtime-identity",
                str(offline_rollback_runtime["identity"]),
                "--runtime-provenance-receipt",
                str(offline_rollback_runtime["receipt"]),
            ],
            check=False,
            capture_output=True,
            text=True,
            env=env_b,
        )
        assert command.returncode != 0
        payload = json.loads(command.stdout)
        assert payload["success"] is False
        assert payload["error"] == "chain_runtime_binding_drift"
>       assert "recorded engine root does not match" in payload["message"]
E       AssertionError: assert 'recorded engine root does not match' in 'runtime cutover CAS is import_root plus generation interpreter, not SHA-256'

tests/arnold_pipelines/megaplan/test_chain_execution_binding.py:1667: AssertionError
_ TestFullPipelineIntegration.test_committed_proof_index_head_matches_git_order_independent _

self = <megaplan.test_m6_ci_acceptance.TestFullPipelineIntegration object at 0x10e515690>

    def test_committed_proof_index_head_matches_git_order_independent(
        self,
    ) -> None:
        """Committed proof index HEAD is an ancestor of git HEAD (order-independent).
    
        Reads the committed (git-versioned) file via ``git show`` so the
        check cannot be masked by a prior regeneration step that rewrites
        the working-tree copy before the head field is inspected.
    
        Uses ancestor check (not exact match) because a committed artifact
        cannot contain its own commit hash — the evidence records the HEAD
        at generation time, which becomes a parent of the commit that
        contains it.
        """
        result = subprocess.run(
            ["git", "show", f"HEAD:evidence/m6-proof-index.json"],
            cwd=str(REPO_ROOT),
            capture_output=True,
            text=True,
            timeout=10,
        )
        if result.returncode != 0:
            pytest.skip("Committed proof index not available")
    
        data = json.loads(result.stdout)
        committed_head = data.get("repository_head", "")
    
        git_result = subprocess.run(
            ["git", "rev-parse", "HEAD"],
            cwd=str(REPO_ROOT),
            capture_output=True,
            text=True,
            timeout=10,
        )
        actual_head = git_result.stdout.strip()
    
        # Committed HEAD must be an ancestor of (or equal to) actual HEAD.
        # Exact match is impossible when the evidence is committed because
        # the commit SHA depends on the file content.
        ancestor_result = subprocess.run(
            ["git", "merge-base", "--is-ancestor", committed_head, actual_head],
            cwd=str(REPO_ROOT),
            capture_output=True,
            timeout=10,
        )
>       assert ancestor_result.returncode == 0, (
            f"Committed proof index HEAD {committed_head} is not an "
            f"ancestor of git HEAD {actual_head}"
        )
E       AssertionError: Committed proof index HEAD ab4b174bbaf76ce03860ed9aff2edf7e865db083 is not an ancestor of git HEAD 6c75652572d396d32e7092b681c09375c1cb7e3b
E       assert 1 == 0
E        +  where 1 = CompletedProcess(args=['git', 'merge-base', '--is-ancestor', 'ab4b174bbaf76ce03860ed9aff2edf7e865db083', '6c75652572d396d32e7092b681c09375c1cb7e3b'], returncode=1, stdout=b'', stderr=b'').returncode

tests/arnold_pipelines/megaplan/test_m6_ci_acceptance.py:761: AssertionError
_ TestFullPipelineIntegration.test_committed_prerequisite_head_matches_git_order_independent _

self = <megaplan.test_m6_ci_acceptance.TestFullPipelineIntegration object at 0x10e515a90>

    def test_committed_prerequisite_head_matches_git_order_independent(
        self,
    ) -> None:
        """Committed prerequisite verification HEAD is an ancestor of git HEAD.
    
        Reads the committed file via ``git show`` so the check is
        order-independent — it cannot be fooled by a preceding
        regeneration that updates the working-tree copy.
    
        Uses ancestor check because a committed artifact cannot contain
        its own commit hash.
        """
        result = subprocess.run(
            ["git", "show", "HEAD:evidence/m6-prerequisite-verification.json"],
            cwd=str(REPO_ROOT),
            capture_output=True,
            text=True,
            timeout=10,
        )
        if result.returncode != 0:
            pytest.skip("Committed prerequisite verification not available")
    
        data = json.loads(result.stdout)
        checks = data.get("checks", [])
        current_head_check = [
            c for c in checks if c.get("check") == "current_head"
        ]
        committed_head = (
            current_head_check[0]["head"] if current_head_check else ""
        )
    
        git_result = subprocess.run(
            ["git", "rev-parse", "HEAD"],
            cwd=str(REPO_ROOT),
            capture_output=True,
            text=True,
            timeout=10,
        )
        actual_head = git_result.stdout.strip()
    
        ancestor_result = subprocess.run(
            ["git", "merge-base", "--is-ancestor", committed_head, actual_head],
            cwd=str(REPO_ROOT),
            capture_output=True,
            timeout=10,
        )
>       assert ancestor_result.returncode == 0, (
            f"Committed prerequisite verification HEAD {committed_head} "
            f"is not an ancestor of git HEAD {actual_head}"
        )
E       AssertionError: Committed prerequisite verification HEAD ab4b174bbaf76ce03860ed9aff2edf7e865db083 is not an ancestor of git HEAD 6c75652572d396d32e7092b681c09375c1cb7e3b
E       assert 1 == 0
E        +  where 1 = CompletedProcess(args=['git', 'merge-base', '--is-ancestor', 'ab4b174bbaf76ce03860ed9aff2edf7e865db083', '6c75652572d396d32e7092b681c09375c1cb7e3b'], returncode=1, stdout=b'', stderr=b'').returncode

tests/arnold_pipelines/megaplan/test_m6_ci_acceptance.py:812: AssertionError
___________________ test_guard_admits_valid_unchanged_graph ____________________

finalize_data = {'graph_report': {'admitted': False, 'batches': [['T1'], ['T2']], 'budget_classifications': [{'allowed_seconds': 120.0...on': 'T2 imports the contract created by T1.', 'required_output': 'src/t1.py:Contract'}}, ...}], 'validation_jobs': []}
state = {'config': {'mode': 'code', 'project_dir': '/tmp/test-project'}, 'current_state': 'executing', 'history': [], 'iteration': 1, ...}

    def _guard_execute_batch_admission(finalize_data, state, *, plan_dir=None):
        """Reassert finalized task-graph admission at execute batch entry (M8A T7).
    
        Converts admission failures to a ``CliError`` with
        ``valid_next=['finalize','revise']`` so workers are never dispatched
        against a mutated or inadmissible post-finalize graph.
    
        M10 Step 7H-b: threads ``config`` (previously omitted — the shadow-feasibility
        bug) and the gate-step ``seed_epoch`` attestation into the verdict, and
        blocks v1/``None`` admission escapes so only fully-admitted v2 graphs reach
        worker dispatch.  The epoch protocol is only activated when the gate step
        actually produced a ``seed_epoch`` attestation; an absent key preserves
        backward-compat for pre-M10 plans.
        """
        from arnold_pipelines.megaplan.orchestration.task_feasibility import (
            assert_admitted_task_feasibility,
        )
        config = state.get("config") if isinstance(state, dict) else None
        epoch_kwargs: dict = {}
        if isinstance(state, dict) and state.get("seed_epoch") is not None:
            epoch_kwargs["current_epoch"] = state.get("seed_epoch")
        try:
>           admission_report = assert_admitted_task_feasibility(
                finalize_data, config, **epoch_kwargs
            )

arnold_pipelines/megaplan/execute/batch.py:3780: 
_ _ _ _ _ _ _ _ _ _ _ _ _ _ _ _ _ _ _ _ _ _ _ _ _ _ _ _ _ _ _ _ _ _ _ _ _ _ _ _ 

payload = {'graph_report': {'admitted': False, 'batches': [['T1'], ['T2']], 'budget_classifications': [{'allowed_seconds': 120.0...on': 'T2 imports the contract created by T1.', 'required_output': 'src/t1.py:Contract'}}, ...}], 'validation_jobs': []}
config = {'mode': 'code', 'project_dir': '/tmp/test-project'}
current_epoch = <object object at 0x10a875820>

    def assert_admitted_task_feasibility(
        payload: Mapping[str, Any],
        config: Mapping[str, Any] | None = None,
        current_epoch: Any = _EPOCH_UNSET,
    ) -> dict[str, Any] | None:
        """Revalidate v2 graphs at execute entry; leave stored v1 plans readable.
    
        For v2 plans (``task_contract_version == TASK_CONTRACT_VERSION``):
    
        * **v1 escape** — non-v2 payloads return ``None`` immediately so stored
          legacy plans remain readable.
        * **v2 + missing-epoch rejection** — when ``current_epoch`` is explicitly
          ``None`` (the attestation is absent) the function raises
          ``ValueError("seed_epoch attestation required for v2 plans")``.
        * **Stale-epoch fencing** — when ``current_epoch`` is provided and
          non-``None``, it is compared against the receipt's embedded
          ``seed_epoch``; a mismatch raises ``ValueError``.
        * **Backward-compat** — when ``current_epoch`` is left unset
          (``_EPOCH_UNSET``), the caller has not yet adopted the epoch protocol
          (Step 7H-b wiring is pending) and the prior behavior is preserved.
        """
    
        if payload.get("task_contract_version") != TASK_CONTRACT_VERSION:
            return None
        if current_epoch is None:
            raise ValueError("seed_epoch attestation required for v2 plans")
        report = compile_task_feasibility(payload, config)
        if (
            current_epoch is not _EPOCH_UNSET
            and report.get("seed_epoch") != current_epoch
        ):
            raise ValueError(
                "seed_epoch mismatch: stale or conflicted epoch at execute entry"
            )
        admitted = payload.get("graph_report")
        admitted_hash = admitted.get("task_contract_hash") if isinstance(admitted, Mapping) else None
        if not report["admitted"]:
            codes = ", ".join(item["code"] for item in report["diagnostics"])
>           raise ValueError(f"Finalized task graph no longer passes feasibility: {codes}")
E           ValueError: Finalized task graph no longer passes feasibility: task_test_budget_v2_required, task_test_budget_v2_required

arnold_pipelines/megaplan/orchestration/task_feasibility.py:521: ValueError

The above exception was the direct cause of the following exception:

    def test_guard_admits_valid_unchanged_graph() -> None:
        """A valid, unmutated graph passes the guard without raising."""
        tasks = [_task("T1"), _task("T2", depends_on=["T1"])]
        finalize_data = _payload(tasks)
        finalize_data["graph_report"] = compile_task_feasibility(finalize_data)
        state = _make_state()
    
        # Must not raise
>       _guard_execute_batch_admission(finalize_data, state)

tests/execute/test_m8a_execute_wiring.py:127: 
_ _ _ _ _ _ _ _ _ _ _ _ _ _ _ _ _ _ _ _ _ _ _ _ _ _ _ _ _ _ _ _ _ _ _ _ _ _ _ _ 

finalize_data = {'graph_report': {'admitted': False, 'batches': [['T1'], ['T2']], 'budget_classifications': [{'allowed_seconds': 120.0...on': 'T2 imports the contract created by T1.', 'required_output': 'src/t1.py:Contract'}}, ...}], 'validation_jobs': []}
state = {'config': {'mode': 'code', 'project_dir': '/tmp/test-project'}, 'current_state': 'executing', 'history': [], 'iteration': 1, ...}

    def _guard_execute_batch_admission(finalize_data, state, *, plan_dir=None):
        """Reassert finalized task-graph admission at execute batch entry (M8A T7).
    
        Converts admission failures to a ``CliError`` with
        ``valid_next=['finalize','revise']`` so workers are never dispatched
        against a mutated or inadmissible post-finalize graph.
    
        M10 Step 7H-b: threads ``config`` (previously omitted — the shadow-feasibility
        bug) and the gate-step ``seed_epoch`` attestation into the verdict, and
        blocks v1/``None`` admission escapes so only fully-admitted v2 graphs reach
        worker dispatch.  The epoch protocol is only activated when the gate step
        actually produced a ``seed_epoch`` attestation; an absent key preserves
        backward-compat for pre-M10 plans.
        """
        from arnold_pipelines.megaplan.orchestration.task_feasibility import (
            assert_admitted_task_feasibility,
        )
        config = state.get("config") if isinstance(state, dict) else None
        epoch_kwargs: dict = {}
        if isinstance(state, dict) and state.get("seed_epoch") is not None:
            epoch_kwargs["current_epoch"] = state.get("seed_epoch")
        try:
            admission_report = assert_admitted_task_feasibility(
                finalize_data, config, **epoch_kwargs
            )
        except ValueError as exc:
>           raise CliError(
                "finalized_task_graph_changed",
                str(exc),
                valid_next=["finalize", "revise"],
            ) from exc
E           arnold_pipelines.megaplan.types.CliError: Finalized task graph no longer passes feasibility: task_test_budget_v2_required, task_test_budget_v2_required

arnold_pipelines/megaplan/execute/batch.py:3784: CliError
______________ test_guard_rejects_write_set_mutation_as_cli_error ______________

finalize_data = {'graph_report': {'admitted': False, 'batches': [['T1'], ['T2']], 'budget_classifications': [{'allowed_seconds': 120.0...on': 'T2 imports the contract created by T1.', 'required_output': 'src/t1.py:Contract'}}, ...}], 'validation_jobs': []}
state = {'config': {'mode': 'code', 'project_dir': '/tmp/test-project'}, 'current_state': 'executing', 'history': [], 'iteration': 1, ...}

    def _guard_execute_batch_admission(finalize_data, state, *, plan_dir=None):
        """Reassert finalized task-graph admission at execute batch entry (M8A T7).
    
        Converts admission failures to a ``CliError`` with
        ``valid_next=['finalize','revise']`` so workers are never dispatched
        against a mutated or inadmissible post-finalize graph.
    
        M10 Step 7H-b: threads ``config`` (previously omitted — the shadow-feasibility
        bug) and the gate-step ``seed_epoch`` attestation into the verdict, and
        blocks v1/``None`` admission escapes so only fully-admitted v2 graphs reach
        worker dispatch.  The epoch protocol is only activated when the gate step
        actually produced a ``seed_epoch`` attestation; an absent key preserves
        backward-compat for pre-M10 plans.
        """
        from arnold_pipelines.megaplan.orchestration.task_feasibility import (
            assert_admitted_task_feasibility,
        )
        config = state.get("config") if isinstance(state, dict) else None
        epoch_kwargs: dict = {}
        if isinstance(state, dict) and state.get("seed_epoch") is not None:
            epoch_kwargs["current_epoch"] = state.get("seed_epoch")
        try:
>           admission_report = assert_admitted_task_feasibility(
                finalize_data, config, **epoch_kwargs
            )

arnold_pipelines/megaplan/execute/batch.py:3780: 
_ _ _ _ _ _ _ _ _ _ _ _ _ _ _ _ _ _ _ _ _ _ _ _ _ _ _ _ _ _ _ _ _ _ _ _ _ _ _ _ 

payload = {'graph_report': {'admitted': False, 'batches': [['T1'], ['T2']], 'budget_classifications': [{'allowed_seconds': 120.0...on': 'T2 imports the contract created by T1.', 'required_output': 'src/t1.py:Contract'}}, ...}], 'validation_jobs': []}
config = {'mode': 'code', 'project_dir': '/tmp/test-project'}
current_epoch = <object object at 0x10a875820>

    def assert_admitted_task_feasibility(
        payload: Mapping[str, Any],
        config: Mapping[str, Any] | None = None,
        current_epoch: Any = _EPOCH_UNSET,
    ) -> dict[str, Any] | None:
        """Revalidate v2 graphs at execute entry; leave stored v1 plans readable.
    
        For v2 plans (``task_contract_version == TASK_CONTRACT_VERSION``):
    
        * **v1 escape** — non-v2 payloads return ``None`` immediately so stored
          legacy plans remain readable.
        * **v2 + missing-epoch rejection** — when ``current_epoch`` is explicitly
          ``None`` (the attestation is absent) the function raises
          ``ValueError("seed_epoch attestation required for v2 plans")``.
        * **Stale-epoch fencing** — when ``current_epoch`` is provided and
          non-``None``, it is compared against the receipt's embedded
          ``seed_epoch``; a mismatch raises ``ValueError``.
        * **Backward-compat** — when ``current_epoch`` is left unset
          (``_EPOCH_UNSET``), the caller has not yet adopted the epoch protocol
          (Step 7H-b wiring is pending) and the prior behavior is preserved.
        """
    
        if payload.get("task_contract_version") != TASK_CONTRACT_VERSION:
            return None
        if current_epoch is None:
            raise ValueError("seed_epoch attestation required for v2 plans")
        report = compile_task_feasibility(payload, config)
        if (
            current_epoch is not _EPOCH_UNSET
            and report.get("seed_epoch") != current_epoch
        ):
            raise ValueError(
                "seed_epoch mismatch: stale or conflicted epoch at execute entry"
            )
        admitted = payload.get("graph_report")
        admitted_hash = admitted.get("task_contract_hash") if isinstance(admitted, Mapping) else None
        if not report["admitted"]:
            codes = ", ".join(item["code"] for item in report["diagnostics"])
>           raise ValueError(f"Finalized task graph no longer passes feasibility: {codes}")
E           ValueError: Finalized task graph no longer passes feasibility: task_test_budget_v2_required, task_test_budget_v2_required

arnold_pipelines/megaplan/orchestration/task_feasibility.py:521: ValueError

The above exception was the direct cause of the following exception:

    def test_guard_rejects_write_set_mutation_as_cli_error() -> None:
        """Mutating a task's write_set after finalize causes CliError at the guard."""
        tasks = [_task("T1"), _task("T2", depends_on=["T1"])]
        finalize_data = _payload(tasks)
        finalize_data["graph_report"] = compile_task_feasibility(finalize_data)
        state = _make_state()
    
        # Mutate write_set — changes contract hash
        mutated = deepcopy(finalize_data)
        mutated["tasks"][1]["write_set"]["paths"] = ["src/divergent.py"]
    
        with pytest.raises(CliError, match="hash differs"):
>           _guard_execute_batch_admission(mutated, state)

tests/execute/test_m8a_execute_wiring.py:142: 
_ _ _ _ _ _ _ _ _ _ _ _ _ _ _ _ _ _ _ _ _ _ _ _ _ _ _ _ _ _ _ _ _ _ _ _ _ _ _ _ 

finalize_data = {'graph_report': {'admitted': False, 'batches': [['T1'], ['T2']], 'budget_classifications': [{'allowed_seconds': 120.0...on': 'T2 imports the contract created by T1.', 'required_output': 'src/t1.py:Contract'}}, ...}], 'validation_jobs': []}
state = {'config': {'mode': 'code', 'project_dir': '/tmp/test-project'}, 'current_state': 'executing', 'history': [], 'iteration': 1, ...}

    def _guard_execute_batch_admission(finalize_data, state, *, plan_dir=None):
        """Reassert finalized task-graph admission at execute batch entry (M8A T7).
    
        Converts admission failures to a ``CliError`` with
        ``valid_next=['finalize','revise']`` so workers are never dispatched
        against a mutated or inadmissible post-finalize graph.
    
        M10 Step 7H-b: threads ``config`` (previously omitted — the shadow-feasibility
        bug) and the gate-step ``seed_epoch`` attestation into the verdict, and
        blocks v1/``None`` admission escapes so only fully-admitted v2 graphs reach
        worker dispatch.  The epoch protocol is only activated when the gate step
        actually produced a ``seed_epoch`` attestation; an absent key preserves
        backward-compat for pre-M10 plans.
        """
        from arnold_pipelines.megaplan.orchestration.task_feasibility import (
            assert_admitted_task_feasibility,
        )
        config = state.get("config") if isinstance(state, dict) else None
        epoch_kwargs: dict = {}
        if isinstance(state, dict) and state.get("seed_epoch") is not None:
            epoch_kwargs["current_epoch"] = state.get("seed_epoch")
        try:
            admission_report = assert_admitted_task_feasibility(
                finalize_data, config, **epoch_kwargs
            )
        except ValueError as exc:
>           raise CliError(
                "finalized_task_graph_changed",
                str(exc),
                valid_next=["finalize", "revise"],
            ) from exc
E           arnold_pipelines.megaplan.types.CliError: Finalized task graph no longer passes feasibility: task_test_budget_v2_required, task_test_budget_v2_required

arnold_pipelines/megaplan/execute/batch.py:3784: CliError

During handling of the above exception, another exception occurred:

    def test_guard_rejects_write_set_mutation_as_cli_error() -> None:
        """Mutating a task's write_set after finalize causes CliError at the guard."""
        tasks = [_task("T1"), _task("T2", depends_on=["T1"])]
        finalize_data = _payload(tasks)
        finalize_data["graph_report"] = compile_task_feasibility(finalize_data)
        state = _make_state()
    
        # Mutate write_set — changes contract hash
        mutated = deepcopy(finalize_data)
        mutated["tasks"][1]["write_set"]["paths"] = ["src/divergent.py"]
    
>       with pytest.raises(CliError, match="hash differs"):
E       AssertionError: Regex pattern did not match.
E         Expected regex: 'hash differs'
E         Actual message: 'Finalized task graph no longer passes feasibility: task_test_budget_v2_required, task_test_budget_v2_required'

tests/execute/test_m8a_execute_wiring.py:141: AssertionError
__________________ test_guard_rejects_added_task_as_cli_error __________________

finalize_data = {'graph_report': {'admitted': False, 'batches': [['T1']], 'budget_classifications': [{'allowed_seconds': 120.0, 'budge..., 'complexity_justification': 'One contained module contract.', 'dependency_reasons': {}, ...}], 'validation_jobs': []}
state = {'config': {'mode': 'code', 'project_dir': '/tmp/test-project'}, 'current_state': 'executing', 'history': [], 'iteration': 1, ...}

    def _guard_execute_batch_admission(finalize_data, state, *, plan_dir=None):
        """Reassert finalized task-graph admission at execute batch entry (M8A T7).
    
        Converts admission failures to a ``CliError`` with
        ``valid_next=['finalize','revise']`` so workers are never dispatched
        against a mutated or inadmissible post-finalize graph.
    
        M10 Step 7H-b: threads ``config`` (previously omitted — the shadow-feasibility
        bug) and the gate-step ``seed_epoch`` attestation into the verdict, and
        blocks v1/``None`` admission escapes so only fully-admitted v2 graphs reach
        worker dispatch.  The epoch protocol is only activated when the gate step
        actually produced a ``seed_epoch`` attestation; an absent key preserves
        backward-compat for pre-M10 plans.
        """
        from arnold_pipelines.megaplan.orchestration.task_feasibility import (
            assert_admitted_task_feasibility,
        )
        config = state.get("config") if isinstance(state, dict) else None
        epoch_kwargs: dict = {}
        if isinstance(state, dict) and state.get("seed_epoch") is not None:
            epoch_kwargs["current_epoch"] = state.get("seed_epoch")
        try:
>           admission_report = assert_admitted_task_feasibility(
                finalize_data, config, **epoch_kwargs
            )

arnold_pipelines/megaplan/execute/batch.py:3780: 
_ _ _ _ _ _ _ _ _ _ _ _ _ _ _ _ _ _ _ _ _ _ _ _ _ _ _ _ _ _ _ _ _ _ _ _ _ _ _ _ 

payload = {'graph_report': {'admitted': False, 'batches': [['T1']], 'budget_classifications': [{'allowed_seconds': 120.0, 'budge..., 'complexity_justification': 'One contained module contract.', 'dependency_reasons': {}, ...}], 'validation_jobs': []}
config = {'mode': 'code', 'project_dir': '/tmp/test-project'}
current_epoch = <object object at 0x10a875820>

    def assert_admitted_task_feasibility(
        payload: Mapping[str, Any],
        config: Mapping[str, Any] | None = None,
        current_epoch: Any = _EPOCH_UNSET,
    ) -> dict[str, Any] | None:
        """Revalidate v2 graphs at execute entry; leave stored v1 plans readable.
    
        For v2 plans (``task_contract_version == TASK_CONTRACT_VERSION``):
    
        * **v1 escape** — non-v2 payloads return ``None`` immediately so stored
          legacy plans remain readable.
        * **v2 + missing-epoch rejection** — when ``current_epoch`` is explicitly
          ``None`` (the attestation is absent) the function raises
          ``ValueError("seed_epoch attestation required for v2 plans")``.
        * **Stale-epoch fencing** — when ``current_epoch`` is provided and
          non-``None``, it is compared against the receipt's embedded
          ``seed_epoch``; a mismatch raises ``ValueError``.
        * **Backward-compat** — when ``current_epoch`` is left unset
          (``_EPOCH_UNSET``), the caller has not yet adopted the epoch protocol
          (Step 7H-b wiring is pending) and the prior behavior is preserved.
        """
    
        if payload.get("task_contract_version") != TASK_CONTRACT_VERSION:
            return None
        if current_epoch is None:
            raise ValueError("seed_epoch attestation required for v2 plans")
        report = compile_task_feasibility(payload, config)
        if (
            current_epoch is not _EPOCH_UNSET
            and report.get("seed_epoch") != current_epoch
        ):
            raise ValueError(
                "seed_epoch mismatch: stale or conflicted epoch at execute entry"
            )
        admitted = payload.get("graph_report")
        admitted_hash = admitted.get("task_contract_hash") if isinstance(admitted, Mapping) else None
        if not report["admitted"]:
            codes = ", ".join(item["code"] for item in report["diagnostics"])
>           raise ValueError(f"Finalized task graph no longer passes feasibility: {codes}")
E           ValueError: Finalized task graph no longer passes feasibility: task_test_budget_v2_required, task_test_budget_v2_required

arnold_pipelines/megaplan/orchestration/task_feasibility.py:521: ValueError

The above exception was the direct cause of the following exception:

    def test_guard_rejects_added_task_as_cli_error() -> None:
        """Adding a new task after finalize causes CliError at the guard."""
        tasks = [_task("T1")]
        finalize_data = _payload(tasks)
        finalize_data["graph_report"] = compile_task_feasibility(finalize_data)
        state = _make_state()
    
        mutated = deepcopy(finalize_data)
        mutated["tasks"].append(_task("T2"))
    
        with pytest.raises(CliError, match="hash differs"):
>           _guard_execute_batch_admission(mutated, state)

tests/execute/test_m8a_execute_wiring.py:156: 
_ _ _ _ _ _ _ _ _ _ _ _ _ _ _ _ _ _ _ _ _ _ _ _ _ _ _ _ _ _ _ _ _ _ _ _ _ _ _ _ 

finalize_data = {'graph_report': {'admitted': False, 'batches': [['T1']], 'budget_classifications': [{'allowed_seconds': 120.0, 'budge..., 'complexity_justification': 'One contained module contract.', 'dependency_reasons': {}, ...}], 'validation_jobs': []}
state = {'config': {'mode': 'code', 'project_dir': '/tmp/test-project'}, 'current_state': 'executing', 'history': [], 'iteration': 1, ...}

    def _guard_execute_batch_admission(finalize_data, state, *, plan_dir=None):
        """Reassert finalized task-graph admission at execute batch entry (M8A T7).
    
        Converts admission failures to a ``CliError`` with
        ``valid_next=['finalize','revise']`` so workers are never dispatched
        against a mutated or inadmissible post-finalize graph.
    
        M10 Step 7H-b: threads ``config`` (previously omitted — the shadow-feasibility
        bug) and the gate-step ``seed_epoch`` attestation into the verdict, and
        blocks v1/``None`` admission escapes so only fully-admitted v2 graphs reach
        worker dispatch.  The epoch protocol is only activated when the gate step
        actually produced a ``seed_epoch`` attestation; an absent key preserves
        backward-compat for pre-M10 plans.
        """
        from arnold_pipelines.megaplan.orchestration.task_feasibility import (
            assert_admitted_task_feasibility,
        )
        config = state.get("config") if isinstance(state, dict) else None
        epoch_kwargs: dict = {}
        if isinstance(state, dict) and state.get("seed_epoch") is not None:
            epoch_kwargs["current_epoch"] = state.get("seed_epoch")
        try:
            admission_report = assert_admitted_task_feasibility(
                finalize_data, config, **epoch_kwargs
            )
        except ValueError as exc:
>           raise CliError(
                "finalized_task_graph_changed",
                str(exc),
                valid_next=["finalize", "revise"],
            ) from exc
E           arnold_pipelines.megaplan.types.CliError: Finalized task graph no longer passes feasibility: task_test_budget_v2_required, task_test_budget_v2_required

arnold_pipelines/megaplan/execute/batch.py:3784: CliError

During handling of the above exception, another exception occurred:

    def test_guard_rejects_added_task_as_cli_error() -> None:
        """Adding a new task after finalize causes CliError at the guard."""
        tasks = [_task("T1")]
        finalize_data = _payload(tasks)
        finalize_data["graph_report"] = compile_task_feasibility(finalize_data)
        state = _make_state()
    
        mutated = deepcopy(finalize_data)
        mutated["tasks"].append(_task("T2"))
    
>       with pytest.raises(CliError, match="hash differs"):
E       AssertionError: Regex pattern did not match.
E         Expected regex: 'hash differs'
E         Actual message: 'Finalized task graph no longer passes feasibility: task_test_budget_v2_required, task_test_budget_v2_required'

tests/execute/test_m8a_execute_wiring.py:155: AssertionError
___________ test_guard_rejects_estimated_minutes_change_as_cli_error ___________

finalize_data = {'graph_report': {'admitted': False, 'batches': [['T1']], 'budget_classifications': [{'allowed_seconds': 120.0, 'budge..., 'complexity_justification': 'One contained module contract.', 'dependency_reasons': {}, ...}], 'validation_jobs': []}
state = {'config': {'mode': 'code', 'project_dir': '/tmp/test-project'}, 'current_state': 'executing', 'history': [], 'iteration': 1, ...}

    def _guard_execute_batch_admission(finalize_data, state, *, plan_dir=None):
        """Reassert finalized task-graph admission at execute batch entry (M8A T7).
    
        Converts admission failures to a ``CliError`` with
        ``valid_next=['finalize','revise']`` so workers are never dispatched
        against a mutated or inadmissible post-finalize graph.
    
        M10 Step 7H-b: threads ``config`` (previously omitted — the shadow-feasibility
        bug) and the gate-step ``seed_epoch`` attestation into the verdict, and
        blocks v1/``None`` admission escapes so only fully-admitted v2 graphs reach
        worker dispatch.  The epoch protocol is only activated when the gate step
        actually produced a ``seed_epoch`` attestation; an absent key preserves
        backward-compat for pre-M10 plans.
        """
        from arnold_pipelines.megaplan.orchestration.task_feasibility import (
            assert_admitted_task_feasibility,
        )
        config = state.get("config") if isinstance(state, dict) else None
        epoch_kwargs: dict = {}
        if isinstance(state, dict) and state.get("seed_epoch") is not None:
            epoch_kwargs["current_epoch"] = state.get("seed_epoch")
        try:
>           admission_report = assert_admitted_task_feasibility(
                finalize_data, config, **epoch_kwargs
            )

arnold_pipelines/megaplan/execute/batch.py:3780: 
_ _ _ _ _ _ _ _ _ _ _ _ _ _ _ _ _ _ _ _ _ _ _ _ _ _ _ _ _ _ _ _ _ _ _ _ _ _ _ _ 

payload = {'graph_report': {'admitted': False, 'batches': [['T1']], 'budget_classifications': [{'allowed_seconds': 120.0, 'budge..., 'complexity_justification': 'One contained module contract.', 'dependency_reasons': {}, ...}], 'validation_jobs': []}
config = {'mode': 'code', 'project_dir': '/tmp/test-project'}
current_epoch = <object object at 0x10a875820>

    def assert_admitted_task_feasibility(
        payload: Mapping[str, Any],
        config: Mapping[str, Any] | None = None,
        current_epoch: Any = _EPOCH_UNSET,
    ) -> dict[str, Any] | None:
        """Revalidate v2 graphs at execute entry; leave stored v1 plans readable.
    
        For v2 plans (``task_contract_version == TASK_CONTRACT_VERSION``):
    
        * **v1 escape** — non-v2 payloads return ``None`` immediately so stored
          legacy plans remain readable.
        * **v2 + missing-epoch rejection** — when ``current_epoch`` is explicitly
          ``None`` (the attestation is absent) the function raises
          ``ValueError("seed_epoch attestation required for v2 plans")``.
        * **Stale-epoch fencing** — when ``current_epoch`` is provided and
          non-``None``, it is compared against the receipt's embedded
          ``seed_epoch``; a mismatch raises ``ValueError``.
        * **Backward-compat** — when ``current_epoch`` is left unset
          (``_EPOCH_UNSET``), the caller has not yet adopted the epoch protocol
          (Step 7H-b wiring is pending) and the prior behavior is preserved.
        """
    
        if payload.get("task_contract_version") != TASK_CONTRACT_VERSION:
            return None
        if current_epoch is None:
            raise ValueError("seed_epoch attestation required for v2 plans")
        report = compile_task_feasibility(payload, config)
        if (
            current_epoch is not _EPOCH_UNSET
            and report.get("seed_epoch") != current_epoch
        ):
            raise ValueError(
                "seed_epoch mismatch: stale or conflicted epoch at execute entry"
            )
        admitted = payload.get("graph_report")
        admitted_hash = admitted.get("task_contract_hash") if isinstance(admitted, Mapping) else None
        if not report["admitted"]:
            codes = ", ".join(item["code"] for item in report["diagnostics"])
>           raise ValueError(f"Finalized task graph no longer passes feasibility: {codes}")
E           ValueError: Finalized task graph no longer passes feasibility: task_test_budget_v2_required

arnold_pipelines/megaplan/orchestration/task_feasibility.py:521: ValueError

The above exception was the direct cause of the following exception:

    def test_guard_rejects_estimated_minutes_change_as_cli_error() -> None:
        """Changing a task's estimated_minutes after finalize causes CliError."""
        tasks = [_task("T1", minutes=5)]
        finalize_data = _payload(tasks)
        finalize_data["graph_report"] = compile_task_feasibility(finalize_data)
        state = _make_state()
    
        mutated = deepcopy(finalize_data)
        mutated["tasks"][0]["estimated_minutes"] = 15
    
        with pytest.raises(CliError, match="hash differs"):
>           _guard_execute_batch_admission(mutated, state)

tests/execute/test_m8a_execute_wiring.py:198: 
_ _ _ _ _ _ _ _ _ _ _ _ _ _ _ _ _ _ _ _ _ _ _ _ _ _ _ _ _ _ _ _ _ _ _ _ _ _ _ _ 

finalize_data = {'graph_report': {'admitted': False, 'batches': [['T1']], 'budget_classifications': [{'allowed_seconds': 120.0, 'budge..., 'complexity_justification': 'One contained module contract.', 'dependency_reasons': {}, ...}], 'validation_jobs': []}
state = {'config': {'mode': 'code', 'project_dir': '/tmp/test-project'}, 'current_state': 'executing', 'history': [], 'iteration': 1, ...}

    def _guard_execute_batch_admission(finalize_data, state, *, plan_dir=None):
        """Reassert finalized task-graph admission at execute batch entry (M8A T7).
    
        Converts admission failures to a ``CliError`` with
        ``valid_next=['finalize','revise']`` so workers are never dispatched
        against a mutated or inadmissible post-finalize graph.
    
        M10 Step 7H-b: threads ``config`` (previously omitted — the shadow-feasibility
        bug) and the gate-step ``seed_epoch`` attestation into the verdict, and
        blocks v1/``None`` admission escapes so only fully-admitted v2 graphs reach
        worker dispatch.  The epoch protocol is only activated when the gate step
        actually produced a ``seed_epoch`` attestation; an absent key preserves
        backward-compat for pre-M10 plans.
        """
        from arnold_pipelines.megaplan.orchestration.task_feasibility import (
            assert_admitted_task_feasibility,
        )
        config = state.get("config") if isinstance(state, dict) else None
        epoch_kwargs: dict = {}
        if isinstance(state, dict) and state.get("seed_epoch") is not None:
            epoch_kwargs["current_epoch"] = state.get("seed_epoch")
        try:
            admission_report = assert_admitted_task_feasibility(
                finalize_data, config, **epoch_kwargs
            )
        except ValueError as exc:
>           raise CliError(
                "finalized_task_graph_changed",
                str(exc),
                valid_next=["finalize", "revise"],
            ) from exc
E           arnold_pipelines.megaplan.types.CliError: Finalized task graph no longer passes feasibility: task_test_budget_v2_required

arnold_pipelines/megaplan/execute/batch.py:3784: CliError

During handling of the above exception, another exception occurred:

    def test_guard_rejects_estimated_minutes_change_as_cli_error() -> None:
        """Changing a task's estimated_minutes after finalize causes CliError."""
        tasks = [_task("T1", minutes=5)]
        finalize_data = _payload(tasks)
        finalize_data["graph_report"] = compile_task_feasibility(finalize_data)
        state = _make_state()
    
        mutated = deepcopy(finalize_data)
        mutated["tasks"][0]["estimated_minutes"] = 15
    
>       with pytest.raises(CliError, match="hash differs"):
E       AssertionError: Regex pattern did not match.
E         Expected regex: 'hash differs'
E         Actual message: 'Finalized task graph no longer passes feasibility: task_test_budget_v2_required'

tests/execute/test_m8a_execute_wiring.py:197: AssertionError
_________ test_full_pipeline_admits_simple_graph_and_computes_batches __________

    def test_full_pipeline_admits_simple_graph_and_computes_batches() -> None:
        """A simple valid graph passes admission and produces correct batches."""
        tasks = [
            _task("T1"),
            _task("T2", depends_on=["T1"]),
            _task("T3", depends_on=["T1"]),
            _task("T4", depends_on=["T2", "T3"]),
            _task("T5", depends_on=["T4"]),
        ]
        finalize_data = _payload(tasks)
        report = compile_task_feasibility(finalize_data)
>       assert report["admitted"] is True
E       assert False is True

tests/execute/test_m8a_execute_wiring.py:250: AssertionError
___________ test_full_pipeline_with_high_complexity_splits_correctly ___________

    def test_full_pipeline_with_high_complexity_splits_correctly() -> None:
        """A graph with complexity-7 tasks splits them into isolated batches."""
        tasks = [
            _task("T1", complexity=4),
            _task("T7", complexity=7),
            _task("T2", complexity=3, depends_on=["T1", "T7"]),
        ]
        finalize_data = _payload(tasks)
        report = compile_task_feasibility(finalize_data)
>       assert report["admitted"] is True
E       assert False is True

tests/execute/test_m8a_execute_wiring.py:269: AssertionError
______ test_full_pipeline_rejects_mutated_graph_before_batch_computation _______

finalize_data = {'graph_report': {'admitted': False, 'batches': [['T1'], ['T2'], ['T3']], 'budget_classifications': [{'allowed_seconds...on': 'T3 imports the contract created by T2.', 'required_output': 'src/t2.py:Contract'}}, ...}], 'validation_jobs': []}
state = {'config': {'mode': 'code', 'project_dir': '/tmp/test-project'}, 'current_state': 'executing', 'history': [], 'iteration': 1, ...}

    def _guard_execute_batch_admission(finalize_data, state, *, plan_dir=None):
        """Reassert finalized task-graph admission at execute batch entry (M8A T7).
    
        Converts admission failures to a ``CliError`` with
        ``valid_next=['finalize','revise']`` so workers are never dispatched
        against a mutated or inadmissible post-finalize graph.
    
        M10 Step 7H-b: threads ``config`` (previously omitted — the shadow-feasibility
        bug) and the gate-step ``seed_epoch`` attestation into the verdict, and
        blocks v1/``None`` admission escapes so only fully-admitted v2 graphs reach
        worker dispatch.  The epoch protocol is only activated when the gate step
        actually produced a ``seed_epoch`` attestation; an absent key preserves
        backward-compat for pre-M10 plans.
        """
        from arnold_pipelines.megaplan.orchestration.task_feasibility import (
            assert_admitted_task_feasibility,
        )
        config = state.get("config") if isinstance(state, dict) else None
        epoch_kwargs: dict = {}
        if isinstance(state, dict) and state.get("seed_epoch") is not None:
            epoch_kwargs["current_epoch"] = state.get("seed_epoch")
        try:
>           admission_report = assert_admitted_task_feasibility(
                finalize_data, config, **epoch_kwargs
            )

arnold_pipelines/megaplan/execute/batch.py:3780: 
_ _ _ _ _ _ _ _ _ _ _ _ _ _ _ _ _ _ _ _ _ _ _ _ _ _ _ _ _ _ _ _ _ _ _ _ _ _ _ _ 

payload = {'graph_report': {'admitted': False, 'batches': [['T1'], ['T2'], ['T3']], 'budget_classifications': [{'allowed_seconds...on': 'T3 imports the contract created by T2.', 'required_output': 'src/t2.py:Contract'}}, ...}], 'validation_jobs': []}
config = {'mode': 'code', 'project_dir': '/tmp/test-project'}
current_epoch = <object object at 0x10a875820>

    def assert_admitted_task_feasibility(
        payload: Mapping[str, Any],
        config: Mapping[str, Any] | None = None,
        current_epoch: Any = _EPOCH_UNSET,
    ) -> dict[str, Any] | None:
        """Revalidate v2 graphs at execute entry; leave stored v1 plans readable.
    
        For v2 plans (``task_contract_version == TASK_CONTRACT_VERSION``):
    
        * **v1 escape** — non-v2 payloads return ``None`` immediately so stored
          legacy plans remain readable.
        * **v2 + missing-epoch rejection** — when ``current_epoch`` is explicitly
          ``None`` (the attestation is absent) the function raises
          ``ValueError("seed_epoch attestation required for v2 plans")``.
        * **Stale-epoch fencing** — when ``current_epoch`` is provided and
          non-``None``, it is compared against the receipt's embedded
          ``seed_epoch``; a mismatch raises ``ValueError``.
        * **Backward-compat** — when ``current_epoch`` is left unset
          (``_EPOCH_UNSET``), the caller has not yet adopted the epoch protocol
          (Step 7H-b wiring is pending) and the prior behavior is preserved.
        """
    
        if payload.get("task_contract_version") != TASK_CONTRACT_VERSION:
            return None
        if current_epoch is None:
            raise ValueError("seed_epoch attestation required for v2 plans")
        report = compile_task_feasibility(payload, config)
        if (
            current_epoch is not _EPOCH_UNSET
            and report.get("seed_epoch") != current_epoch
        ):
            raise ValueError(
                "seed_epoch mismatch: stale or conflicted epoch at execute entry"
            )
        admitted = payload.get("graph_report")
        admitted_hash = admitted.get("task_contract_hash") if isinstance(admitted, Mapping) else None
        if not report["admitted"]:
            codes = ", ".join(item["code"] for item in report["diagnostics"])
>           raise ValueError(f"Finalized task graph no longer passes feasibility: {codes}")
E           ValueError: Finalized task graph no longer passes feasibility: task_test_budget_v2_required, task_test_budget_v2_required, task_test_budget_v2_required

arnold_pipelines/megaplan/orchestration/task_feasibility.py:521: ValueError

The above exception was the direct cause of the following exception:

    def test_full_pipeline_rejects_mutated_graph_before_batch_computation() -> None:
        """After finalize mutation, the guard rejects before any batch computation runs."""
        tasks = [
            _task("T1"),
            _task("T2", depends_on=["T1"]),
            _task("T3", depends_on=["T2"]),
        ]
        finalize_data = _payload(tasks)
        finalize_data["graph_report"] = compile_task_feasibility(finalize_data)
        state = _make_state()
    
        # Mutate after finalize — removing dep leaves orphaned dependency_reason
        mutated = deepcopy(finalize_data)
        mutated["tasks"][1]["depends_on"] = []  # T2 no longer depends on T1
    
        # Guard must reject before we even get to batch computation
        with pytest.raises(CliError, match="no longer passes feasibility"):
            _guard_execute_batch_admission(mutated, state)
    
        # Prove that the *unmutated* graph still computes batches correctly
>       _guard_execute_batch_admission(finalize_data, state)

tests/execute/test_m8a_execute_wiring.py:307: 
_ _ _ _ _ _ _ _ _ _ _ _ _ _ _ _ _ _ _ _ _ _ _ _ _ _ _ _ _ _ _ _ _ _ _ _ _ _ _ _ 

finalize_data = {'graph_report': {'admitted': False, 'batches': [['T1'], ['T2'], ['T3']], 'budget_classifications': [{'allowed_seconds...on': 'T3 imports the contract created by T2.', 'required_output': 'src/t2.py:Contract'}}, ...}], 'validation_jobs': []}
state = {'config': {'mode': 'code', 'project_dir': '/tmp/test-project'}, 'current_state': 'executing', 'history': [], 'iteration': 1, ...}

    def _guard_execute_batch_admission(finalize_data, state, *, plan_dir=None):
        """Reassert finalized task-graph admission at execute batch entry (M8A T7).
    
        Converts admission failures to a ``CliError`` with
        ``valid_next=['finalize','revise']`` so workers are never dispatched
        against a mutated or inadmissible post-finalize graph.
    
        M10 Step 7H-b: threads ``config`` (previously omitted — the shadow-feasibility
        bug) and the gate-step ``seed_epoch`` attestation into the verdict, and
        blocks v1/``None`` admission escapes so only fully-admitted v2 graphs reach
        worker dispatch.  The epoch protocol is only activated when the gate step
        actually produced a ``seed_epoch`` attestation; an absent key preserves
        backward-compat for pre-M10 plans.
        """
        from arnold_pipelines.megaplan.orchestration.task_feasibility import (
            assert_admitted_task_feasibility,
        )
        config = state.get("config") if isinstance(state, dict) else None
        epoch_kwargs: dict = {}
        if isinstance(state, dict) and state.get("seed_epoch") is not None:
            epoch_kwargs["current_epoch"] = state.get("seed_epoch")
        try:
            admission_report = assert_admitted_task_feasibility(
                finalize_data, config, **epoch_kwargs
            )
        except ValueError as exc:
>           raise CliError(
                "finalized_task_graph_changed",
                str(exc),
                valid_next=["finalize", "revise"],
            ) from exc
E           arnold_pipelines.megaplan.types.CliError: Finalized task graph no longer passes feasibility: task_test_budget_v2_required, task_test_budget_v2_required, task_test_budget_v2_required

arnold_pipelines/megaplan/execute/batch.py:3784: CliError
_________________ test_assert_admitted_raises_on_hash_mismatch _________________

    def test_assert_admitted_raises_on_hash_mismatch() -> None:
        """When graph_report.task_contract_hash doesn't match, ValueError is raised."""
        payload = _payload([_task("T1")])
        payload["graph_report"] = {
            "task_contract_hash": "sha256:deadbeef",
            "admitted": True,
            "diagnostics": [],
        }
        with pytest.raises(ValueError, match="hash differs"):
>           assert_admitted_task_feasibility(payload)

tests/execute/test_m8a_execute_wiring.py:466: 
_ _ _ _ _ _ _ _ _ _ _ _ _ _ _ _ _ _ _ _ _ _ _ _ _ _ _ _ _ _ _ _ _ _ _ _ _ _ _ _ 

payload = {'graph_report': {'admitted': True, 'diagnostics': [], 'task_contract_hash': 'sha256:deadbeef'}, 'task_contract_versio..., 'complexity_justification': 'One contained module contract.', 'dependency_reasons': {}, ...}], 'validation_jobs': []}
config = None, current_epoch = <object object at 0x10a875820>

    def assert_admitted_task_feasibility(
        payload: Mapping[str, Any],
        config: Mapping[str, Any] | None = None,
        current_epoch: Any = _EPOCH_UNSET,
    ) -> dict[str, Any] | None:
        """Revalidate v2 graphs at execute entry; leave stored v1 plans readable.
    
        For v2 plans (``task_contract_version == TASK_CONTRACT_VERSION``):
    
        * **v1 escape** — non-v2 payloads return ``None`` immediately so stored
          legacy plans remain readable.
        * **v2 + missing-epoch rejection** — when ``current_epoch`` is explicitly
          ``None`` (the attestation is absent) the function raises
          ``ValueError("seed_epoch attestation required for v2 plans")``.
        * **Stale-epoch fencing** — when ``current_epoch`` is provided and
          non-``None``, it is compared against the receipt's embedded
          ``seed_epoch``; a mismatch raises ``ValueError``.
        * **Backward-compat** — when ``current_epoch`` is left unset
          (``_EPOCH_UNSET``), the caller has not yet adopted the epoch protocol
          (Step 7H-b wiring is pending) and the prior behavior is preserved.
        """
    
        if payload.get("task_contract_version") != TASK_CONTRACT_VERSION:
            return None
        if current_epoch is None:
            raise ValueError("seed_epoch attestation required for v2 plans")
        report = compile_task_feasibility(payload, config)
        if (
            current_epoch is not _EPOCH_UNSET
            and report.get("seed_epoch") != current_epoch
        ):
            raise ValueError(
                "seed_epoch mismatch: stale or conflicted epoch at execute entry"
            )
        admitted = payload.get("graph_report")
        admitted_hash = admitted.get("task_contract_hash") if isinstance(admitted, Mapping) else None
        if not report["admitted"]:
            codes = ", ".join(item["code"] for item in report["diagnostics"])
>           raise ValueError(f"Finalized task graph no longer passes feasibility: {codes}")
E           ValueError: Finalized task graph no longer passes feasibility: task_test_budget_v2_required

arnold_pipelines/megaplan/orchestration/task_feasibility.py:521: ValueError

During handling of the above exception, another exception occurred:

    def test_assert_admitted_raises_on_hash_mismatch() -> None:
        """When graph_report.task_contract_hash doesn't match, ValueError is raised."""
        payload = _payload([_task("T1")])
        payload["graph_report"] = {
            "task_contract_hash": "sha256:deadbeef",
            "admitted": True,
            "diagnostics": [],
        }
>       with pytest.raises(ValueError, match="hash differs"):
E       AssertionError: Regex pattern did not match.
E         Expected regex: 'hash differs'
E         Actual message: 'Finalized task graph no longer passes feasibility: task_test_budget_v2_required'

tests/execute/test_m8a_execute_wiring.py:465: AssertionError
______ test_guard_threads_seed_epoch_when_state_attests_and_graph_matches ______

finalize_data = {'graph_report': {'admitted': False, 'batches': [['T1']], 'budget_classifications': [{'allowed_seconds': 120.0, 'budge...}, 'complexity': 4, 'complexity_justification': 'One contained module contract.', 'dependency_reasons': {}, ...}], ...}
state = {'config': {'mode': 'code', 'project_dir': '/tmp/test-project'}, 'current_state': 'executing', 'history': [], 'iteration': 1, ...}

    def _guard_execute_batch_admission(finalize_data, state, *, plan_dir=None):
        """Reassert finalized task-graph admission at execute batch entry (M8A T7).
    
        Converts admission failures to a ``CliError`` with
        ``valid_next=['finalize','revise']`` so workers are never dispatched
        against a mutated or inadmissible post-finalize graph.
    
        M10 Step 7H-b: threads ``config`` (previously omitted — the shadow-feasibility
        bug) and the gate-step ``seed_epoch`` attestation into the verdict, and
        blocks v1/``None`` admission escapes so only fully-admitted v2 graphs reach
        worker dispatch.  The epoch protocol is only activated when the gate step
        actually produced a ``seed_epoch`` attestation; an absent key preserves
        backward-compat for pre-M10 plans.
        """
        from arnold_pipelines.megaplan.orchestration.task_feasibility import (
            assert_admitted_task_feasibility,
        )
        config = state.get("config") if isinstance(state, dict) else None
        epoch_kwargs: dict = {}
        if isinstance(state, dict) and state.get("seed_epoch") is not None:
            epoch_kwargs["current_epoch"] = state.get("seed_epoch")
        try:
>           admission_report = assert_admitted_task_feasibility(
                finalize_data, config, **epoch_kwargs
            )

arnold_pipelines/megaplan/execute/batch.py:3780: 
_ _ _ _ _ _ _ _ _ _ _ _ _ _ _ _ _ _ _ _ _ _ _ _ _ _ _ _ _ _ _ _ _ _ _ _ _ _ _ _ 

payload = {'graph_report': {'admitted': False, 'batches': [['T1']], 'budget_classifications': [{'allowed_seconds': 120.0, 'budge...}, 'complexity': 4, 'complexity_justification': 'One contained module contract.', 'dependency_reasons': {}, ...}], ...}
config = {'mode': 'code', 'project_dir': '/tmp/test-project'}
current_epoch = 'epoch-current'

    def assert_admitted_task_feasibility(
        payload: Mapping[str, Any],
        config: Mapping[str, Any] | None = None,
        current_epoch: Any = _EPOCH_UNSET,
    ) -> dict[str, Any] | None:
        """Revalidate v2 graphs at execute entry; leave stored v1 plans readable.
    
        For v2 plans (``task_contract_version == TASK_CONTRACT_VERSION``):
    
        * **v1 escape** — non-v2 payloads return ``None`` immediately so stored
          legacy plans remain readable.
        * **v2 + missing-epoch rejection** — when ``current_epoch`` is explicitly
          ``None`` (the attestation is absent) the function raises
          ``ValueError("seed_epoch attestation required for v2 plans")``.
        * **Stale-epoch fencing** — when ``current_epoch`` is provided and
          non-``None``, it is compared against the receipt's embedded
          ``seed_epoch``; a mismatch raises ``ValueError``.
        * **Backward-compat** — when ``current_epoch`` is left unset
          (``_EPOCH_UNSET``), the caller has not yet adopted the epoch protocol
          (Step 7H-b wiring is pending) and the prior behavior is preserved.
        """
    
        if payload.get("task_contract_version") != TASK_CONTRACT_VERSION:
            return None
        if current_epoch is None:
            raise ValueError("seed_epoch attestation required for v2 plans")
        report = compile_task_feasibility(payload, config)
        if (
            current_epoch is not _EPOCH_UNSET
            and report.get("seed_epoch") != current_epoch
        ):
            raise ValueError(
                "seed_epoch mismatch: stale or conflicted epoch at execute entry"
            )
        admitted = payload.get("graph_report")
        admitted_hash = admitted.get("task_contract_hash") if isinstance(admitted, Mapping) else None
        if not report["admitted"]:
            codes = ", ".join(item["code"] for item in report["diagnostics"])
>           raise ValueError(f"Finalized task graph no longer passes feasibility: {codes}")
E           ValueError: Finalized task graph no longer passes feasibility: task_test_budget_v2_required

arnold_pipelines/megaplan/orchestration/task_feasibility.py:521: ValueError

The above exception was the direct cause of the following exception:

    def test_guard_threads_seed_epoch_when_state_attests_and_graph_matches() -> None:
        """When state carries seed_epoch and the finalized graph echoes it, the
        guard admits dispatch without error."""
        tasks = [_task("T1")]
        finalize_data = _payload(tasks)
        finalize_data["seed_epoch"] = "epoch-current"
        finalize_data["graph_report"] = compile_task_feasibility(finalize_data)
        state = _make_state()
        state["seed_epoch"] = "epoch-current"
    
        # Must not raise — matching epoch, valid v2 graph.
>       _guard_execute_batch_admission(finalize_data, state)

tests/execute/test_m8a_execute_wiring.py:2460: 
_ _ _ _ _ _ _ _ _ _ _ _ _ _ _ _ _ _ _ _ _ _ _ _ _ _ _ _ _ _ _ _ _ _ _ _ _ _ _ _ 

finalize_data = {'graph_report': {'admitted': False, 'batches': [['T1']], 'budget_classifications': [{'allowed_seconds': 120.0, 'budge...}, 'complexity': 4, 'complexity_justification': 'One contained module contract.', 'dependency_reasons': {}, ...}], ...}
state = {'config': {'mode': 'code', 'project_dir': '/tmp/test-project'}, 'current_state': 'executing', 'history': [], 'iteration': 1, ...}

    def _guard_execute_batch_admission(finalize_data, state, *, plan_dir=None):
        """Reassert finalized task-graph admission at execute batch entry (M8A T7).
    
        Converts admission failures to a ``CliError`` with
        ``valid_next=['finalize','revise']`` so workers are never dispatched
        against a mutated or inadmissible post-finalize graph.
    
        M10 Step 7H-b: threads ``config`` (previously omitted — the shadow-feasibility
        bug) and the gate-step ``seed_epoch`` attestation into the verdict, and
        blocks v1/``None`` admission escapes so only fully-admitted v2 graphs reach
        worker dispatch.  The epoch protocol is only activated when the gate step
        actually produced a ``seed_epoch`` attestation; an absent key preserves
        backward-compat for pre-M10 plans.
        """
        from arnold_pipelines.megaplan.orchestration.task_feasibility import (
            assert_admitted_task_feasibility,
        )
        config = state.get("config") if isinstance(state, dict) else None
        epoch_kwargs: dict = {}
        if isinstance(state, dict) and state.get("seed_epoch") is not None:
            epoch_kwargs["current_epoch"] = state.get("seed_epoch")
        try:
            admission_report = assert_admitted_task_feasibility(
                finalize_data, config, **epoch_kwargs
            )
        except ValueError as exc:
>           raise CliError(
                "finalized_task_graph_changed",
                str(exc),
                valid_next=["finalize", "revise"],
            ) from exc
E           arnold_pipelines.megaplan.types.CliError: Finalized task graph no longer passes feasibility: task_test_budget_v2_required

arnold_pipelines/megaplan/execute/batch.py:3784: CliError
____________ test_guard_threads_config_phase_timeout_into_admission ____________

finalize_data = {'graph_report': {'admitted': False, 'batches': [['T1']], 'budget_classifications': [{'allowed_seconds': 120.0, 'budge..., 'complexity_justification': 'One contained module contract.', 'dependency_reasons': {}, ...}], 'validation_jobs': []}
state = {'config': {'mode': 'code', 'project_dir': '/tmp/test-project'}, 'current_state': 'executing', 'history': [], 'iteration': 1, ...}

    def _guard_execute_batch_admission(finalize_data, state, *, plan_dir=None):
        """Reassert finalized task-graph admission at execute batch entry (M8A T7).
    
        Converts admission failures to a ``CliError`` with
        ``valid_next=['finalize','revise']`` so workers are never dispatched
        against a mutated or inadmissible post-finalize graph.
    
        M10 Step 7H-b: threads ``config`` (previously omitted — the shadow-feasibility
        bug) and the gate-step ``seed_epoch`` attestation into the verdict, and
        blocks v1/``None`` admission escapes so only fully-admitted v2 graphs reach
        worker dispatch.  The epoch protocol is only activated when the gate step
        actually produced a ``seed_epoch`` attestation; an absent key preserves
        backward-compat for pre-M10 plans.
        """
        from arnold_pipelines.megaplan.orchestration.task_feasibility import (
            assert_admitted_task_feasibility,
        )
        config = state.get("config") if isinstance(state, dict) else None
        epoch_kwargs: dict = {}
        if isinstance(state, dict) and state.get("seed_epoch") is not None:
            epoch_kwargs["current_epoch"] = state.get("seed_epoch")
        try:
>           admission_report = assert_admitted_task_feasibility(
                finalize_data, config, **epoch_kwargs
            )

arnold_pipelines/megaplan/execute/batch.py:3780: 
_ _ _ _ _ _ _ _ _ _ _ _ _ _ _ _ _ _ _ _ _ _ _ _ _ _ _ _ _ _ _ _ _ _ _ _ _ _ _ _ 

payload = {'graph_report': {'admitted': False, 'batches': [['T1']], 'budget_classifications': [{'allowed_seconds': 120.0, 'budge..., 'complexity_justification': 'One contained module contract.', 'dependency_reasons': {}, ...}], 'validation_jobs': []}
config = {'mode': 'code', 'project_dir': '/tmp/test-project'}
current_epoch = <object object at 0x10a875820>

    def assert_admitted_task_feasibility(
        payload: Mapping[str, Any],
        config: Mapping[str, Any] | None = None,
        current_epoch: Any = _EPOCH_UNSET,
    ) -> dict[str, Any] | None:
        """Revalidate v2 graphs at execute entry; leave stored v1 plans readable.
    
        For v2 plans (``task_contract_version == TASK_CONTRACT_VERSION``):
    
        * **v1 escape** — non-v2 payloads return ``None`` immediately so stored
          legacy plans remain readable.
        * **v2 + missing-epoch rejection** — when ``current_epoch`` is explicitly
          ``None`` (the attestation is absent) the function raises
          ``ValueError("seed_epoch attestation required for v2 plans")``.
        * **Stale-epoch fencing** — when ``current_epoch`` is provided and
          non-``None``, it is compared against the receipt's embedded
          ``seed_epoch``; a mismatch raises ``ValueError``.
        * **Backward-compat** — when ``current_epoch`` is left unset
          (``_EPOCH_UNSET``), the caller has not yet adopted the epoch protocol
          (Step 7H-b wiring is pending) and the prior behavior is preserved.
        """
    
        if payload.get("task_contract_version") != TASK_CONTRACT_VERSION:
            return None
        if current_epoch is None:
            raise ValueError("seed_epoch attestation required for v2 plans")
        report = compile_task_feasibility(payload, config)
        if (
            current_epoch is not _EPOCH_UNSET
            and report.get("seed_epoch") != current_epoch
        ):
            raise ValueError(
                "seed_epoch mismatch: stale or conflicted epoch at execute entry"
            )
        admitted = payload.get("graph_report")
        admitted_hash = admitted.get("task_contract_hash") if isinstance(admitted, Mapping) else None
        if not report["admitted"]:
            codes = ", ".join(item["code"] for item in report["diagnostics"])
>           raise ValueError(f"Finalized task graph no longer passes feasibility: {codes}")
E           ValueError: Finalized task graph no longer passes feasibility: task_test_budget_v2_required

arnold_pipelines/megaplan/orchestration/task_feasibility.py:521: ValueError

The above exception was the direct cause of the following exception:

    def test_guard_threads_config_phase_timeout_into_admission() -> None:
        """The guard threads state config into the feasibility verdict — a short
        phase_timeout_seconds that makes the critical path infeasible is respected.
    
        This guards against the pre-M10 shadow-feasibility bug where config was
        computed but never passed to assert_admitted_task_feasibility.
        """
        # Single task with 5 estimated minutes.
        tasks = [_task("T1", minutes=5)]
        finalize_data = _payload(tasks)
        finalize_data["graph_report"] = compile_task_feasibility(finalize_data)
    
        # With the default 3600s timeout (60 min), 5 min critical path is fine.
        state_default = _make_state()
>       _guard_execute_batch_admission(finalize_data, state_default)

tests/execute/test_m8a_execute_wiring.py:2504: 
_ _ _ _ _ _ _ _ _ _ _ _ _ _ _ _ _ _ _ _ _ _ _ _ _ _ _ _ _ _ _ _ _ _ _ _ _ _ _ _ 

finalize_data = {'graph_report': {'admitted': False, 'batches': [['T1']], 'budget_classifications': [{'allowed_seconds': 120.0, 'budge..., 'complexity_justification': 'One contained module contract.', 'dependency_reasons': {}, ...}], 'validation_jobs': []}
state = {'config': {'mode': 'code', 'project_dir': '/tmp/test-project'}, 'current_state': 'executing', 'history': [], 'iteration': 1, ...}

    def _guard_execute_batch_admission(finalize_data, state, *, plan_dir=None):
        """Reassert finalized task-graph admission at execute batch entry (M8A T7).
    
        Converts admission failures to a ``CliError`` with
        ``valid_next=['finalize','revise']`` so workers are never dispatched
        against a mutated or inadmissible post-finalize graph.
    
        M10 Step 7H-b: threads ``config`` (previously omitted — the shadow-feasibility
        bug) and the gate-step ``seed_epoch`` attestation into the verdict, and
        blocks v1/``None`` admission escapes so only fully-admitted v2 graphs reach
        worker dispatch.  The epoch protocol is only activated when the gate step
        actually produced a ``seed_epoch`` attestation; an absent key preserves
        backward-compat for pre-M10 plans.
        """
        from arnold_pipelines.megaplan.orchestration.task_feasibility import (
            assert_admitted_task_feasibility,
        )
        config = state.get("config") if isinstance(state, dict) else None
        epoch_kwargs: dict = {}
        if isinstance(state, dict) and state.get("seed_epoch") is not None:
            epoch_kwargs["current_epoch"] = state.get("seed_epoch")
        try:
            admission_report = assert_admitted_task_feasibility(
                finalize_data, config, **epoch_kwargs
            )
        except ValueError as exc:
>           raise CliError(
                "finalized_task_graph_changed",
                str(exc),
                valid_next=["finalize", "revise"],
            ) from exc
E           arnold_pipelines.megaplan.types.CliError: Finalized task graph no longer passes feasibility: task_test_budget_v2_required

arnold_pipelines/megaplan/execute/batch.py:3784: CliError
_______ test_guard_preserves_backward_compat_without_seed_epoch_in_state _______

finalize_data = {'graph_report': {'admitted': False, 'batches': [['T1'], ['T2']], 'budget_classifications': [{'allowed_seconds': 120.0...on': 'T2 imports the contract created by T1.', 'required_output': 'src/t1.py:Contract'}}, ...}], 'validation_jobs': []}
state = {'config': {'mode': 'code', 'project_dir': '/tmp/test-project'}, 'current_state': 'executing', 'history': [], 'iteration': 1, ...}

    def _guard_execute_batch_admission(finalize_data, state, *, plan_dir=None):
        """Reassert finalized task-graph admission at execute batch entry (M8A T7).
    
        Converts admission failures to a ``CliError`` with
        ``valid_next=['finalize','revise']`` so workers are never dispatched
        against a mutated or inadmissible post-finalize graph.
    
        M10 Step 7H-b: threads ``config`` (previously omitted — the shadow-feasibility
        bug) and the gate-step ``seed_epoch`` attestation into the verdict, and
        blocks v1/``None`` admission escapes so only fully-admitted v2 graphs reach
        worker dispatch.  The epoch protocol is only activated when the gate step
        actually produced a ``seed_epoch`` attestation; an absent key preserves
        backward-compat for pre-M10 plans.
        """
        from arnold_pipelines.megaplan.orchestration.task_feasibility import (
            assert_admitted_task_feasibility,
        )
        config = state.get("config") if isinstance(state, dict) else None
        epoch_kwargs: dict = {}
        if isinstance(state, dict) and state.get("seed_epoch") is not None:
            epoch_kwargs["current_epoch"] = state.get("seed_epoch")
        try:
>           admission_report = assert_admitted_task_feasibility(
                finalize_data, config, **epoch_kwargs
            )

arnold_pipelines/megaplan/execute/batch.py:3780: 
_ _ _ _ _ _ _ _ _ _ _ _ _ _ _ _ _ _ _ _ _ _ _ _ _ _ _ _ _ _ _ _ _ _ _ _ _ _ _ _ 

payload = {'graph_report': {'admitted': False, 'batches': [['T1'], ['T2']], 'budget_classifications': [{'allowed_seconds': 120.0...on': 'T2 imports the contract created by T1.', 'required_output': 'src/t1.py:Contract'}}, ...}], 'validation_jobs': []}
config = {'mode': 'code', 'project_dir': '/tmp/test-project'}
current_epoch = <object object at 0x10a875820>

    def assert_admitted_task_feasibility(
        payload: Mapping[str, Any],
        config: Mapping[str, Any] | None = None,
        current_epoch: Any = _EPOCH_UNSET,
    ) -> dict[str, Any] | None:
        """Revalidate v2 graphs at execute entry; leave stored v1 plans readable.
    
        For v2 plans (``task_contract_version == TASK_CONTRACT_VERSION``):
    
        * **v1 escape** — non-v2 payloads return ``None`` immediately so stored
          legacy plans remain readable.
        * **v2 + missing-epoch rejection** — when ``current_epoch`` is explicitly
          ``None`` (the attestation is absent) the function raises
          ``ValueError("seed_epoch attestation required for v2 plans")``.
        * **Stale-epoch fencing** — when ``current_epoch`` is provided and
          non-``None``, it is compared against the receipt's embedded
          ``seed_epoch``; a mismatch raises ``ValueError``.
        * **Backward-compat** — when ``current_epoch`` is left unset
          (``_EPOCH_UNSET``), the caller has not yet adopted the epoch protocol
          (Step 7H-b wiring is pending) and the prior behavior is preserved.
        """
    
        if payload.get("task_contract_version") != TASK_CONTRACT_VERSION:
            return None
        if current_epoch is None:
            raise ValueError("seed_epoch attestation required for v2 plans")
        report = compile_task_feasibility(payload, config)
        if (
            current_epoch is not _EPOCH_UNSET
            and report.get("seed_epoch") != current_epoch
        ):
            raise ValueError(
                "seed_epoch mismatch: stale or conflicted epoch at execute entry"
            )
        admitted = payload.get("graph_report")
        admitted_hash = admitted.get("task_contract_hash") if isinstance(admitted, Mapping) else None
        if not report["admitted"]:
            codes = ", ".join(item["code"] for item in report["diagnostics"])
>           raise ValueError(f"Finalized task graph no longer passes feasibility: {codes}")
E           ValueError: Finalized task graph no longer passes feasibility: task_test_budget_v2_required, task_test_budget_v2_required

arnold_pipelines/megaplan/orchestration/task_feasibility.py:521: ValueError

The above exception was the direct cause of the following exception:

    def test_guard_preserves_backward_compat_without_seed_epoch_in_state() -> None:
        """When state has no seed_epoch key, the epoch protocol is not activated
        and a valid v2 graph is admitted (backward-compat for pre-M10 plans)."""
        tasks = [_task("T1"), _task("T2", depends_on=["T1"])]
        finalize_data = _payload(tasks)
        finalize_data["graph_report"] = compile_task_feasibility(finalize_data)
        state = _make_state()
        assert "seed_epoch" not in state
    
        # Must not raise even though finalize_data has no seed_epoch either.
>       _guard_execute_batch_admission(finalize_data, state)

tests/execute/test_m8a_execute_wiring.py:2524: 
_ _ _ _ _ _ _ _ _ _ _ _ _ _ _ _ _ _ _ _ _ _ _ _ _ _ _ _ _ _ _ _ _ _ _ _ _ _ _ _ 

finalize_data = {'graph_report': {'admitted': False, 'batches': [['T1'], ['T2']], 'budget_classifications': [{'allowed_seconds': 120.0...on': 'T2 imports the contract created by T1.', 'required_output': 'src/t1.py:Contract'}}, ...}], 'validation_jobs': []}
state = {'config': {'mode': 'code', 'project_dir': '/tmp/test-project'}, 'current_state': 'executing', 'history': [], 'iteration': 1, ...}

    def _guard_execute_batch_admission(finalize_data, state, *, plan_dir=None):
        """Reassert finalized task-graph admission at execute batch entry (M8A T7).
    
        Converts admission failures to a ``CliError`` with
        ``valid_next=['finalize','revise']`` so workers are never dispatched
        against a mutated or inadmissible post-finalize graph.
    
        M10 Step 7H-b: threads ``config`` (previously omitted — the shadow-feasibility
        bug) and the gate-step ``seed_epoch`` attestation into the verdict, and
        blocks v1/``None`` admission escapes so only fully-admitted v2 graphs reach
        worker dispatch.  The epoch protocol is only activated when the gate step
        actually produced a ``seed_epoch`` attestation; an absent key preserves
        backward-compat for pre-M10 plans.
        """
        from arnold_pipelines.megaplan.orchestration.task_feasibility import (
            assert_admitted_task_feasibility,
        )
        config = state.get("config") if isinstance(state, dict) else None
        epoch_kwargs: dict = {}
        if isinstance(state, dict) and state.get("seed_epoch") is not None:
            epoch_kwargs["current_epoch"] = state.get("seed_epoch")
        try:
            admission_report = assert_admitted_task_feasibility(
                finalize_data, config, **epoch_kwargs
            )
        except ValueError as exc:
>           raise CliError(
                "finalized_task_graph_changed",
                str(exc),
                valid_next=["finalize", "revise"],
            ) from exc
E           arnold_pipelines.megaplan.types.CliError: Finalized task graph no longer passes feasibility: task_test_budget_v2_required, task_test_budget_v2_required

arnold_pipelines/megaplan/execute/batch.py:3784: CliError
___ test_legacy_migration_survives_clearance_rewrite_and_finalize_validation ___

tmp_path = PosixPath('/private/var/folders/_w/b3tthv192m77c760dbyzvk200000gn/T/pytest-of-peteromalley/pytest-546/test_legacy_migration_survives0')

    def test_legacy_migration_survives_clearance_rewrite_and_finalize_validation(
        tmp_path: Path,
    ) -> None:
        plan_dir = tmp_path / "plan"
        plan_dir.mkdir()
        state = _state(tmp_path, iteration=2)
        receipt_path = _legacy_unbound_fixture(plan_dir, state)
        old_clearance_sha = critique_custody.sha256_file(
            plan_dir / "critique_clearance.json"
        )
        [migration] = migrate_legacy_critique_custody(
            plan_dir,
            iteration=2,
            expected_source_sha256=critique_custody.sha256_file(receipt_path),
            actor="operator:test",
            reason="admit legacy custody before normal clearance refresh",
        )
        receipt = critique_custody.read_json(receipt_path)
        [finding_id] = receipt["finding_ids"]
        update_flags_after_gate(
            plan_dir,
            [
                {
                    "flag_id": finding_id,
                    "action": "accept_tradeoff",
                    "evidence": "The gate reviewed the exact preserved concern.",
                    "rationale": "The remaining risk is explicit, bounded, and accepted.",
                }
            ],
        )
    
        clearance = write_critique_clearance(plan_dir, state)
    
        assert critique_custody.sha256_file(plan_dir / "critique_clearance.json") != old_clearance_sha
        stored_clearance_row = next(
            row
            for row in migration["lineage_evidence"]
            if row["role"] == "critique_clearance"
        )
        assert stored_clearance_row["sha256"] == old_clearance_sha
>       graph = _admitted_graph()
                ^^^^^^^^^^^^^^^^^

tests/orchestration/test_critique_custody.py:381: 
_ _ _ _ _ _ _ _ _ _ _ _ _ _ _ _ _ _ _ _ _ _ _ _ _ _ _ _ _ _ _ _ _ _ _ _ _ _ _ _ 

    def _admitted_graph() -> dict[str, Any]:
        payload = {
            "task_contract_version": 2,
            "validation_jobs": [],
            "tasks": [
                {
                    "id": "T1",
                    "objective": "Implement the bounded critique custody contract.",
                    "description": "Implement one independently verifiable contract slice.",
                    "kind": "code",
                    "complexity": 5,
                    "estimated_minutes": 10,
                    "depends_on": [],
                    "dependency_reasons": {},
                    "routing_group": "custody",
                    "write_set": {"paths": ["src/custody.py", "tests/test_custody.py"], "complete": True},
                    "narrow_tests": {"selectors": ["tests/test_custody.py"], "max_seconds": 120, "max_runs": 2},
                    "checkpoint": {"required": False, "max_interval_seconds": 300, "records": []},
                }
            ],
        }
        payload["graph_report"] = compile_task_feasibility(payload, {})
>       assert payload["graph_report"]["admitted"] is True
E       assert False is True

tests/orchestration/test_critique_custody.py:207: AssertionError
_ test_clearance_binds_exact_final_graph_and_execute_rejects_missing_or_mutated_custody _

tmp_path = PosixPath('/private/var/folders/_w/b3tthv192m77c760dbyzvk200000gn/T/pytest-of-peteromalley/pytest-546/test_clearance_binds_exact_fin0')

    def test_clearance_binds_exact_final_graph_and_execute_rejects_missing_or_mutated_custody(
        tmp_path: Path,
    ) -> None:
        plan_dir = tmp_path / "plan"
        plan_dir.mkdir()
        state = _state(tmp_path)
        payload = _oversized_payload()
        _persist_critique(plan_dir, state, payload)
        canonical_id = payload["flags"][0]["id"]
        atomic_write_text(plan_dir / "plan_v2.md", "# Plan v2\n\nSplit Step 2 into bounded tasks.\n")
        state["iteration"] = 2
        state["plan_versions"].append({"version": 2, "file": "plan_v2.md"})
        update_flags_after_revise(
            plan_dir,
            [
                {
                    "id": canonical_id,
                    "resolution": "addressed",
                    "reason": "Split into bounded tasks.",
                    "where": "Step 2",
                }
            ],
            plan_file="plan_v2.md",
            summary="Split the task.",
        )
        update_flags_after_gate(
            plan_dir,
            [{"flag_id": canonical_id, "action": "verify_fixed", "evidence": "plan_v2.md Step 2", "rationale": ""}],
        )
        clearance = write_critique_clearance(plan_dir, state)
>       graph = _admitted_graph()
                ^^^^^^^^^^^^^^^^^

tests/orchestration/test_critique_custody.py:1443: 
_ _ _ _ _ _ _ _ _ _ _ _ _ _ _ _ _ _ _ _ _ _ _ _ _ _ _ _ _ _ _ _ _ _ _ _ _ _ _ _ 

    def _admitted_graph() -> dict[str, Any]:
        payload = {
            "task_contract_version": 2,
            "validation_jobs": [],
            "tasks": [
                {
                    "id": "T1",
                    "objective": "Implement the bounded critique custody contract.",
                    "description": "Implement one independently verifiable contract slice.",
                    "kind": "code",
                    "complexity": 5,
                    "estimated_minutes": 10,
                    "depends_on": [],
                    "dependency_reasons": {},
                    "routing_group": "custody",
                    "write_set": {"paths": ["src/custody.py", "tests/test_custody.py"], "complete": True},
                    "narrow_tests": {"selectors": ["tests/test_custody.py"], "max_seconds": 120, "max_runs": 2},
                    "checkpoint": {"required": False, "max_interval_seconds": 300, "records": []},
                }
            ],
        }
        payload["graph_report"] = compile_task_feasibility(payload, {})
>       assert payload["graph_report"]["admitted"] is True
E       assert False is True

tests/orchestration/test_critique_custody.py:207: AssertionError
________ test_finalizer_partial_or_unknown_finding_mapping_fails_closed ________

    def test_finalizer_partial_or_unknown_finding_mapping_fails_closed() -> None:
>       graph = _admitted_graph()
                ^^^^^^^^^^^^^^^^^

tests/orchestration/test_critique_custody.py:1464: 
_ _ _ _ _ _ _ _ _ _ _ _ _ _ _ _ _ _ _ _ _ _ _ _ _ _ _ _ _ _ _ _ _ _ _ _ _ _ _ _ 

    def _admitted_graph() -> dict[str, Any]:
        payload = {
            "task_contract_version": 2,
            "validation_jobs": [],
            "tasks": [
                {
                    "id": "T1",
                    "objective": "Implement the bounded critique custody contract.",
                    "description": "Implement one independently verifiable contract slice.",
                    "kind": "code",
                    "complexity": 5,
                    "estimated_minutes": 10,
                    "depends_on": [],
                    "dependency_reasons": {},
                    "routing_group": "custody",
                    "write_set": {"paths": ["src/custody.py", "tests/test_custody.py"], "complete": True},
                    "narrow_tests": {"selectors": ["tests/test_custody.py"], "max_seconds": 120, "max_runs": 2},
                    "checkpoint": {"required": False, "max_interval_seconds": 300, "records": []},
                }
            ],
        }
        payload["graph_report"] = compile_task_feasibility(payload, {})
>       assert payload["graph_report"]["admitted"] is True
E       assert False is True

tests/orchestration/test_critique_custody.py:207: AssertionError
_____ test_finalize_custody_denies_canonical_authority_for_bridge_receipt ______

tmp_path = PosixPath('/private/var/folders/_w/b3tthv192m77c760dbyzvk200000gn/T/pytest-of-peteromalley/pytest-546/test_finalize_custody_denies_c0')

    def test_finalize_custody_denies_canonical_authority_for_bridge_receipt(
        tmp_path: Path,
    ) -> None:
        plan_dir = tmp_path / "plan"
        plan_dir.mkdir()
        state = _state(tmp_path)
        payload = _oversized_payload()
        _persist_critique(plan_dir, state, payload)
        canonical_id = payload["flags"][0]["id"]
        atomic_write_text(
            plan_dir / "plan_v2.md", "# Plan v2\n\nSplit Step 2 into bounded tasks.\n"
        )
        state["iteration"] = 2
        state["plan_versions"].append({"version": 2, "file": "plan_v2.md"})
        update_flags_after_revise(
            plan_dir,
            [
                {
                    "id": canonical_id,
                    "resolution": "addressed",
                    "reason": "Split into bounded tasks.",
                    "where": "Step 2",
                }
            ],
            plan_file="plan_v2.md",
            summary="Split the task.",
        )
        update_flags_after_gate(
            plan_dir,
            [{"flag_id": canonical_id, "action": "verify_fixed", "evidence": "plan_v2.md Step 2", "rationale": ""}],
        )
        # Mixed old/new chain (Step 10.8): inject ONE stale pre-cutover source
        # receipt (bridge_mode=true) into the clearance chain. The fresh receipt
        # produced above is bridge_mode=false; the stale one makes the aggregated
        # clearance bridge_mode=true so the finalize binding must deny canonical
        # authority even though the module-level BRIDGE markers are now disabled.
        stale_path = plan_dir / "critique_custody_v1.json"
        stale = json.loads(stale_path.read_text())
        stale["bridge_mode"] = True
        stale["carried_blockers"] = ["stale_pre_cutover_blocker"]
        _rewrite_receipt_digest(stale)
        atomic_write_json(stale_path, stale)
        clearance = write_critique_clearance(plan_dir, state)
        assert clearance["bridge_mode"] is True
    
>       graph = _admitted_graph()
                ^^^^^^^^^^^^^^^^^

tests/orchestration/test_critique_custody.py:2145: 
_ _ _ _ _ _ _ _ _ _ _ _ _ _ _ _ _ _ _ _ _ _ _ _ _ _ _ _ _ _ _ _ _ _ _ _ _ _ _ _ 

    def _admitted_graph() -> dict[str, Any]:
        payload = {
            "task_contract_version": 2,
            "validation_jobs": [],
            "tasks": [
                {
                    "id": "T1",
                    "objective": "Implement the bounded critique custody contract.",
                    "description": "Implement one independently verifiable contract slice.",
                    "kind": "code",
                    "complexity": 5,
                    "estimated_minutes": 10,
                    "depends_on": [],
                    "dependency_reasons": {},
                    "routing_group": "custody",
                    "write_set": {"paths": ["src/custody.py", "tests/test_custody.py"], "complete": True},
                    "narrow_tests": {"selectors": ["tests/test_custody.py"], "max_seconds": 120, "max_runs": 2},
                    "checkpoint": {"required": False, "max_interval_seconds": 300, "records": []},
                }
            ],
        }
        payload["graph_report"] = compile_task_feasibility(payload, {})
>       assert payload["graph_report"]["admitted"] is True
E       assert False is True

tests/orchestration/test_critique_custody.py:207: AssertionError
__________ test_all_false_clearance_chain_grants_canonical_authority ___________

tmp_path = PosixPath('/private/var/folders/_w/b3tthv192m77c760dbyzvk200000gn/T/pytest-of-peteromalley/pytest-546/test_all_false_clearance_chain0')

    def test_all_false_clearance_chain_grants_canonical_authority(
        tmp_path: Path,
    ) -> None:
        """CL5 (Step 10.10): contrast to the mixed chain — when EVERY source receipt
        in the clearance chain carries bridge_mode=false (the post-cutover steady
        state), the clearance is bridge_mode=false and the finalize binding GRANTS
        canonical gate authority. This is the positive complement to the stale-
        receipt denial: only a bridge_mode=true source receipt denies authority."""
        plan_dir = tmp_path / "plan"
        plan_dir.mkdir()
        state = _state(tmp_path)
        payload = _oversized_payload()
        _persist_critique(plan_dir, state, payload)
        canonical_id = payload["flags"][0]["id"]
        atomic_write_text(
            plan_dir / "plan_v2.md", "# Plan v2\n\nSplit Step 2 into bounded tasks.\n"
        )
        state["iteration"] = 2
        state["plan_versions"].append({"version": 2, "file": "plan_v2.md"})
        update_flags_after_revise(
            plan_dir,
            [{"id": canonical_id, "resolution": "addressed", "reason": "Split into bounded tasks.", "where": "Step 2"}],
            plan_file="plan_v2.md",
            summary="Split the task.",
        )
        update_flags_after_gate(
            plan_dir,
            [{"flag_id": canonical_id, "action": "verify_fixed", "evidence": "plan_v2.md Step 2", "rationale": ""}],
        )
        clearance = write_critique_clearance(plan_dir, state)
        # All-false chain: no source receipt is bridge_mode=true.
        assert clearance["bridge_mode"] is False
        assert clearance["carried_blockers"] == []
    
>       graph = _admitted_graph()
                ^^^^^^^^^^^^^^^^^

tests/orchestration/test_critique_custody.py:2203: 
_ _ _ _ _ _ _ _ _ _ _ _ _ _ _ _ _ _ _ _ _ _ _ _ _ _ _ _ _ _ _ _ _ _ _ _ _ _ _ _ 

    def _admitted_graph() -> dict[str, Any]:
        payload = {
            "task_contract_version": 2,
            "validation_jobs": [],
            "tasks": [
                {
                    "id": "T1",
                    "objective": "Implement the bounded critique custody contract.",
                    "description": "Implement one independently verifiable contract slice.",
                    "kind": "code",
                    "complexity": 5,
                    "estimated_minutes": 10,
                    "depends_on": [],
                    "dependency_reasons": {},
                    "routing_group": "custody",
                    "write_set": {"paths": ["src/custody.py", "tests/test_custody.py"], "complete": True},
                    "narrow_tests": {"selectors": ["tests/test_custody.py"], "max_seconds": 120, "max_runs": 2},
                    "checkpoint": {"required": False, "max_interval_seconds": 300, "records": []},
                }
            ],
        }
        payload["graph_report"] = compile_task_feasibility(payload, {})
>       assert payload["graph_report"]["admitted"] is True
E       assert False is True

tests/orchestration/test_critique_custody.py:207: AssertionError
_ test_finalize_custody_rejects_tampered_canonical_authority_for_bridge_receipt _

tmp_path = PosixPath('/private/var/folders/_w/b3tthv192m77c760dbyzvk200000gn/T/pytest-of-peteromalley/pytest-546/test_finalize_custody_rejects_0')

    def test_finalize_custody_rejects_tampered_canonical_authority_for_bridge_receipt(
        tmp_path: Path,
    ) -> None:
        plan_dir = tmp_path / "plan"
        plan_dir.mkdir()
        state = _state(tmp_path)
        payload = _oversized_payload()
        _persist_critique(plan_dir, state, payload)
        canonical_id = payload["flags"][0]["id"]
        atomic_write_text(
            plan_dir / "plan_v2.md", "# Plan v2\n\nSplit Step 2 into bounded tasks.\n"
        )
        state["iteration"] = 2
        state["plan_versions"].append({"version": 2, "file": "plan_v2.md"})
        update_flags_after_revise(
            plan_dir,
            [
                {
                    "id": canonical_id,
                    "resolution": "addressed",
                    "reason": "Split into bounded tasks.",
                    "where": "Step 2",
                }
            ],
            plan_file="plan_v2.md",
            summary="Split the task.",
        )
        update_flags_after_gate(
            plan_dir,
            [{"flag_id": canonical_id, "action": "verify_fixed", "evidence": "plan_v2.md Step 2", "rationale": ""}],
        )
        # Mixed old/new chain: inject a stale bridge_mode=true source receipt so the
        # clearance is bridge-mode (the tamper check only fires for a bridge
        # clearance whose canonical authority a malicious finalizer could forge).
        stale_path = plan_dir / "critique_custody_v1.json"
        stale = json.loads(stale_path.read_text())
        stale["bridge_mode"] = True
        stale["carried_blockers"] = ["stale_pre_cutover_blocker"]
        _rewrite_receipt_digest(stale)
        atomic_write_json(stale_path, stale)
        clearance = write_critique_clearance(plan_dir, state)
    
>       graph = _admitted_graph()
                ^^^^^^^^^^^^^^^^^

tests/orchestration/test_critique_custody.py:2260: 
_ _ _ _ _ _ _ _ _ _ _ _ _ _ _ _ _ _ _ _ _ _ _ _ _ _ _ _ _ _ _ _ _ _ _ _ _ _ _ _ 

    def _admitted_graph() -> dict[str, Any]:
        payload = {
            "task_contract_version": 2,
            "validation_jobs": [],
            "tasks": [
                {
                    "id": "T1",
                    "objective": "Implement the bounded critique custody contract.",
                    "description": "Implement one independently verifiable contract slice.",
                    "kind": "code",
                    "complexity": 5,
                    "estimated_minutes": 10,
                    "depends_on": [],
                    "dependency_reasons": {},
                    "routing_group": "custody",
                    "write_set": {"paths": ["src/custody.py", "tests/test_custody.py"], "complete": True},
                    "narrow_tests": {"selectors": ["tests/test_custody.py"], "max_seconds": 120, "max_runs": 2},
                    "checkpoint": {"required": False, "max_interval_seconds": 300, "records": []},
                }
            ],
        }
        payload["graph_report"] = compile_task_feasibility(payload, {})
>       assert payload["graph_report"]["admitted"] is True
E       assert False is True

tests/orchestration/test_critique_custody.py:207: AssertionError
______ test_finalize_custody_rejects_bridge_mode_mismatch_with_clearance _______

tmp_path = PosixPath('/private/var/folders/_w/b3tthv192m77c760dbyzvk200000gn/T/pytest-of-peteromalley/pytest-546/test_finalize_custody_rejects_1')

    def test_finalize_custody_rejects_bridge_mode_mismatch_with_clearance(
        tmp_path: Path,
    ) -> None:
        plan_dir = tmp_path / "plan"
        plan_dir.mkdir()
        state = _state(tmp_path)
        payload = _oversized_payload()
        _persist_critique(plan_dir, state, payload)
        canonical_id = payload["flags"][0]["id"]
        atomic_write_text(
            plan_dir / "plan_v2.md", "# Plan v2\n\nSplit Step 2 into bounded tasks.\n"
        )
        state["iteration"] = 2
        state["plan_versions"].append({"version": 2, "file": "plan_v2.md"})
        update_flags_after_revise(
            plan_dir,
            [
                {
                    "id": canonical_id,
                    "resolution": "addressed",
                    "reason": "Split into bounded tasks.",
                    "where": "Step 2",
                }
            ],
            plan_file="plan_v2.md",
            summary="Split the task.",
        )
        update_flags_after_gate(
            plan_dir,
            [{"flag_id": canonical_id, "action": "verify_fixed", "evidence": "plan_v2.md Step 2", "rationale": ""}],
        )
        # Mixed old/new chain: inject a stale bridge_mode=true source receipt so the
        # clearance is bridge-mode (the mismatch check requires a bridge clearance).
        stale_path = plan_dir / "critique_custody_v1.json"
        stale = json.loads(stale_path.read_text())
        stale["bridge_mode"] = True
        stale["carried_blockers"] = ["stale_pre_cutover_blocker"]
        _rewrite_receipt_digest(stale)
        atomic_write_json(stale_path, stale)
        clearance = write_critique_clearance(plan_dir, state)
    
>       graph = _admitted_graph()
                ^^^^^^^^^^^^^^^^^

tests/orchestration/test_critique_custody.py:2320: 
_ _ _ _ _ _ _ _ _ _ _ _ _ _ _ _ _ _ _ _ _ _ _ _ _ _ _ _ _ _ _ _ _ _ _ _ _ _ _ _ 

    def _admitted_graph() -> dict[str, Any]:
        payload = {
            "task_contract_version": 2,
            "validation_jobs": [],
            "tasks": [
                {
                    "id": "T1",
                    "objective": "Implement the bounded critique custody contract.",
                    "description": "Implement one independently verifiable contract slice.",
                    "kind": "code",
                    "complexity": 5,
                    "estimated_minutes": 10,
                    "depends_on": [],
                    "dependency_reasons": {},
                    "routing_group": "custody",
                    "write_set": {"paths": ["src/custody.py", "tests/test_custody.py"], "complete": True},
                    "narrow_tests": {"selectors": ["tests/test_custody.py"], "max_seconds": 120, "max_runs": 2},
                    "checkpoint": {"required": False, "max_interval_seconds": 300, "records": []},
                }
            ],
        }
        payload["graph_report"] = compile_task_feasibility(payload, {})
>       assert payload["graph_report"]["admitted"] is True
E       assert False is True

tests/orchestration/test_critique_custody.py:207: AssertionError
=========================== short test summary info ============================
FAILED tests/arnold/conformance/test_conformance.py::TestRunConformanceSuiteAllGreen::test_default_suite_all_pass - AssertionError: assert False is True
 +  where False = ConformanceSuiteResult(suite_id='ar1-conformance', checks=(ConformanceCheckResult(check_id='adapter-protocol', passed=...arget': None, 'notes': 'Local faster-whisper transcription requires no API key. No credential surface to broker.'}]}))).passed
FAILED tests/arnold/conformance/test_conformance.py::TestRunConformanceSuiteAllGreen::test_all_checks_passed_in_default_suite - AssertionError: megaplan-artifact-layout: misplaced megaplan artifacts: .megaplan/initiatives/megaplan-native-parity-corrective/GOLDEN_TRACE_CONTRACT.md, .megaplan/initiatives/megaplan-north-star-sense-checks-revise-design/docs/research.md, .megaplan/initiatives/native-workflow-platformization/PLATFORM_CONTRACT.md, .megaplan/initiatives/standardized-completion-specifications/SUPERSESSION_CROSSWALK.yaml
assert False
 +  where False = ConformanceCheckResult(check_id='megaplan-artifact-layout', passed=False, message='misplaced megaplan artifacts: .mega...ed-completion-specifications/SUPERSESSION_CROSSWALK.yaml': ('initiative artifact outside canonical subdirectories',)}}).passed
FAILED tests/arnold/conformance/test_conformance.py::TestRunConformanceSuiteAllGreen::test_with_pipelines_all_green - AssertionError: assert False is True
 +  where False = ConformanceSuiteResult(suite_id='ar1-conformance', checks=(ConformanceCheckResult(check_id='adapter-protocol', passed=...arget': None, 'notes': 'Local faster-whisper transcription requires no API key. No credential surface to broker.'}]}))).passed
FAILED tests/arnold/conformance/test_conformance.py::TestRunConformanceSuiteAllGreen::test_with_contracts_all_green - AssertionError: assert False is True
 +  where False = ConformanceSuiteResult(suite_id='ar1-conformance', checks=(ConformanceCheckResult(check_id='adapter-protocol', passed=...arget': None, 'notes': 'Local faster-whisper transcription requires no API key. No credential surface to broker.'}]}))).passed
FAILED tests/arnold/conformance/test_conformance.py::TestRunConformanceSuiteAllGreen::test_all_four_domains_populated_all_green - AssertionError: assert False is True
 +  where False = ConformanceSuiteResult(suite_id='ar1-conformance', checks=(ConformanceCheckResult(check_id='adapter-protocol', passed=...arget': None, 'notes': 'Local faster-whisper transcription requires no API key. No credential surface to broker.'}]}))).passed
FAILED tests/arnold/conformance/test_conformance.py::TestRunConformanceSuiteSeededViolations::test_assert_suite_compliant_does_not_raise_on_green - AssertionError: assert False is True
 +  where False = ConformanceSuiteResult(suite_id='ar1-conformance', checks=(ConformanceCheckResult(check_id='adapter-protocol', passed=...arget': None, 'notes': 'Local faster-whisper transcription requires no API key. No credential surface to broker.'}]}))).passed
FAILED tests/arnold_pipelines/megaplan/test_chain_execution_binding.py::test_runtime_cutover_is_separate_from_spec_binding - arnold_pipelines.megaplan.types.CliError: runtime rebind CAS is import_root plus generation interpreter, not SHA-256
FAILED tests/arnold_pipelines/megaplan/test_chain_execution_binding.py::test_runtime_cutover_command_moves_engine_root_atomically - arnold_pipelines.megaplan.types.CliError: runtime rebind CAS is import_root plus generation interpreter, not SHA-256
FAILED tests/arnold_pipelines/megaplan/test_chain_execution_binding.py::test_runtime_cutover_rollback_direction_moves_engine_root_back - arnold_pipelines.megaplan.types.CliError: runtime rebind CAS is import_root plus generation interpreter, not SHA-256
FAILED tests/arnold_pipelines/megaplan/test_chain_execution_binding.py::test_runtime_cutover_refuses_missing_engine_root_before_any_mutation - AssertionError: Regex pattern did not match.
  Expected regex: 'engine_root is missing'
  Actual message: 'runtime rebind CAS is import_root plus generation interpreter, not SHA-256'
FAILED tests/arnold_pipelines/megaplan/test_chain_execution_binding.py::test_runtime_cutover_refuses_engine_root_mismatch_before_any_mutation - AssertionError: Regex pattern did not match.
  Expected regex: 'recorded engine root does not match'
  Actual message: 'runtime rebind CAS is import_root plus generation interpreter, not SHA-256'
FAILED tests/arnold_pipelines/megaplan/test_chain_execution_binding.py::test_runtime_cutover_refuses_unbound_chain_before_any_mutation - Failed: DID NOT RAISE <class 'arnold_pipelines.megaplan.types.CliError'>
FAILED tests/arnold_pipelines/megaplan/test_chain_execution_binding.py::test_runtime_cutover_inherits_runtime_sha_cas_guards - AssertionError: Regex pattern did not match.
  Expected regex: 'previous runtime SHA-256 does not match'
  Actual message: 'runtime rebind CAS is import_root plus generation interpreter, not SHA-256'
FAILED tests/arnold_pipelines/megaplan/test_chain_execution_binding.py::test_runtime_cutover_accepts_exact_completed_terminal_cursor - arnold_pipelines.megaplan.types.CliError: runtime rebind CAS is import_root plus generation interpreter, not SHA-256
FAILED tests/arnold_pipelines/megaplan/test_chain_execution_binding.py::test_runtime_cutover_cas_uses_verified_legacy_persisted_digest - arnold_pipelines.megaplan.types.CliError: runtime rebind CAS is import_root plus generation interpreter, not SHA-256
FAILED tests/arnold_pipelines/megaplan/test_chain_execution_binding.py::test_runtime_cutover_rejects_normalized_alias_for_legacy_persisted_digest - AssertionError: Regex pattern did not match.
  Expected regex: 'previous runtime SHA-256 does not match'
  Actual message: 'runtime rebind CAS is import_root plus generation interpreter, not SHA-256'
FAILED tests/arnold_pipelines/megaplan/test_chain_execution_binding.py::test_runtime_cutover_rejects_unverified_persisted_runtime_extensions[digest] - AssertionError: Regex pattern did not match.
  Expected regex: 'persisted Shannon dependency receipt is invalid'
  Actual message: 'runtime rebind CAS is import_root plus generation interpreter, not SHA-256'
FAILED tests/arnold_pipelines/megaplan/test_chain_execution_binding.py::test_runtime_cutover_rejects_unverified_persisted_runtime_extensions[unknown_field] - AssertionError: Regex pattern did not match.
  Expected regex: 'unsupported fields'
  Actual message: 'runtime rebind CAS is import_root plus generation interpreter, not SHA-256'
FAILED tests/arnold_pipelines/megaplan/test_chain_execution_binding.py::test_runtime_cutover_terminal_path_fails_closed[milestone_guard-@terminal milestone guard] - AssertionError: Regex pattern did not match.
  Expected regex: '@terminal milestone guard'
  Actual message: 'runtime rebind CAS is import_root plus generation interpreter, not SHA-256'
FAILED tests/arnold_pipelines/megaplan/test_chain_execution_binding.py::test_runtime_cutover_terminal_path_fails_closed[plan_guard-@none plan guard] - AssertionError: Regex pattern did not match.
  Expected regex: '@none plan guard'
  Actual message: 'runtime rebind CAS is import_root plus generation interpreter, not SHA-256'
FAILED tests/arnold_pipelines/megaplan/test_chain_execution_binding.py::test_runtime_cutover_terminal_path_fails_closed[active_plan-current plan remains] - AssertionError: Regex pattern did not match.
  Expected regex: 'current plan remains'
  Actual message: 'runtime rebind CAS is import_root plus generation interpreter, not SHA-256'
FAILED tests/arnold_pipelines/megaplan/test_chain_execution_binding.py::test_runtime_cutover_terminal_path_fails_closed[last_state-canonical last_state 'done'] - AssertionError: Regex pattern did not match.
  Expected regex: "canonical last_state 'done'"
  Actual message: 'runtime rebind CAS is import_root plus generation interpreter, not SHA-256'
FAILED tests/arnold_pipelines/megaplan/test_chain_execution_binding.py::test_runtime_cutover_terminal_path_fails_closed[missing_completion-exact ordered milestone set] - AssertionError: Regex pattern did not match.
  Expected regex: 'exact ordered milestone set'
  Actual message: 'runtime rebind CAS is import_root plus generation interpreter, not SHA-256'
FAILED tests/arnold_pipelines/megaplan/test_chain_execution_binding.py::test_runtime_cutover_terminal_path_fails_closed[out_of_order_completion-exact ordered milestone set] - AssertionError: Regex pattern did not match.
  Expected regex: 'exact ordered milestone set'
  Actual message: 'runtime rebind CAS is import_root plus generation interpreter, not SHA-256'
FAILED tests/arnold_pipelines/megaplan/test_chain_execution_binding.py::test_runtime_cutover_terminal_path_fails_closed[non_done_completion-exact ordered milestone set] - AssertionError: Regex pattern did not match.
  Expected regex: 'exact ordered milestone set'
  Actual message: 'runtime rebind CAS is import_root plus generation interpreter, not SHA-256'
FAILED tests/arnold_pipelines/megaplan/test_chain_execution_binding.py::test_runtime_cutover_terminal_path_fails_closed[past_terminal-outside the bound sequence] - AssertionError: Regex pattern did not match.
  Expected regex: 'outside the bound sequence'
  Actual message: 'runtime rebind CAS is import_root plus generation interpreter, not SHA-256'
FAILED tests/arnold_pipelines/megaplan/test_chain_execution_binding.py::test_runtime_cutover_terminal_path_fails_closed[active_cursor_terminal_token-current milestone does not match] - AssertionError: Regex pattern did not match.
  Expected regex: 'current milestone does not match'
  Actual message: 'runtime rebind CAS is import_root plus generation interpreter, not SHA-256'
FAILED tests/arnold_pipelines/megaplan/test_chain_execution_binding.py::test_b_cli_rolls_back_to_independently_receipted_a_runtime - AssertionError: 
assert 1 == 0
 +  where 1 = CompletedProcess(args=['/private/var/folders/_w/b3tthv192m77c760dbyzvk200000gn/T/pytest-of-peteromalley/pytest-546/off...ng_drift",\n  "message": "runtime rebind CAS is import_root plus generation interpreter, not SHA-256"\n}\n', stderr='').returncode
FAILED tests/arnold_pipelines/megaplan/test_chain_execution_binding.py::test_b_cli_runtime_cutover_moves_engine_root_to_receipted_a - AssertionError: 
assert 1 == 0
 +  where 1 = CompletedProcess(args=['/private/var/folders/_w/b3tthv192m77c760dbyzvk200000gn/T/pytest-of-peteromalley/pytest-546/off...g_drift",\n  "message": "runtime cutover CAS is import_root plus generation interpreter, not SHA-256"\n}\n', stderr='').returncode
FAILED tests/arnold_pipelines/megaplan/test_chain_execution_binding.py::test_cli_runtime_cutover_refuses_engine_root_drift_without_writing - AssertionError: assert 'recorded engine root does not match' in 'runtime cutover CAS is import_root plus generation interpreter, not SHA-256'
FAILED tests/arnold_pipelines/megaplan/test_m6_ci_acceptance.py::TestFullPipelineIntegration::test_committed_proof_index_head_matches_git_order_independent - AssertionError: Committed proof index HEAD ab4b174bbaf76ce03860ed9aff2edf7e865db083 is not an ancestor of git HEAD 6c75652572d396d32e7092b681c09375c1cb7e3b
assert 1 == 0
 +  where 1 = CompletedProcess(args=['git', 'merge-base', '--is-ancestor', 'ab4b174bbaf76ce03860ed9aff2edf7e865db083', '6c75652572d396d32e7092b681c09375c1cb7e3b'], returncode=1, stdout=b'', stderr=b'').returncode
FAILED tests/arnold_pipelines/megaplan/test_m6_ci_acceptance.py::TestFullPipelineIntegration::test_committed_prerequisite_head_matches_git_order_independent - AssertionError: Committed prerequisite verification HEAD ab4b174bbaf76ce03860ed9aff2edf7e865db083 is not an ancestor of git HEAD 6c75652572d396d32e7092b681c09375c1cb7e3b
assert 1 == 0
 +  where 1 = CompletedProcess(args=['git', 'merge-base', '--is-ancestor', 'ab4b174bbaf76ce03860ed9aff2edf7e865db083', '6c75652572d396d32e7092b681c09375c1cb7e3b'], returncode=1, stdout=b'', stderr=b'').returncode
FAILED tests/execute/test_m8a_execute_wiring.py::test_guard_admits_valid_unchanged_graph - arnold_pipelines.megaplan.types.CliError: Finalized task graph no longer passes feasibility: task_test_budget_v2_required, task_test_budget_v2_required
FAILED tests/execute/test_m8a_execute_wiring.py::test_guard_rejects_write_set_mutation_as_cli_error - AssertionError: Regex pattern did not match.
  Expected regex: 'hash differs'
  Actual message: 'Finalized task graph no longer passes feasibility: task_test_budget_v2_required, task_test_budget_v2_required'
FAILED tests/execute/test_m8a_execute_wiring.py::test_guard_rejects_added_task_as_cli_error - AssertionError: Regex pattern did not match.
  Expected regex: 'hash differs'
  Actual message: 'Finalized task graph no longer passes feasibility: task_test_budget_v2_required, task_test_budget_v2_required'
FAILED tests/execute/test_m8a_execute_wiring.py::test_guard_rejects_estimated_minutes_change_as_cli_error - AssertionError: Regex pattern did not match.
  Expected regex: 'hash differs'
  Actual message: 'Finalized task graph no longer passes feasibility: task_test_budget_v2_required'
FAILED tests/execute/test_m8a_execute_wiring.py::test_full_pipeline_admits_simple_graph_and_computes_batches - assert False is True
FAILED tests/execute/test_m8a_execute_wiring.py::test_full_pipeline_with_high_complexity_splits_correctly - assert False is True
FAILED tests/execute/test_m8a_execute_wiring.py::test_full_pipeline_rejects_mutated_graph_before_batch_computation - arnold_pipelines.megaplan.types.CliError: Finalized task graph no longer passes feasibility: task_test_budget_v2_required, task_test_budget_v2_required, task_test_budget_v2_required
FAILED tests/execute/test_m8a_execute_wiring.py::test_assert_admitted_raises_on_hash_mismatch - AssertionError: Regex pattern did not match.
  Expected regex: 'hash differs'
  Actual message: 'Finalized task graph no longer passes feasibility: task_test_budget_v2_required'
FAILED tests/execute/test_m8a_execute_wiring.py::test_guard_threads_seed_epoch_when_state_attests_and_graph_matches - arnold_pipelines.megaplan.types.CliError: Finalized task graph no longer passes feasibility: task_test_budget_v2_required
FAILED tests/execute/test_m8a_execute_wiring.py::test_guard_threads_config_phase_timeout_into_admission - arnold_pipelines.megaplan.types.CliError: Finalized task graph no longer passes feasibility: task_test_budget_v2_required
FAILED tests/execute/test_m8a_execute_wiring.py::test_guard_preserves_backward_compat_without_seed_epoch_in_state - arnold_pipelines.megaplan.types.CliError: Finalized task graph no longer passes feasibility: task_test_budget_v2_required, task_test_budget_v2_required
FAILED tests/orchestration/test_critique_custody.py::test_legacy_migration_survives_clearance_rewrite_and_finalize_validation - assert False is True
FAILED tests/orchestration/test_critique_custody.py::test_clearance_binds_exact_final_graph_and_execute_rejects_missing_or_mutated_custody - assert False is True
FAILED tests/orchestration/test_critique_custody.py::test_finalizer_partial_or_unknown_finding_mapping_fails_closed - assert False is True
FAILED tests/orchestration/test_critique_custody.py::test_finalize_custody_denies_canonical_authority_for_bridge_receipt - assert False is True
FAILED tests/orchestration/test_critique_custody.py::test_all_false_clearance_chain_grants_canonical_authority - assert False is True
FAILED tests/orchestration/test_critique_custody.py::test_finalize_custody_rejects_tampered_canonical_authority_for_bridge_receipt - assert False is True
FAILED tests/orchestration/test_critique_custody.py::test_finalize_custody_rejects_bridge_mode_mismatch_with_clearance - assert False is True
50 failed, 2333 passed, 14 subtests passed in 454.66s (0:07:34)
