........................................................................ [  3%]
.................................................s...................... [  6%]
............F.F......................................................... [  9%]
........................................................................ [ 12%]
........................................................................ [ 15%]
...........................................F............................ [ 18%]
.......................................sssss............................ [ 21%]
..............................F..F...FFFFFF......F...................... [ 24%]
................................F..................................FFFFF [ 27%]
FF.............F........................................................ [ 30%]
.............................................................FF......... [ 33%]
............................F.F.F....F.................................. [ 36%]
........................................................................ [ 39%]
...FEE.................................................................. [ 42%]
............F........................................................... [ 45%]
.........F.........F.................................................... [ 48%]
...................FFFFF..............F.F.........F..FF................. [ 51%]
........................................................................ [ 54%]
........................................................................ [ 57%]
.................FFF...........F.......F...........FFFFFFF..........FF.. [ 60%]
...F...FF.......FFFFFFFFFFFFFFFFFFFFFFFFFFFFFFFF........F...F.FFFFFFFFFF [ 63%]
FFFFFF.F...................F................F........FFF.......F........ [ 66%]
....................................FF..FFF.FF......................FF.. [ 69%]
.............................F.......................................... [ 72%]
.................FFEE.E................................................. [ 75%]
..................F..F.........F...F.................................... [ 78%]
........................................................................ [ 81%]
................................................F....................... [ 84%]
........................................................................ [ 87%]
.............................................................F.F........ [ 90%]
..................................................F..................... [ 93%]
......F.F.......................F..........F............................ [ 96%]
....................................................F...F............FFF [ 99%]
FFFFFF.                                                                  [100%]
==================================== ERRORS ====================================
_ ERROR at setup of TestWheelSmoke.test_wheel_installs_and_imports_product_package _

tmp_path = PosixPath('/private/var/folders/_w/b3tthv192m77c760dbyzvk200000gn/T/pytest-of-peteromalley/pytest-6/test_wheel_installs_and_import0')

    @pytest.fixture
    def built_wheel(tmp_path: Path) -> Path:
        """Build a wheel/sdist and return the wheel path."""
    
        repo_root = Path(__file__).parents[3]
        build_dir = tmp_path / "build"
        build_dir.mkdir()
    
        # Ensure the test interpreter has pip available for wheel builds.
        try:
            _run_checked(
                [sys.executable, "-m", "pip", "--version"],
            )
        except AssertionError:
            _run_checked(
                [sys.executable, "-m", "ensurepip"],
            )
    
>       _run_checked(
            [sys.executable, "-m", "pip", "wheel", "--no-deps", str(repo_root), "-w", str(build_dir)],
            cwd=repo_root,
        )

tests/arnold_pipelines/megaplan/test_wheel_smoke.py:52: 
_ _ _ _ _ _ _ _ _ _ _ _ _ _ _ _ _ _ _ _ _ _ _ _ _ _ _ _ _ _ _ _ _ _ _ _ _ _ _ _ 

args = ['/Users/peteromalley/.pyenv/versions/3.11.11/bin/python', '-m', 'pip', 'wheel', '--no-deps', '/Users/peteromalley/Documents/.megaplan-worktrees/runtime-convergence-execution', ...]
kwargs = {'cwd': PosixPath('/Users/peteromalley/Documents/.megaplan-worktrees/runtime-convergence-execution')}
result = CompletedProcess(args=['/Users/peteromalley/.pyenv/versions/3.11.11/bin/python', '-m', 'pip', 'wheel', '--no-deps', '/...rgence-execution\n\nnote: This is an issue with the package mentioned above, not pip.\nhint: See above for details.\n')

    def _run_checked(args: list[str], **kwargs: Any) -> subprocess.CompletedProcess[str]:
        result = subprocess.run(args, capture_output=True, text=True, **kwargs)
        if result.returncode != 0:
>           raise AssertionError(
                f"command failed ({result.returncode}): {' '.join(args)}\n"
                f"stdout:\n{result.stdout}\n"
                f"stderr:\n{result.stderr}"
            )
E           AssertionError: command failed (1): /Users/peteromalley/.pyenv/versions/3.11.11/bin/python -m pip wheel --no-deps /Users/peteromalley/Documents/.megaplan-worktrees/runtime-convergence-execution -w /private/var/folders/_w/b3tthv192m77c760dbyzvk200000gn/T/pytest-of-peteromalley/pytest-6/test_wheel_installs_and_import0/build
E           stdout:
E           Processing ./.
E             Installing build dependencies: started
E             Installing build dependencies: finished with status 'done'
E             Getting requirements to build wheel: started
E             Getting requirements to build wheel: finished with status 'done'
E             Preparing metadata (pyproject.toml): started
E             Preparing metadata (pyproject.toml): finished with status 'error'
E           
E           stderr:
E             error: subprocess-exited-with-error
E             
E             × Preparing metadata (pyproject.toml) did not run successfully.
E             │ exit code: 1
E             ╰─> [22 lines of output]
E                 Traceback (most recent call last):
E                   File "/Users/peteromalley/.pyenv/versions/3.11.11/lib/python3.11/site-packages/pip/_vendor/pyproject_hooks/_in_process/_in_process.py", line 389, in <module>
E                     main()
E                   File "/Users/peteromalley/.pyenv/versions/3.11.11/lib/python3.11/site-packages/pip/_vendor/pyproject_hooks/_in_process/_in_process.py", line 373, in main
E                     json_out["return_val"] = hook(**hook_input["kwargs"])
E                                              ^^^^^^^^^^^^^^^^^^^^^^^^^^^^
E                   File "/Users/peteromalley/.pyenv/versions/3.11.11/lib/python3.11/site-packages/pip/_vendor/pyproject_hooks/_in_process/_in_process.py", line 178, in prepare_metadata_for_build_wheel
E                     whl_basename = backend.build_wheel(metadata_directory, config_settings)
E                                    ^^^^^^^^^^^^^^^^^^^^^^^^^^^^^^^^^^^^^^^^^^^^^^^^^^^^^^^^
E                   File "/private/var/folders/_w/b3tthv192m77c760dbyzvk200000gn/T/pip-build-env-57n36m1s/overlay/lib/python3.11/site-packages/hatchling/build.py", line 58, in build_wheel
E                     return os.path.basename(next(builder.build(directory=wheel_directory, versions=["standard"])))
E                                             ^^^^^^^^^^^^^^^^^^^^^^^^^^^^^^^^^^^^^^^^^^^^^^^^^^^^^^^^^^^^^^^^^^^^^
E                   File "/private/var/folders/_w/b3tthv192m77c760dbyzvk200000gn/T/pip-build-env-57n36m1s/overlay/lib/python3.11/site-packages/hatchling/builders/plugin/interface.py", line 157, in build
E                     artifact = version_api[version](directory, **build_data)
E                                ^^^^^^^^^^^^^^^^^^^^^^^^^^^^^^^^^^^^^^^^^^^^^
E                   File "/private/var/folders/_w/b3tthv192m77c760dbyzvk200000gn/T/pip-build-env-57n36m1s/overlay/lib/python3.11/site-packages/hatchling/builders/wheel.py", line 529, in build_standard
E                     record = archive.add_file(included_file)
E                              ^^^^^^^^^^^^^^^^^^^^^^^^^^^^^^^
E                   File "/private/var/folders/_w/b3tthv192m77c760dbyzvk200000gn/T/pip-build-env-57n36m1s/overlay/lib/python3.11/site-packages/hatchling/builders/wheel.py", line 117, in add_file
E                     file_stat = os.stat(included_file.path)
E                                 ^^^^^^^^^^^^^^^^^^^^^^^^^^^
E                 FileNotFoundError: [Errno 2] No such file or directory: '/Users/peteromalley/Documents/.megaplan-worktrees/runtime-convergence-execution/arnold_pipelines/megaplan/skills/babysit/SKILL.md'
E                 [end of output]
E             
E             note: This error originates from a subprocess, and is likely not a problem with pip.
E           error: metadata-generation-failed
E           
E           × Encountered error while generating package metadata.
E           ╰─> from file:///Users/peteromalley/Documents/.megaplan-worktrees/runtime-convergence-execution
E           
E           note: This is an issue with the package mentioned above, not pip.
E           hint: See above for details.

tests/arnold_pipelines/megaplan/test_wheel_smoke.py:26: AssertionError
____ ERROR at setup of TestWheelSmoke.test_cli_projection_imports_in_wheel _____

tmp_path = PosixPath('/private/var/folders/_w/b3tthv192m77c760dbyzvk200000gn/T/pytest-of-peteromalley/pytest-6/test_cli_projection_imports_in0')

    @pytest.fixture
    def built_wheel(tmp_path: Path) -> Path:
        """Build a wheel/sdist and return the wheel path."""
    
        repo_root = Path(__file__).parents[3]
        build_dir = tmp_path / "build"
        build_dir.mkdir()
    
        # Ensure the test interpreter has pip available for wheel builds.
        try:
            _run_checked(
                [sys.executable, "-m", "pip", "--version"],
            )
        except AssertionError:
            _run_checked(
                [sys.executable, "-m", "ensurepip"],
            )
    
>       _run_checked(
            [sys.executable, "-m", "pip", "wheel", "--no-deps", str(repo_root), "-w", str(build_dir)],
            cwd=repo_root,
        )

tests/arnold_pipelines/megaplan/test_wheel_smoke.py:52: 
_ _ _ _ _ _ _ _ _ _ _ _ _ _ _ _ _ _ _ _ _ _ _ _ _ _ _ _ _ _ _ _ _ _ _ _ _ _ _ _ 

args = ['/Users/peteromalley/.pyenv/versions/3.11.11/bin/python', '-m', 'pip', 'wheel', '--no-deps', '/Users/peteromalley/Documents/.megaplan-worktrees/runtime-convergence-execution', ...]
kwargs = {'cwd': PosixPath('/Users/peteromalley/Documents/.megaplan-worktrees/runtime-convergence-execution')}
result = CompletedProcess(args=['/Users/peteromalley/.pyenv/versions/3.11.11/bin/python', '-m', 'pip', 'wheel', '--no-deps', '/...rgence-execution\n\nnote: This is an issue with the package mentioned above, not pip.\nhint: See above for details.\n')

    def _run_checked(args: list[str], **kwargs: Any) -> subprocess.CompletedProcess[str]:
        result = subprocess.run(args, capture_output=True, text=True, **kwargs)
        if result.returncode != 0:
>           raise AssertionError(
                f"command failed ({result.returncode}): {' '.join(args)}\n"
                f"stdout:\n{result.stdout}\n"
                f"stderr:\n{result.stderr}"
            )
E           AssertionError: command failed (1): /Users/peteromalley/.pyenv/versions/3.11.11/bin/python -m pip wheel --no-deps /Users/peteromalley/Documents/.megaplan-worktrees/runtime-convergence-execution -w /private/var/folders/_w/b3tthv192m77c760dbyzvk200000gn/T/pytest-of-peteromalley/pytest-6/test_cli_projection_imports_in0/build
E           stdout:
E           Processing ./.
E             Installing build dependencies: started
E             Installing build dependencies: finished with status 'done'
E             Getting requirements to build wheel: started
E             Getting requirements to build wheel: finished with status 'done'
E             Preparing metadata (pyproject.toml): started
E             Preparing metadata (pyproject.toml): finished with status 'error'
E           
E           stderr:
E             error: subprocess-exited-with-error
E             
E             × Preparing metadata (pyproject.toml) did not run successfully.
E             │ exit code: 1
E             ╰─> [22 lines of output]
E                 Traceback (most recent call last):
E                   File "/Users/peteromalley/.pyenv/versions/3.11.11/lib/python3.11/site-packages/pip/_vendor/pyproject_hooks/_in_process/_in_process.py", line 389, in <module>
E                     main()
E                   File "/Users/peteromalley/.pyenv/versions/3.11.11/lib/python3.11/site-packages/pip/_vendor/pyproject_hooks/_in_process/_in_process.py", line 373, in main
E                     json_out["return_val"] = hook(**hook_input["kwargs"])
E                                              ^^^^^^^^^^^^^^^^^^^^^^^^^^^^
E                   File "/Users/peteromalley/.pyenv/versions/3.11.11/lib/python3.11/site-packages/pip/_vendor/pyproject_hooks/_in_process/_in_process.py", line 178, in prepare_metadata_for_build_wheel
E                     whl_basename = backend.build_wheel(metadata_directory, config_settings)
E                                    ^^^^^^^^^^^^^^^^^^^^^^^^^^^^^^^^^^^^^^^^^^^^^^^^^^^^^^^^
E                   File "/private/var/folders/_w/b3tthv192m77c760dbyzvk200000gn/T/pip-build-env-kb8q0ctu/overlay/lib/python3.11/site-packages/hatchling/build.py", line 58, in build_wheel
E                     return os.path.basename(next(builder.build(directory=wheel_directory, versions=["standard"])))
E                                             ^^^^^^^^^^^^^^^^^^^^^^^^^^^^^^^^^^^^^^^^^^^^^^^^^^^^^^^^^^^^^^^^^^^^^
E                   File "/private/var/folders/_w/b3tthv192m77c760dbyzvk200000gn/T/pip-build-env-kb8q0ctu/overlay/lib/python3.11/site-packages/hatchling/builders/plugin/interface.py", line 157, in build
E                     artifact = version_api[version](directory, **build_data)
E                                ^^^^^^^^^^^^^^^^^^^^^^^^^^^^^^^^^^^^^^^^^^^^^
E                   File "/private/var/folders/_w/b3tthv192m77c760dbyzvk200000gn/T/pip-build-env-kb8q0ctu/overlay/lib/python3.11/site-packages/hatchling/builders/wheel.py", line 529, in build_standard
E                     record = archive.add_file(included_file)
E                              ^^^^^^^^^^^^^^^^^^^^^^^^^^^^^^^
E                   File "/private/var/folders/_w/b3tthv192m77c760dbyzvk200000gn/T/pip-build-env-kb8q0ctu/overlay/lib/python3.11/site-packages/hatchling/builders/wheel.py", line 117, in add_file
E                     file_stat = os.stat(included_file.path)
E                                 ^^^^^^^^^^^^^^^^^^^^^^^^^^^
E                 FileNotFoundError: [Errno 2] No such file or directory: '/Users/peteromalley/Documents/.megaplan-worktrees/runtime-convergence-execution/arnold_pipelines/megaplan/skills/babysit/SKILL.md'
E                 [end of output]
E             
E             note: This error originates from a subprocess, and is likely not a problem with pip.
E           error: metadata-generation-failed
E           
E           × Encountered error while generating package metadata.
E           ╰─> from file:///Users/peteromalley/Documents/.megaplan-worktrees/runtime-convergence-execution
E           
E           note: This is an issue with the package mentioned above, not pip.
E           hint: See above for details.

tests/arnold_pipelines/megaplan/test_wheel_smoke.py:26: AssertionError
________ ERROR at setup of test_built_wheel_imports_workflow_and_kernel ________

fixturedef = <FixtureDef argname='installed_wheel' scope='module' baseid='tests/installed_wheel'>
request = <SubRequest 'installed_wheel' for <Function test_built_wheel_imports_workflow_and_kernel>>

    @pytest.hookimpl(wrapper=True)
    def pytest_fixture_setup(fixturedef: FixtureDef, request) -> object | None:
        asyncio_mode = _get_asyncio_mode(request.config)
        if not _is_asyncio_fixture_function(fixturedef.func):
            if asyncio_mode == Mode.STRICT:
                # Ignore async fixtures without explicit asyncio mark in strict mode
                # This applies to pytest_trio fixtures, for example
>               return (yield)
                        ^^^^^

../../../.pyenv/versions/3.11.11/lib/python3.11/site-packages/pytest_asyncio/plugin.py:728: 
_ _ _ _ _ _ _ _ _ _ _ _ _ _ _ _ _ _ _ _ _ _ _ _ _ _ _ _ _ _ _ _ _ _ _ _ _ _ _ _ 
tests/installed_wheel/conftest.py:28: in installed_wheel
    subprocess.run(
_ _ _ _ _ _ _ _ _ _ _ _ _ _ _ _ _ _ _ _ _ _ _ _ _ _ _ _ _ _ _ _ _ _ _ _ _ _ _ _ 

input = None, capture_output = True, timeout = None, check = True
popenargs = (['/Users/peteromalley/.pyenv/versions/3.11.11/bin/python', '-m', 'pip', 'wheel', '--no-deps', '-w', ...],)
kwargs = {'cwd': PosixPath('/Users/peteromalley/Documents/.megaplan-worktrees/runtime-convergence-execution'), 'stderr': -1, 'stdout': -1, 'text': True}
process = <Popen: returncode: 1 args: ['/Users/peteromalley/.pyenv/versions/3.11.11/bi...>
stdout = "Processing ./.\n  Installing build dependencies: started\n  Installing build dependencies: finished with status 'done...n  Preparing metadata (pyproject.toml): started\n  Preparing metadata (pyproject.toml): finished with status 'error'\n"
stderr = '  error: subprocess-exited-with-error\n  \n  × Preparing metadata (pyproject.toml) did not run successfully.\n  │ exi...ergence-execution\n\nnote: This is an issue with the package mentioned above, not pip.\nhint: See above for details.\n'
retcode = 1

    def run(*popenargs,
            input=None, capture_output=False, timeout=None, check=False, **kwargs):
        """Run command with arguments and return a CompletedProcess instance.
    
        The returned instance will have attributes args, returncode, stdout and
        stderr. By default, stdout and stderr are not captured, and those attributes
        will be None. Pass stdout=PIPE and/or stderr=PIPE in order to capture them,
        or pass capture_output=True to capture both.
    
        If check is True and the exit code was non-zero, it raises a
        CalledProcessError. The CalledProcessError object will have the return code
        in the returncode attribute, and output & stderr attributes if those streams
        were captured.
    
        If timeout is given, and the process takes too long, a TimeoutExpired
        exception will be raised.
    
        There is an optional argument "input", allowing you to
        pass bytes or a string to the subprocess's stdin.  If you use this argument
        you may not also use the Popen constructor's "stdin" argument, as
        it will be used internally.
    
        By default, all communication is in bytes, and therefore any "input" should
        be bytes, and the stdout and stderr will be bytes. If in text mode, any
        "input" should be a string, and stdout and stderr will be strings decoded
        according to locale encoding, or by "encoding" if set. Text mode is
        triggered by setting any of text, encoding, errors or universal_newlines.
    
        The other arguments are the same as for the Popen constructor.
        """
        if input is not None:
            if kwargs.get('stdin') is not None:
                raise ValueError('stdin and input arguments may not both be used.')
            kwargs['stdin'] = PIPE
    
        if capture_output:
            if kwargs.get('stdout') is not None or kwargs.get('stderr') is not None:
                raise ValueError('stdout and stderr arguments may not be used '
                                 'with capture_output.')
            kwargs['stdout'] = PIPE
            kwargs['stderr'] = PIPE
    
        with Popen(*popenargs, **kwargs) as process:
            try:
                stdout, stderr = process.communicate(input, timeout=timeout)
            except TimeoutExpired as exc:
                process.kill()
                if _mswindows:
                    # Windows accumulates the output in a single blocking
                    # read() call run on child threads, with the timeout
                    # being done in a join() on those threads.  communicate()
                    # _after_ kill() is required to collect that and add it
                    # to the exception.
                    exc.stdout, exc.stderr = process.communicate()
                else:
                    # POSIX _communicate already populated the output so
                    # far into the TimeoutExpired exception.
                    process.wait()
                raise
            except:  # Including KeyboardInterrupt, communicate handled that.
                process.kill()
                # We don't call process.wait() as .__exit__ does that for us.
                raise
            retcode = process.poll()
            if check and retcode:
>               raise CalledProcessError(retcode, process.args,
                                         output=stdout, stderr=stderr)
E               subprocess.CalledProcessError: Command '['/Users/peteromalley/.pyenv/versions/3.11.11/bin/python', '-m', 'pip', 'wheel', '--no-deps', '-w', '/private/var/folders/_w/b3tthv192m77c760dbyzvk200000gn/T/pytest-of-peteromalley/pytest-6/installed-wheel0/wheelhouse', '/Users/peteromalley/Documents/.megaplan-worktrees/runtime-convergence-execution']' returned non-zero exit status 1.

../../../.pyenv/versions/3.11.11/lib/python3.11/subprocess.py:571: CalledProcessError
______ ERROR at setup of test_installed_arnold_workflow_entrypoint_starts ______

tmp_path_factory = TempPathFactory(_given_basetemp=None, _trace=<pluggy._tracing.TagTracerSub object at 0x1188a42d0>, _basetemp=PosixPath...ers/_w/b3tthv192m77c760dbyzvk200000gn/T/pytest-of-peteromalley/pytest-6'), _retention_count=3, _retention_policy='all')

    @pytest.fixture(scope="module")
    def installed_wheel(tmp_path_factory: pytest.TempPathFactory) -> InstalledWheel:
        tmp = tmp_path_factory.mktemp("installed-wheel")
        wheel_dir = tmp / "wheelhouse"
        wheel_dir.mkdir()
    
>       subprocess.run(
            [
                sys.executable,
                "-m",
                "pip",
                "wheel",
                "--no-deps",
                "-w",
                str(wheel_dir),
                str(REPO_ROOT),
            ],
            cwd=REPO_ROOT,
            check=True,
            capture_output=True,
            text=True,
        )

tests/installed_wheel/conftest.py:28: 
_ _ _ _ _ _ _ _ _ _ _ _ _ _ _ _ _ _ _ _ _ _ _ _ _ _ _ _ _ _ _ _ _ _ _ _ _ _ _ _ 

input = None, capture_output = True, timeout = None, check = True
popenargs = (['/Users/peteromalley/.pyenv/versions/3.11.11/bin/python', '-m', 'pip', 'wheel', '--no-deps', '-w', ...],)
kwargs = {'cwd': PosixPath('/Users/peteromalley/Documents/.megaplan-worktrees/runtime-convergence-execution'), 'stderr': -1, 'stdout': -1, 'text': True}
process = <Popen: returncode: 1 args: ['/Users/peteromalley/.pyenv/versions/3.11.11/bi...>
stdout = "Processing ./.\n  Installing build dependencies: started\n  Installing build dependencies: finished with status 'done...n  Preparing metadata (pyproject.toml): started\n  Preparing metadata (pyproject.toml): finished with status 'error'\n"
stderr = '  error: subprocess-exited-with-error\n  \n  × Preparing metadata (pyproject.toml) did not run successfully.\n  │ exi...ergence-execution\n\nnote: This is an issue with the package mentioned above, not pip.\nhint: See above for details.\n'
retcode = 1

    def run(*popenargs,
            input=None, capture_output=False, timeout=None, check=False, **kwargs):
        """Run command with arguments and return a CompletedProcess instance.
    
        The returned instance will have attributes args, returncode, stdout and
        stderr. By default, stdout and stderr are not captured, and those attributes
        will be None. Pass stdout=PIPE and/or stderr=PIPE in order to capture them,
        or pass capture_output=True to capture both.
    
        If check is True and the exit code was non-zero, it raises a
        CalledProcessError. The CalledProcessError object will have the return code
        in the returncode attribute, and output & stderr attributes if those streams
        were captured.
    
        If timeout is given, and the process takes too long, a TimeoutExpired
        exception will be raised.
    
        There is an optional argument "input", allowing you to
        pass bytes or a string to the subprocess's stdin.  If you use this argument
        you may not also use the Popen constructor's "stdin" argument, as
        it will be used internally.
    
        By default, all communication is in bytes, and therefore any "input" should
        be bytes, and the stdout and stderr will be bytes. If in text mode, any
        "input" should be a string, and stdout and stderr will be strings decoded
        according to locale encoding, or by "encoding" if set. Text mode is
        triggered by setting any of text, encoding, errors or universal_newlines.
    
        The other arguments are the same as for the Popen constructor.
        """
        if input is not None:
            if kwargs.get('stdin') is not None:
                raise ValueError('stdin and input arguments may not both be used.')
            kwargs['stdin'] = PIPE
    
        if capture_output:
            if kwargs.get('stdout') is not None or kwargs.get('stderr') is not None:
                raise ValueError('stdout and stderr arguments may not be used '
                                 'with capture_output.')
            kwargs['stdout'] = PIPE
            kwargs['stderr'] = PIPE
    
        with Popen(*popenargs, **kwargs) as process:
            try:
                stdout, stderr = process.communicate(input, timeout=timeout)
            except TimeoutExpired as exc:
                process.kill()
                if _mswindows:
                    # Windows accumulates the output in a single blocking
                    # read() call run on child threads, with the timeout
                    # being done in a join() on those threads.  communicate()
                    # _after_ kill() is required to collect that and add it
                    # to the exception.
                    exc.stdout, exc.stderr = process.communicate()
                else:
                    # POSIX _communicate already populated the output so
                    # far into the TimeoutExpired exception.
                    process.wait()
                raise
            except:  # Including KeyboardInterrupt, communicate handled that.
                process.kill()
                # We don't call process.wait() as .__exit__ does that for us.
                raise
            retcode = process.poll()
            if check and retcode:
>               raise CalledProcessError(retcode, process.args,
                                         output=stdout, stderr=stderr)
E               subprocess.CalledProcessError: Command '['/Users/peteromalley/.pyenv/versions/3.11.11/bin/python', '-m', 'pip', 'wheel', '--no-deps', '-w', '/private/var/folders/_w/b3tthv192m77c760dbyzvk200000gn/T/pytest-of-peteromalley/pytest-6/installed-wheel0/wheelhouse', '/Users/peteromalley/Documents/.megaplan-worktrees/runtime-convergence-execution']' returned non-zero exit status 1.

../../../.pyenv/versions/3.11.11/lib/python3.11/subprocess.py:571: CalledProcessError
_______ ERROR at setup of test_wheel_has_arnold_entrypoint_and_py_typed ________

fixturedef = <FixtureDef argname='installed_wheel' scope='module' baseid='tests/installed_wheel'>
request = <SubRequest 'installed_wheel' for <Function test_wheel_has_arnold_entrypoint_and_py_typed>>

    @pytest.hookimpl(wrapper=True)
    def pytest_fixture_setup(fixturedef: FixtureDef, request) -> object | None:
        asyncio_mode = _get_asyncio_mode(request.config)
        if not _is_asyncio_fixture_function(fixturedef.func):
            if asyncio_mode == Mode.STRICT:
                # Ignore async fixtures without explicit asyncio mark in strict mode
                # This applies to pytest_trio fixtures, for example
>               return (yield)
                        ^^^^^

../../../.pyenv/versions/3.11.11/lib/python3.11/site-packages/pytest_asyncio/plugin.py:728: 
_ _ _ _ _ _ _ _ _ _ _ _ _ _ _ _ _ _ _ _ _ _ _ _ _ _ _ _ _ _ _ _ _ _ _ _ _ _ _ _ 
tests/installed_wheel/conftest.py:28: in installed_wheel
    subprocess.run(
_ _ _ _ _ _ _ _ _ _ _ _ _ _ _ _ _ _ _ _ _ _ _ _ _ _ _ _ _ _ _ _ _ _ _ _ _ _ _ _ 

input = None, capture_output = True, timeout = None, check = True
popenargs = (['/Users/peteromalley/.pyenv/versions/3.11.11/bin/python', '-m', 'pip', 'wheel', '--no-deps', '-w', ...],)
kwargs = {'cwd': PosixPath('/Users/peteromalley/Documents/.megaplan-worktrees/runtime-convergence-execution'), 'stderr': -1, 'stdout': -1, 'text': True}
process = <Popen: returncode: 1 args: ['/Users/peteromalley/.pyenv/versions/3.11.11/bi...>
stdout = "Processing ./.\n  Installing build dependencies: started\n  Installing build dependencies: finished with status 'done...n  Preparing metadata (pyproject.toml): started\n  Preparing metadata (pyproject.toml): finished with status 'error'\n"
stderr = '  error: subprocess-exited-with-error\n  \n  × Preparing metadata (pyproject.toml) did not run successfully.\n  │ exi...ergence-execution\n\nnote: This is an issue with the package mentioned above, not pip.\nhint: See above for details.\n'
retcode = 1

    def run(*popenargs,
            input=None, capture_output=False, timeout=None, check=False, **kwargs):
        """Run command with arguments and return a CompletedProcess instance.
    
        The returned instance will have attributes args, returncode, stdout and
        stderr. By default, stdout and stderr are not captured, and those attributes
        will be None. Pass stdout=PIPE and/or stderr=PIPE in order to capture them,
        or pass capture_output=True to capture both.
    
        If check is True and the exit code was non-zero, it raises a
        CalledProcessError. The CalledProcessError object will have the return code
        in the returncode attribute, and output & stderr attributes if those streams
        were captured.
    
        If timeout is given, and the process takes too long, a TimeoutExpired
        exception will be raised.
    
        There is an optional argument "input", allowing you to
        pass bytes or a string to the subprocess's stdin.  If you use this argument
        you may not also use the Popen constructor's "stdin" argument, as
        it will be used internally.
    
        By default, all communication is in bytes, and therefore any "input" should
        be bytes, and the stdout and stderr will be bytes. If in text mode, any
        "input" should be a string, and stdout and stderr will be strings decoded
        according to locale encoding, or by "encoding" if set. Text mode is
        triggered by setting any of text, encoding, errors or universal_newlines.
    
        The other arguments are the same as for the Popen constructor.
        """
        if input is not None:
            if kwargs.get('stdin') is not None:
                raise ValueError('stdin and input arguments may not both be used.')
            kwargs['stdin'] = PIPE
    
        if capture_output:
            if kwargs.get('stdout') is not None or kwargs.get('stderr') is not None:
                raise ValueError('stdout and stderr arguments may not be used '
                                 'with capture_output.')
            kwargs['stdout'] = PIPE
            kwargs['stderr'] = PIPE
    
        with Popen(*popenargs, **kwargs) as process:
            try:
                stdout, stderr = process.communicate(input, timeout=timeout)
            except TimeoutExpired as exc:
                process.kill()
                if _mswindows:
                    # Windows accumulates the output in a single blocking
                    # read() call run on child threads, with the timeout
                    # being done in a join() on those threads.  communicate()
                    # _after_ kill() is required to collect that and add it
                    # to the exception.
                    exc.stdout, exc.stderr = process.communicate()
                else:
                    # POSIX _communicate already populated the output so
                    # far into the TimeoutExpired exception.
                    process.wait()
                raise
            except:  # Including KeyboardInterrupt, communicate handled that.
                process.kill()
                # We don't call process.wait() as .__exit__ does that for us.
                raise
            retcode = process.poll()
            if check and retcode:
>               raise CalledProcessError(retcode, process.args,
                                         output=stdout, stderr=stderr)
E               subprocess.CalledProcessError: Command '['/Users/peteromalley/.pyenv/versions/3.11.11/bin/python', '-m', 'pip', 'wheel', '--no-deps', '-w', '/private/var/folders/_w/b3tthv192m77c760dbyzvk200000gn/T/pytest-of-peteromalley/pytest-6/installed-wheel1/wheelhouse', '/Users/peteromalley/Documents/.megaplan-worktrees/runtime-convergence-execution']' returned non-zero exit status 1.

../../../.pyenv/versions/3.11.11/lib/python3.11/subprocess.py:571: CalledProcessError
=================================== FAILURES ===================================
_____________ test_suite_runs_routing_checks_for_supplied_pipeline _____________

    def test_suite_runs_routing_checks_for_supplied_pipeline() -> None:
        suite = run_conformance_suite(pipelines=[_routing_pipeline()])
    
        check_ids = {check.check_id for check in suite.checks}
    
>       assert suite.passed is True
E       AssertionError: assert False is True
E        +  where False = ConformanceSuiteResult(suite_id='ar1-conformance', checks=(ConformanceCheckResult(check_id='adapter-protocol', passed=...arget': None, 'notes': 'Local faster-whisper transcription requires no API key. No credential surface to broker.'}]}))).passed

tests/arnold/conformance/test_behavioral_suite.py:41: AssertionError
________________ test_suite_runs_join_checks_for_supplied_hooks ________________

    def test_suite_runs_join_checks_for_supplied_hooks() -> None:
        suite = run_conformance_suite(hooks=[NullExecutorHooks()])
    
        check_ids = {check.check_id for check in suite.checks}
    
>       assert suite.passed is True
E       AssertionError: assert False is True
E        +  where False = ConformanceSuiteResult(suite_id='ar1-conformance', checks=(ConformanceCheckResult(check_id='adapter-protocol', passed=...arget': None, 'notes': 'Local faster-whisper transcription requires no API key. No credential surface to broker.'}]}))).passed

tests/arnold/conformance/test_behavioral_suite.py:75: AssertionError
_________________ test_graph_era_symbols_absent_from_root_all __________________

    def test_graph_era_symbols_absent_from_root_all() -> None:
        """Graph-era construction/execution names must not appear in pipeline.__all__."""
        graph_era = [
            "Edge", "Stage", "ParallelStage",
            "PipelineBuilder", "PipelineRegistry",
            "StepInvocation",
            "ExecutorHooks", "NullExecutorHooks",
            "run_pipeline", "run_pipeline_resume",
        ]
        present = [g for g in graph_era if g in pipeline.__all__]
>       assert not present, f"graph-era symbols in root __all__: {present}"
E       AssertionError: graph-era symbols in root __all__: ['StepInvocation']
E       assert not ['StepInvocation']

tests/arnold/pipeline/test_public_contract_imports.py:76: AssertionError
_________ test_canary_rehearsal_full_sequence_with_rollback_injection __________

tmp_path = PosixPath('/private/var/folders/_w/b3tthv192m77c760dbyzvk200000gn/T/pytest-of-peteromalley/pytest-6/test_canary_rehearsal_full_seq0')
monkeypatch = <_pytest.monkeypatch.MonkeyPatch object at 0x12ada4890>
capsys = <_pytest.capture.CaptureFixture object at 0x12ada7710>
offline_rollback_runtime = {'identity': PosixPath('/private/var/folders/_w/b3tthv192m77c760dbyzvk200000gn/T/pytest-of-peteromalley/pytest-6/offli...tthv192m77c760dbyzvk200000gn/T/pytest-of-peteromalley/pytest-6/offline-runtime-rollback0/runtime-a-receipt.json'), ...}

    def test_canary_rehearsal_full_sequence_with_rollback_injection(
        tmp_path: Path,
        monkeypatch: pytest.MonkeyPatch,
        capsys: pytest.CaptureFixture[str],
        offline_rollback_runtime: dict[str, Path | str],
    ) -> None:
        """The whole T-0101 sequence on copied state, rollback injected everywhere."""
        # ── copied state: progressed, blocked, UNBOUND chain ──────────────────
        spec_path = _pin_legacy_chain(tmp_path)
        _git(tmp_path, "checkout", "-b", BRANCH)
        chain_state = ChainState()
        chain_state.current_milestone_index = 0
        chain_state.current_plan_name = PLAN
        chain_state.last_state = "blocked"
        chain_state.chain_session = SESSION
        chain_state.completed = []
        save_chain_state(spec_path, chain_state)  # metadata stays unbound/unpaused
    
        identity = _repair_identity()
        plan_payload = _plan_payload(identity)
        plan_path = _write_plan_state(tmp_path, plan_payload)
    
        real_old_identity = json.loads(
            Path(offline_rollback_runtime["identity"]).read_text(encoding="utf-8")
        )
        real_old_identity_path = Path(offline_rollback_runtime["identity"])
        real_old_receipt_path = Path(offline_rollback_runtime["receipt"])
        # The whole sequence replays on the LIVE-SHAPED old runtime: the marker
        # relaunch gate resolves a /workspace/runtime-candidates-style root, so
        # the canonical "old runtime" is the REAL identity re-rooted at
        # LEGACY_CANDIDATE.  The REAL offline runtime still re-verifies first
        # inside the patched verifier seam (steps b and c).
        old_identity = _masked_legacy_identity(real_old_identity, LEGACY_CANDIDATE)
        old_root = Path(old_identity["import_root"]).resolve()
        old_revision = str(old_identity["source_revision"])
        # The masked identity migrate binds in step (b): written out so the REAL
        # CLI's --old-runtime-identity flag names the exact identity it binds.
        masked_identity_path = (
            tmp_path / "migration-evidence" / "runtime-identity-masked.json"
        )
        masked_identity_path.parent.mkdir(parents=True, exist_ok=True)
        masked_identity_path.write_text(
            json.dumps(old_identity, indent=2, sort_keys=True) + "\n",
            encoding="utf-8",
        )
        marker_path = _write_cloud_marker(tmp_path, spec_path, old_root=old_root)
        marker_sha_seeded = _sha256_file(marker_path)
        manifest_path = _write_runtime_manifest(
            tmp_path / "runtime-manifest.json",
            epic_id="demo",
            runtime_root=old_root,
            expected_head=old_revision,
        )
        monkeypatch.setenv("ARNOLD_RUNTIME_MANIFEST", str(manifest_path))
        queue = _enqueue_repair(tmp_path, identity)
        assert queue["status"] == "queued", queue
    
        # Quiesce precondition: watchdog/incident-ledger writers stopped before
        # the sequence (helper exists, is callable, and the copied tree carries
        # no incident-ledger journal; the live quiesce is operator-side).
        assert callable(assert_quiesce_precondition)
        assert_quiesce_precondition(tmp_path)
    
        # Independent receipt for the NEW (control) runtime, used by the manifest
        # CAS cutover (g).
        control = _emit_control_runtime_receipt(offline_rollback_runtime)
        control_revision = str(control["revision"])
        assert control_revision == _git(REPO_ROOT, "rev-parse", "HEAD")
    
        rollback_receipt_path = tmp_path / "manifest-cutover-rollback.json"
        plan_dir = tmp_path / ".megaplan" / "plans" / PLAN
        # occurrence-join receipts are constrained to the plan evidence root.
        receipt_path = plan_dir / "evidence" / "occurrence-join-receipt.json"
    
        # ── (a) pause via the REAL chain CLI under the old optional spec ──────
        def _pause_argv(reason: str) -> list[str]:
            return [
                "chain",
                "pause",
                "--spec", str(spec_path),
                "--project-dir", str(tmp_path),
                "--reason", reason,
                "--actor", "operator",
            ]
    
        def run_a():
            return _expect_ok(*_chain_cli(tmp_path, _pause_argv(
                "T-0101 rehearsal: pause before legacy migration"
            ), capsys))
    
        def verify_a(result):
            assert result["paused"] is True
            state = load_chain_state(spec_path, verify_execution_binding=False)
            authority = pause_record(state)
            assert authority is not None and authority.get("plan") == PLAN
            assert authority.get("previous_chain_last_state") == "blocked"
            assert authority.get("previous_plan_state") == "blocked"
            assert state.last_state == "paused"
            # The written chain state still CAS-verifies against the spec file.
            assert state.metadata["chain_spec_sha256"] == _sha256_file(spec_path)
            plan = json.loads(plan_path.read_text(encoding="utf-8"))
            assert plan["current_state"] == "paused"
            assert plan["meta"][AUTHORITY_KEY]["schema_version"] == AUTHORITY_SCHEMA
            assert plan["latest_failure"] == plan_payload["latest_failure"]
            assert plan["resume_cursor"] == plan_payload["resume_cursor"]
    
        def refuse_a():
            def attempt():
                plan_bytes = plan_path.read_bytes()
                payload = json.loads(plan_bytes)
                payload["current_state"] = "done"
                plan_path.write_text(json.dumps(payload), encoding="utf-8")
                try:
                    rc, payload = _chain_cli(tmp_path, _pause_argv("probe"), capsys)
                    assert rc == 1
                    assert payload is not None and payload.get("success") is False
                finally:
                    plan_path.write_bytes(plan_bytes)
    
            _refuse_zero_mutation(tmp_path, attempt)
    
>       _rehearse(tmp_path, run_a, verify_a, refuse_a, refuse_before=True)

tests/arnold_pipelines/megaplan/chain/test_canary_rehearsal.py:1307: 
_ _ _ _ _ _ _ _ _ _ _ _ _ _ _ _ _ _ _ _ _ _ _ _ _ _ _ _ _ _ _ _ _ _ _ _ _ _ _ _ 
tests/arnold_pipelines/megaplan/chain/test_canary_rehearsal.py:960: in _rehearse
    result = run()
             ^^^^^
tests/arnold_pipelines/megaplan/chain/test_canary_rehearsal.py:1272: in run_a
    return _expect_ok(*_chain_cli(tmp_path, _pause_argv(
_ _ _ _ _ _ _ _ _ _ _ _ _ _ _ _ _ _ _ _ _ _ _ _ _ _ _ _ _ _ _ _ _ _ _ _ _ _ _ _ 

rc = 1
payload = {'error': 'capability_absent', 'message': 'pause_chain requires a minted MutationCapability bound to action, occurrence, target, and fence epoch', 'success': False}

    def _expect_ok(rc: int, payload: dict | None) -> dict:
        """Assert a CLI dispatch succeeded and return its stdout JSON payload."""
>       assert rc == 0, f"CLI command failed: rc={rc} payload={payload!r}"
E       AssertionError: CLI command failed: rc=1 payload={'success': False, 'error': 'capability_absent', 'message': 'pause_chain requires a minted MutationCapability bound to action, occurrence, target, and fence epoch'}
E       assert 1 == 0

tests/arnold_pipelines/megaplan/chain/test_canary_rehearsal.py:996: AssertionError
_____________ test_canary_rehearsal_identityless_adoption_sequence _____________

tmp_path = PosixPath('/private/var/folders/_w/b3tthv192m77c760dbyzvk200000gn/T/pytest-of-peteromalley/pytest-6/test_canary_rehearsal_identity0')
monkeypatch = <_pytest.monkeypatch.MonkeyPatch object at 0x12abbe050>
capsys = <_pytest.capture.CaptureFixture object at 0x12a8b1450>
offline_rollback_runtime = {'identity': PosixPath('/private/var/folders/_w/b3tthv192m77c760dbyzvk200000gn/T/pytest-of-peteromalley/pytest-6/offli...tthv192m77c760dbyzvk200000gn/T/pytest-of-peteromalley/pytest-6/offline-runtime-rollback0/runtime-a-receipt.json'), ...}

    def test_canary_rehearsal_identityless_adoption_sequence(
        tmp_path: Path,
        monkeypatch: pytest.MonkeyPatch,
        capsys: pytest.CaptureFixture[str],
        offline_rollback_runtime: dict[str, Path | str],
    ) -> None:
        """Copied-state case that begins with repair_identity = null.
    
        Runs the full T-0101 sequence on identity-less state:
    
            pause → prior T-0101 cutovers → occurrence-adopt → enqueue/accept
            → occurrence-join → resume
    
        and exercises every T-0101e' property: three identical runs produce the
        same key/request/decision; one-bit changes to EVERY CAS digest refuse
        with zero mutation; different plan/timestamp/cursor/roots produce a
        different key; non-operator / missing pause / non-null existing identity
        / ambiguous failure / unequal roots refuse; crash injection after the
        adoption-authority / request writes converges on retry; two concurrent
        adopters yield one record/request/accepted decision; superseding the
        accepted decision blocks join; the join produces one real current
        lease/epoch with request→decision→claim→attempt equality; resume
        preserves the gate cursor byte-for-byte with fresh typed progress.
        """
        # ── copied state: progressed, blocked, UNBOUND chain, NO repair identity ─
        spec_path = _pin_legacy_chain(tmp_path)
        _git(tmp_path, "checkout", "-b", BRANCH)
        chain_state = ChainState()
        chain_state.current_milestone_index = 0
        chain_state.current_plan_name = PLAN
        chain_state.last_state = "blocked"
        chain_state.chain_session = SESSION
        chain_state.completed = []
        save_chain_state(spec_path, chain_state)  # metadata stays unbound/unpaused
    
        # The plan state is IDENTITY-LESS: no meta.repair_identity and no
        # latest_failure.metadata.repair_identity (the synthetic v1 seeding is
        # removed).  No repair request is enqueued at setup — the adoption
        # command creates request + accepted decision itself.
        plan_payload = _plan_payload(failure_recorded_at="2026-08-11T07:35:34Z")
        plan_path = _write_plan_state(tmp_path, plan_payload)
    
        real_old_identity = json.loads(
            Path(offline_rollback_runtime["identity"]).read_text(encoding="utf-8")
        )
        real_old_identity_path = Path(offline_rollback_runtime["identity"])
        real_old_receipt_path = Path(offline_rollback_runtime["receipt"])
        old_identity = _masked_legacy_identity(real_old_identity, LEGACY_CANDIDATE)
        old_root = Path(old_identity["import_root"]).resolve()
        old_revision = str(old_identity["source_revision"])
        masked_identity_path = (
            tmp_path / "migration-evidence" / "runtime-identity-masked.json"
        )
        masked_identity_path.parent.mkdir(parents=True, exist_ok=True)
        masked_identity_path.write_text(
            json.dumps(old_identity, indent=2, sort_keys=True) + "\n",
            encoding="utf-8",
        )
        marker_path = _write_cloud_marker(tmp_path, spec_path, old_root=old_root)
        manifest_path = _write_runtime_manifest(
            tmp_path / "runtime-manifest.json",
            epic_id="demo",
            runtime_root=old_root,
            expected_head=old_revision,
        )
        monkeypatch.setenv("ARNOLD_RUNTIME_MANIFEST", str(manifest_path))
        assert_quiesce_precondition(tmp_path)
        control = _emit_control_runtime_receipt(offline_rollback_runtime)
        control_revision = str(control["revision"])
        assert control_revision == _git(REPO_ROOT, "rev-parse", "HEAD")
        plan_dir = tmp_path / ".megaplan" / "plans" / PLAN
        join_receipt_path = plan_dir / "evidence" / "occurrence-join-receipt.json"
        rollback_receipt_path = tmp_path / "manifest-cutover-rollback.json"
    
        # ── (a) pause via the REAL chain CLI ──────────────────────────────────
        def _pause_argv() -> list[str]:
            return [
                "chain",
                "pause",
                "--spec", str(spec_path),
                "--project-dir", str(tmp_path),
                "--reason", "T-0101e' rehearsal: pause the identity-less chain",
                "--actor", "operator",
            ]
    
        rc, payload = _chain_cli(tmp_path, _pause_argv(), capsys)
>       assert rc == 0 and payload is not None and payload["paused"] is True, payload
E       AssertionError: {'error': 'capability_absent', 'message': 'pause_chain requires a minted MutationCapability bound to action, occurrence, target, and fence epoch', 'success': False}
E       assert (1 == 0)

tests/arnold_pipelines/megaplan/chain/test_canary_rehearsal.py:2778: AssertionError
_______________ test_prepare_is_provider_free_and_deterministic ________________

    def test_prepare_is_provider_free_and_deterministic() -> None:
>       parent = _parent_evidence()
                 ^^^^^^^^^^^^^^^^^^

tests/arnold_pipelines/megaplan/migration/test_occurrence_child_migration.py:292: 
_ _ _ _ _ _ _ _ _ _ _ _ _ _ _ _ _ _ _ _ _ _ _ _ _ _ _ _ _ _ _ _ _ _ _ _ _ _ _ _ 

    def _parent_evidence() -> ParentEvidence:
        fence = CoordinatorFence("run-parent", "rev-parent", "coordinator-parent", 7)
        evidence = EvidenceEnvelope("parent-evidence", "run-parent", "rev-parent", "parent", "test", {"ok": True})
        grant = CapabilityGrant("parent-grant", "run-parent", "rev-parent", "coordinator-parent", 7, ("subject-parent",), ("execute",), (evidence.evidence_id,))
        attempt = SubjectAttempt("attempt-parent", "run-parent", "rev-parent", "subject-parent", "parent-grant", "coordinator-parent", 7, 1)
        claim = Claim("claim-parent", "run-parent", "rev-parent", "subject-parent", "attempt-parent", "parent-grant", "coordinator-parent", 7, "repair", (evidence.evidence_id,), "parent-claim", {"ok": True})
        decision = Decision("decision-parent", "run-parent", "rev-parent", "subject-parent", "attempt-parent", "parent-grant", "coordinator-parent", 7, "claim-parent", "accepted", (evidence.evidence_id,), "parent-decision", {"ok": True})
>       view = RunAuthorityView(
            schema_version=1,
            run_id="run-parent",
            run_revision="rev-parent",
            journal_cursor=10,
            evidence_set_digest="evidence-set",
            evidence=(evidence,),
            observations=(),
            fences=(fence,),
            grants=(grant,),
            attempts=(attempt,),
            claims=(claim,),
            decisions=(decision,),
            quarantines=(),
            diagnostics=(),
            view_hash="view-parent",
        )
E       TypeError: RunAuthorityView.__init__() missing 1 required positional argument: 'coherent_observations'

tests/arnold_pipelines/megaplan/migration/test_occurrence_child_migration.py:233: TypeError
______________ test_commit_replay_is_idempotent_and_has_one_child ______________

    def test_commit_replay_is_idempotent_and_has_one_child() -> None:
>       parent = _parent_evidence()
                 ^^^^^^^^^^^^^^^^^^

tests/arnold_pipelines/megaplan/migration/test_occurrence_child_migration.py:306: 
_ _ _ _ _ _ _ _ _ _ _ _ _ _ _ _ _ _ _ _ _ _ _ _ _ _ _ _ _ _ _ _ _ _ _ _ _ _ _ _ 

    def _parent_evidence() -> ParentEvidence:
        fence = CoordinatorFence("run-parent", "rev-parent", "coordinator-parent", 7)
        evidence = EvidenceEnvelope("parent-evidence", "run-parent", "rev-parent", "parent", "test", {"ok": True})
        grant = CapabilityGrant("parent-grant", "run-parent", "rev-parent", "coordinator-parent", 7, ("subject-parent",), ("execute",), (evidence.evidence_id,))
        attempt = SubjectAttempt("attempt-parent", "run-parent", "rev-parent", "subject-parent", "parent-grant", "coordinator-parent", 7, 1)
        claim = Claim("claim-parent", "run-parent", "rev-parent", "subject-parent", "attempt-parent", "parent-grant", "coordinator-parent", 7, "repair", (evidence.evidence_id,), "parent-claim", {"ok": True})
        decision = Decision("decision-parent", "run-parent", "rev-parent", "subject-parent", "attempt-parent", "parent-grant", "coordinator-parent", 7, "claim-parent", "accepted", (evidence.evidence_id,), "parent-decision", {"ok": True})
>       view = RunAuthorityView(
            schema_version=1,
            run_id="run-parent",
            run_revision="rev-parent",
            journal_cursor=10,
            evidence_set_digest="evidence-set",
            evidence=(evidence,),
            observations=(),
            fences=(fence,),
            grants=(grant,),
            attempts=(attempt,),
            claims=(claim,),
            decisions=(decision,),
            quarantines=(),
            diagnostics=(),
            view_hash="view-parent",
        )
E       TypeError: RunAuthorityView.__init__() missing 1 required positional argument: 'coherent_observations'

tests/arnold_pipelines/megaplan/migration/test_occurrence_child_migration.py:233: TypeError
_________________ test_tampered_prepared_selector_is_rejected __________________

    def test_tampered_prepared_selector_is_rejected() -> None:
>       parent = _parent_evidence()
                 ^^^^^^^^^^^^^^^^^^

tests/arnold_pipelines/megaplan/migration/test_occurrence_child_migration.py:329: 
_ _ _ _ _ _ _ _ _ _ _ _ _ _ _ _ _ _ _ _ _ _ _ _ _ _ _ _ _ _ _ _ _ _ _ _ _ _ _ _ 

    def _parent_evidence() -> ParentEvidence:
        fence = CoordinatorFence("run-parent", "rev-parent", "coordinator-parent", 7)
        evidence = EvidenceEnvelope("parent-evidence", "run-parent", "rev-parent", "parent", "test", {"ok": True})
        grant = CapabilityGrant("parent-grant", "run-parent", "rev-parent", "coordinator-parent", 7, ("subject-parent",), ("execute",), (evidence.evidence_id,))
        attempt = SubjectAttempt("attempt-parent", "run-parent", "rev-parent", "subject-parent", "parent-grant", "coordinator-parent", 7, 1)
        claim = Claim("claim-parent", "run-parent", "rev-parent", "subject-parent", "attempt-parent", "parent-grant", "coordinator-parent", 7, "repair", (evidence.evidence_id,), "parent-claim", {"ok": True})
        decision = Decision("decision-parent", "run-parent", "rev-parent", "subject-parent", "attempt-parent", "parent-grant", "coordinator-parent", 7, "claim-parent", "accepted", (evidence.evidence_id,), "parent-decision", {"ok": True})
>       view = RunAuthorityView(
            schema_version=1,
            run_id="run-parent",
            run_revision="rev-parent",
            journal_cursor=10,
            evidence_set_digest="evidence-set",
            evidence=(evidence,),
            observations=(),
            fences=(fence,),
            grants=(grant,),
            attempts=(attempt,),
            claims=(claim,),
            decisions=(decision,),
            quarantines=(),
            diagnostics=(),
            view_hash="view-parent",
        )
E       TypeError: RunAuthorityView.__init__() missing 1 required positional argument: 'coherent_observations'

tests/arnold_pipelines/megaplan/migration/test_occurrence_child_migration.py:233: TypeError
________ test_existing_child_with_divergent_owner_identity_is_conflict _________

    def test_existing_child_with_divergent_owner_identity_is_conflict() -> None:
>       parent = _parent_evidence()
                 ^^^^^^^^^^^^^^^^^^

tests/arnold_pipelines/megaplan/migration/test_occurrence_child_migration.py:340: 
_ _ _ _ _ _ _ _ _ _ _ _ _ _ _ _ _ _ _ _ _ _ _ _ _ _ _ _ _ _ _ _ _ _ _ _ _ _ _ _ 

    def _parent_evidence() -> ParentEvidence:
        fence = CoordinatorFence("run-parent", "rev-parent", "coordinator-parent", 7)
        evidence = EvidenceEnvelope("parent-evidence", "run-parent", "rev-parent", "parent", "test", {"ok": True})
        grant = CapabilityGrant("parent-grant", "run-parent", "rev-parent", "coordinator-parent", 7, ("subject-parent",), ("execute",), (evidence.evidence_id,))
        attempt = SubjectAttempt("attempt-parent", "run-parent", "rev-parent", "subject-parent", "parent-grant", "coordinator-parent", 7, 1)
        claim = Claim("claim-parent", "run-parent", "rev-parent", "subject-parent", "attempt-parent", "parent-grant", "coordinator-parent", 7, "repair", (evidence.evidence_id,), "parent-claim", {"ok": True})
        decision = Decision("decision-parent", "run-parent", "rev-parent", "subject-parent", "attempt-parent", "parent-grant", "coordinator-parent", 7, "claim-parent", "accepted", (evidence.evidence_id,), "parent-decision", {"ok": True})
>       view = RunAuthorityView(
            schema_version=1,
            run_id="run-parent",
            run_revision="rev-parent",
            journal_cursor=10,
            evidence_set_digest="evidence-set",
            evidence=(evidence,),
            observations=(),
            fences=(fence,),
            grants=(grant,),
            attempts=(attempt,),
            claims=(claim,),
            decisions=(decision,),
            quarantines=(),
            diagnostics=(),
            view_hash="view-parent",
        )
E       TypeError: RunAuthorityView.__init__() missing 1 required positional argument: 'coherent_observations'

tests/arnold_pipelines/megaplan/migration/test_occurrence_child_migration.py:233: TypeError
______ test_crash_after_parent_and_child_steps_recovers_without_provider _______

    def test_crash_after_parent_and_child_steps_recovers_without_provider() -> None:
>       parent = _parent_evidence()
                 ^^^^^^^^^^^^^^^^^^

tests/arnold_pipelines/megaplan/migration/test_occurrence_child_migration.py:356: 
_ _ _ _ _ _ _ _ _ _ _ _ _ _ _ _ _ _ _ _ _ _ _ _ _ _ _ _ _ _ _ _ _ _ _ _ _ _ _ _ 

    def _parent_evidence() -> ParentEvidence:
        fence = CoordinatorFence("run-parent", "rev-parent", "coordinator-parent", 7)
        evidence = EvidenceEnvelope("parent-evidence", "run-parent", "rev-parent", "parent", "test", {"ok": True})
        grant = CapabilityGrant("parent-grant", "run-parent", "rev-parent", "coordinator-parent", 7, ("subject-parent",), ("execute",), (evidence.evidence_id,))
        attempt = SubjectAttempt("attempt-parent", "run-parent", "rev-parent", "subject-parent", "parent-grant", "coordinator-parent", 7, 1)
        claim = Claim("claim-parent", "run-parent", "rev-parent", "subject-parent", "attempt-parent", "parent-grant", "coordinator-parent", 7, "repair", (evidence.evidence_id,), "parent-claim", {"ok": True})
        decision = Decision("decision-parent", "run-parent", "rev-parent", "subject-parent", "attempt-parent", "parent-grant", "coordinator-parent", 7, "claim-parent", "accepted", (evidence.evidence_id,), "parent-decision", {"ok": True})
>       view = RunAuthorityView(
            schema_version=1,
            run_id="run-parent",
            run_revision="rev-parent",
            journal_cursor=10,
            evidence_set_digest="evidence-set",
            evidence=(evidence,),
            observations=(),
            fences=(fence,),
            grants=(grant,),
            attempts=(attempt,),
            claims=(claim,),
            decisions=(decision,),
            quarantines=(),
            diagnostics=(),
            view_hash="view-parent",
        )
E       TypeError: RunAuthorityView.__init__() missing 1 required positional argument: 'coherent_observations'

tests/arnold_pipelines/megaplan/migration/test_occurrence_child_migration.py:233: TypeError
_________ test_stale_owner_cursor_fails_closed_before_parent_mutation __________

    def test_stale_owner_cursor_fails_closed_before_parent_mutation() -> None:
>       parent = _parent_evidence()
                 ^^^^^^^^^^^^^^^^^^

tests/arnold_pipelines/megaplan/migration/test_occurrence_child_migration.py:376: 
_ _ _ _ _ _ _ _ _ _ _ _ _ _ _ _ _ _ _ _ _ _ _ _ _ _ _ _ _ _ _ _ _ _ _ _ _ _ _ _ 

    def _parent_evidence() -> ParentEvidence:
        fence = CoordinatorFence("run-parent", "rev-parent", "coordinator-parent", 7)
        evidence = EvidenceEnvelope("parent-evidence", "run-parent", "rev-parent", "parent", "test", {"ok": True})
        grant = CapabilityGrant("parent-grant", "run-parent", "rev-parent", "coordinator-parent", 7, ("subject-parent",), ("execute",), (evidence.evidence_id,))
        attempt = SubjectAttempt("attempt-parent", "run-parent", "rev-parent", "subject-parent", "parent-grant", "coordinator-parent", 7, 1)
        claim = Claim("claim-parent", "run-parent", "rev-parent", "subject-parent", "attempt-parent", "parent-grant", "coordinator-parent", 7, "repair", (evidence.evidence_id,), "parent-claim", {"ok": True})
        decision = Decision("decision-parent", "run-parent", "rev-parent", "subject-parent", "attempt-parent", "parent-grant", "coordinator-parent", 7, "claim-parent", "accepted", (evidence.evidence_id,), "parent-decision", {"ok": True})
>       view = RunAuthorityView(
            schema_version=1,
            run_id="run-parent",
            run_revision="rev-parent",
            journal_cursor=10,
            evidence_set_digest="evidence-set",
            evidence=(evidence,),
            observations=(),
            fences=(fence,),
            grants=(grant,),
            attempts=(attempt,),
            claims=(claim,),
            decisions=(decision,),
            quarantines=(),
            diagnostics=(),
            view_hash="view-parent",
        )
E       TypeError: RunAuthorityView.__init__() missing 1 required positional argument: 'coherent_observations'

tests/arnold_pipelines/megaplan/migration/test_occurrence_child_migration.py:233: TypeError
_________ test_prepare_rejects_r5_projection_without_authority_records _________

    def test_prepare_rejects_r5_projection_without_authority_records() -> None:
>       empty_view = RunAuthorityView(
            schema_version=1,
            run_id="run",
            run_revision="rev",
            journal_cursor=0,
            evidence_set_digest="none",
            evidence=(),
            observations=(),
            fences=(),
            grants=(),
            attempts=(),
            claims=(),
            decisions=(),
            quarantines=(),
            diagnostics=(),
            view_hash="view",
        )
E       TypeError: RunAuthorityView.__init__() missing 1 required positional argument: 'coherent_observations'

tests/arnold_pipelines/megaplan/migration/test_owner_adapters.py:155: TypeError
_________________ test_git_tree_guard_refuses_dirty_repo_root __________________

    def test_git_tree_guard_refuses_dirty_repo_root() -> None:
        # The engine candidate is a git repo root with uncommitted fixer changes.
>       assert (
            _git_tree_has_uncommitted_changes(
                Path("/workspace/runtime-candidates/arnold-4a830c6ac9a0")
            )
            is True
        )
E       AssertionError: assert False is True
E        +  where False = _git_tree_has_uncommitted_changes(PosixPath('/workspace/runtime-candidates/arnold-4a830c6ac9a0'))
E        +    where PosixPath('/workspace/runtime-candidates/arnold-4a830c6ac9a0') = Path('/workspace/runtime-candidates/arnold-4a830c6ac9a0')

tests/arnold_pipelines/megaplan/test_baseline_capture_guard.py:105: AssertionError
_____ test_cloud_quickstart_generates_canonical_initiative_from_one_brief ______

tmp_path = PosixPath('/private/var/folders/_w/b3tthv192m77c760dbyzvk200000gn/T/pytest-of-peteromalley/pytest-6/test_cloud_quickstart_generate0')

    def test_cloud_quickstart_generates_canonical_initiative_from_one_brief(tmp_path: Path) -> None:
>       payload, project = _run_quickstart(tmp_path)
                           ^^^^^^^^^^^^^^^^^^^^^^^^^

tests/arnold_pipelines/megaplan/test_cloud_quickstart.py:62: 
_ _ _ _ _ _ _ _ _ _ _ _ _ _ _ _ _ _ _ _ _ _ _ _ _ _ _ _ _ _ _ _ _ _ _ _ _ _ _ _ 
tests/arnold_pipelines/megaplan/test_cloud_quickstart.py:35: in _run_quickstart
    proc = subprocess.run(
_ _ _ _ _ _ _ _ _ _ _ _ _ _ _ _ _ _ _ _ _ _ _ _ _ _ _ _ _ _ _ _ _ _ _ _ _ _ _ _ 

input = None, capture_output = True, timeout = None, check = True
popenargs = (['/Users/peteromalley/.pyenv/versions/3.11.11/bin/python', '-m', 'arnold_pipelines.megaplan', 'cloud', 'quickstart', '--slug', ...],)
kwargs = {'cwd': PosixPath('/private/var/folders/_w/b3tthv192m77c760dbyzvk200000gn/T/pytest-of-peteromalley/pytest-6/test_cloud...', 'AWS_PAGER': '', 'BAT_PAGER': 'cat', 'BROWSERBASE_ADVANCED_STEALTH': 'false', ...}, 'stderr': -1, 'stdout': -1, ...}
process = <Popen: returncode: 1 args: ['/Users/peteromalley/.pyenv/versions/3.11.11/bi...>
stdout = '{\n  "success": false,\n  "error": "ssh_effect_adapter_unavailable",\n  "message": "SSH provider construction refused: no ssh_effect_adapter installed; SSH mutations are action-off and must never run ungated"\n}\n'
stderr = '', retcode = 1

    def run(*popenargs,
            input=None, capture_output=False, timeout=None, check=False, **kwargs):
        """Run command with arguments and return a CompletedProcess instance.
    
        The returned instance will have attributes args, returncode, stdout and
        stderr. By default, stdout and stderr are not captured, and those attributes
        will be None. Pass stdout=PIPE and/or stderr=PIPE in order to capture them,
        or pass capture_output=True to capture both.
    
        If check is True and the exit code was non-zero, it raises a
        CalledProcessError. The CalledProcessError object will have the return code
        in the returncode attribute, and output & stderr attributes if those streams
        were captured.
    
        If timeout is given, and the process takes too long, a TimeoutExpired
        exception will be raised.
    
        There is an optional argument "input", allowing you to
        pass bytes or a string to the subprocess's stdin.  If you use this argument
        you may not also use the Popen constructor's "stdin" argument, as
        it will be used internally.
    
        By default, all communication is in bytes, and therefore any "input" should
        be bytes, and the stdout and stderr will be bytes. If in text mode, any
        "input" should be a string, and stdout and stderr will be strings decoded
        according to locale encoding, or by "encoding" if set. Text mode is
        triggered by setting any of text, encoding, errors or universal_newlines.
    
        The other arguments are the same as for the Popen constructor.
        """
        if input is not None:
            if kwargs.get('stdin') is not None:
                raise ValueError('stdin and input arguments may not both be used.')
            kwargs['stdin'] = PIPE
    
        if capture_output:
            if kwargs.get('stdout') is not None or kwargs.get('stderr') is not None:
                raise ValueError('stdout and stderr arguments may not be used '
                                 'with capture_output.')
            kwargs['stdout'] = PIPE
            kwargs['stderr'] = PIPE
    
        with Popen(*popenargs, **kwargs) as process:
            try:
                stdout, stderr = process.communicate(input, timeout=timeout)
            except TimeoutExpired as exc:
                process.kill()
                if _mswindows:
                    # Windows accumulates the output in a single blocking
                    # read() call run on child threads, with the timeout
                    # being done in a join() on those threads.  communicate()
                    # _after_ kill() is required to collect that and add it
                    # to the exception.
                    exc.stdout, exc.stderr = process.communicate()
                else:
                    # POSIX _communicate already populated the output so
                    # far into the TimeoutExpired exception.
                    process.wait()
                raise
            except:  # Including KeyboardInterrupt, communicate handled that.
                process.kill()
                # We don't call process.wait() as .__exit__ does that for us.
                raise
            retcode = process.poll()
            if check and retcode:
>               raise CalledProcessError(retcode, process.args,
                                         output=stdout, stderr=stderr)
E               subprocess.CalledProcessError: Command '['/Users/peteromalley/.pyenv/versions/3.11.11/bin/python', '-m', 'arnold_pipelines.megaplan', 'cloud', 'quickstart', '--slug', 'repair-loop', '--brief', '/private/var/folders/_w/b3tthv192m77c760dbyzvk200000gn/T/pytest-of-peteromalley/pytest-6/test_cloud_quickstart_generate0/project/brief.md', '--north-star', '/private/var/folders/_w/b3tthv192m77c760dbyzvk200000gn/T/pytest-of-peteromalley/pytest-6/test_cloud_quickstart_generate0/project/NORTHSTAR.md', '--skip-remote']' returned non-zero exit status 1.

../../../.pyenv/versions/3.11.11/lib/python3.11/subprocess.py:571: CalledProcessError
_____________ test_cloud_quickstart_stdout_is_single_json_payload ______________

tmp_path = PosixPath('/private/var/folders/_w/b3tthv192m77c760dbyzvk200000gn/T/pytest-of-peteromalley/pytest-6/test_cloud_quickstart_stdout_i0')

    def test_cloud_quickstart_stdout_is_single_json_payload(tmp_path: Path) -> None:
>       payload, _project = _run_quickstart(tmp_path)
                            ^^^^^^^^^^^^^^^^^^^^^^^^^

tests/arnold_pipelines/megaplan/test_cloud_quickstart.py:86: 
_ _ _ _ _ _ _ _ _ _ _ _ _ _ _ _ _ _ _ _ _ _ _ _ _ _ _ _ _ _ _ _ _ _ _ _ _ _ _ _ 
tests/arnold_pipelines/megaplan/test_cloud_quickstart.py:35: in _run_quickstart
    proc = subprocess.run(
_ _ _ _ _ _ _ _ _ _ _ _ _ _ _ _ _ _ _ _ _ _ _ _ _ _ _ _ _ _ _ _ _ _ _ _ _ _ _ _ 

input = None, capture_output = True, timeout = None, check = True
popenargs = (['/Users/peteromalley/.pyenv/versions/3.11.11/bin/python', '-m', 'arnold_pipelines.megaplan', 'cloud', 'quickstart', '--slug', ...],)
kwargs = {'cwd': PosixPath('/private/var/folders/_w/b3tthv192m77c760dbyzvk200000gn/T/pytest-of-peteromalley/pytest-6/test_cloud...', 'AWS_PAGER': '', 'BAT_PAGER': 'cat', 'BROWSERBASE_ADVANCED_STEALTH': 'false', ...}, 'stderr': -1, 'stdout': -1, ...}
process = <Popen: returncode: 1 args: ['/Users/peteromalley/.pyenv/versions/3.11.11/bi...>
stdout = '{\n  "success": false,\n  "error": "ssh_effect_adapter_unavailable",\n  "message": "SSH provider construction refused: no ssh_effect_adapter installed; SSH mutations are action-off and must never run ungated"\n}\n'
stderr = '', retcode = 1

    def run(*popenargs,
            input=None, capture_output=False, timeout=None, check=False, **kwargs):
        """Run command with arguments and return a CompletedProcess instance.
    
        The returned instance will have attributes args, returncode, stdout and
        stderr. By default, stdout and stderr are not captured, and those attributes
        will be None. Pass stdout=PIPE and/or stderr=PIPE in order to capture them,
        or pass capture_output=True to capture both.
    
        If check is True and the exit code was non-zero, it raises a
        CalledProcessError. The CalledProcessError object will have the return code
        in the returncode attribute, and output & stderr attributes if those streams
        were captured.
    
        If timeout is given, and the process takes too long, a TimeoutExpired
        exception will be raised.
    
        There is an optional argument "input", allowing you to
        pass bytes or a string to the subprocess's stdin.  If you use this argument
        you may not also use the Popen constructor's "stdin" argument, as
        it will be used internally.
    
        By default, all communication is in bytes, and therefore any "input" should
        be bytes, and the stdout and stderr will be bytes. If in text mode, any
        "input" should be a string, and stdout and stderr will be strings decoded
        according to locale encoding, or by "encoding" if set. Text mode is
        triggered by setting any of text, encoding, errors or universal_newlines.
    
        The other arguments are the same as for the Popen constructor.
        """
        if input is not None:
            if kwargs.get('stdin') is not None:
                raise ValueError('stdin and input arguments may not both be used.')
            kwargs['stdin'] = PIPE
    
        if capture_output:
            if kwargs.get('stdout') is not None or kwargs.get('stderr') is not None:
                raise ValueError('stdout and stderr arguments may not be used '
                                 'with capture_output.')
            kwargs['stdout'] = PIPE
            kwargs['stderr'] = PIPE
    
        with Popen(*popenargs, **kwargs) as process:
            try:
                stdout, stderr = process.communicate(input, timeout=timeout)
            except TimeoutExpired as exc:
                process.kill()
                if _mswindows:
                    # Windows accumulates the output in a single blocking
                    # read() call run on child threads, with the timeout
                    # being done in a join() on those threads.  communicate()
                    # _after_ kill() is required to collect that and add it
                    # to the exception.
                    exc.stdout, exc.stderr = process.communicate()
                else:
                    # POSIX _communicate already populated the output so
                    # far into the TimeoutExpired exception.
                    process.wait()
                raise
            except:  # Including KeyboardInterrupt, communicate handled that.
                process.kill()
                # We don't call process.wait() as .__exit__ does that for us.
                raise
            retcode = process.poll()
            if check and retcode:
>               raise CalledProcessError(retcode, process.args,
                                         output=stdout, stderr=stderr)
E               subprocess.CalledProcessError: Command '['/Users/peteromalley/.pyenv/versions/3.11.11/bin/python', '-m', 'arnold_pipelines.megaplan', 'cloud', 'quickstart', '--slug', 'repair-loop', '--brief', '/private/var/folders/_w/b3tthv192m77c760dbyzvk200000gn/T/pytest-of-peteromalley/pytest-6/test_cloud_quickstart_stdout_i0/project/brief.md', '--north-star', '/private/var/folders/_w/b3tthv192m77c760dbyzvk200000gn/T/pytest-of-peteromalley/pytest-6/test_cloud_quickstart_stdout_i0/project/NORTHSTAR.md', '--skip-remote']' returned non-zero exit status 1.

../../../.pyenv/versions/3.11.11/lib/python3.11/subprocess.py:571: CalledProcessError
________ test_cloud_quickstart_can_infer_extra_repo_workspace_from_role ________

tmp_path = PosixPath('/private/var/folders/_w/b3tthv192m77c760dbyzvk200000gn/T/pytest-of-peteromalley/pytest-6/test_cloud_quickstart_can_infe0')

    def test_cloud_quickstart_can_infer_extra_repo_workspace_from_role(tmp_path: Path) -> None:
>       _payload, project = _run_quickstart(
            tmp_path,
            "--extra-repo",
            "worker=https://github.com/example/worker.git",
        )

tests/arnold_pipelines/megaplan/test_cloud_quickstart.py:92: 
_ _ _ _ _ _ _ _ _ _ _ _ _ _ _ _ _ _ _ _ _ _ _ _ _ _ _ _ _ _ _ _ _ _ _ _ _ _ _ _ 
tests/arnold_pipelines/megaplan/test_cloud_quickstart.py:35: in _run_quickstart
    proc = subprocess.run(
_ _ _ _ _ _ _ _ _ _ _ _ _ _ _ _ _ _ _ _ _ _ _ _ _ _ _ _ _ _ _ _ _ _ _ _ _ _ _ _ 

input = None, capture_output = True, timeout = None, check = True
popenargs = (['/Users/peteromalley/.pyenv/versions/3.11.11/bin/python', '-m', 'arnold_pipelines.megaplan', 'cloud', 'quickstart', '--slug', ...],)
kwargs = {'cwd': PosixPath('/private/var/folders/_w/b3tthv192m77c760dbyzvk200000gn/T/pytest-of-peteromalley/pytest-6/test_cloud...', 'AWS_PAGER': '', 'BAT_PAGER': 'cat', 'BROWSERBASE_ADVANCED_STEALTH': 'false', ...}, 'stderr': -1, 'stdout': -1, ...}
process = <Popen: returncode: 1 args: ['/Users/peteromalley/.pyenv/versions/3.11.11/bi...>
stdout = '{\n  "success": false,\n  "error": "ssh_effect_adapter_unavailable",\n  "message": "SSH provider construction refused: no ssh_effect_adapter installed; SSH mutations are action-off and must never run ungated"\n}\n'
stderr = '', retcode = 1

    def run(*popenargs,
            input=None, capture_output=False, timeout=None, check=False, **kwargs):
        """Run command with arguments and return a CompletedProcess instance.
    
        The returned instance will have attributes args, returncode, stdout and
        stderr. By default, stdout and stderr are not captured, and those attributes
        will be None. Pass stdout=PIPE and/or stderr=PIPE in order to capture them,
        or pass capture_output=True to capture both.
    
        If check is True and the exit code was non-zero, it raises a
        CalledProcessError. The CalledProcessError object will have the return code
        in the returncode attribute, and output & stderr attributes if those streams
        were captured.
    
        If timeout is given, and the process takes too long, a TimeoutExpired
        exception will be raised.
    
        There is an optional argument "input", allowing you to
        pass bytes or a string to the subprocess's stdin.  If you use this argument
        you may not also use the Popen constructor's "stdin" argument, as
        it will be used internally.
    
        By default, all communication is in bytes, and therefore any "input" should
        be bytes, and the stdout and stderr will be bytes. If in text mode, any
        "input" should be a string, and stdout and stderr will be strings decoded
        according to locale encoding, or by "encoding" if set. Text mode is
        triggered by setting any of text, encoding, errors or universal_newlines.
    
        The other arguments are the same as for the Popen constructor.
        """
        if input is not None:
            if kwargs.get('stdin') is not None:
                raise ValueError('stdin and input arguments may not both be used.')
            kwargs['stdin'] = PIPE
    
        if capture_output:
            if kwargs.get('stdout') is not None or kwargs.get('stderr') is not None:
                raise ValueError('stdout and stderr arguments may not be used '
                                 'with capture_output.')
            kwargs['stdout'] = PIPE
            kwargs['stderr'] = PIPE
    
        with Popen(*popenargs, **kwargs) as process:
            try:
                stdout, stderr = process.communicate(input, timeout=timeout)
            except TimeoutExpired as exc:
                process.kill()
                if _mswindows:
                    # Windows accumulates the output in a single blocking
                    # read() call run on child threads, with the timeout
                    # being done in a join() on those threads.  communicate()
                    # _after_ kill() is required to collect that and add it
                    # to the exception.
                    exc.stdout, exc.stderr = process.communicate()
                else:
                    # POSIX _communicate already populated the output so
                    # far into the TimeoutExpired exception.
                    process.wait()
                raise
            except:  # Including KeyboardInterrupt, communicate handled that.
                process.kill()
                # We don't call process.wait() as .__exit__ does that for us.
                raise
            retcode = process.poll()
            if check and retcode:
>               raise CalledProcessError(retcode, process.args,
                                         output=stdout, stderr=stderr)
E               subprocess.CalledProcessError: Command '['/Users/peteromalley/.pyenv/versions/3.11.11/bin/python', '-m', 'arnold_pipelines.megaplan', 'cloud', 'quickstart', '--slug', 'repair-loop', '--brief', '/private/var/folders/_w/b3tthv192m77c760dbyzvk200000gn/T/pytest-of-peteromalley/pytest-6/test_cloud_quickstart_can_infe0/project/brief.md', '--north-star', '/private/var/folders/_w/b3tthv192m77c760dbyzvk200000gn/T/pytest-of-peteromalley/pytest-6/test_cloud_quickstart_can_infe0/project/NORTHSTAR.md', '--skip-remote', '--extra-repo', 'worker=https://github.com/example/worker.git']' returned non-zero exit status 1.

../../../.pyenv/versions/3.11.11/lib/python3.11/subprocess.py:571: CalledProcessError
___ test_cloud_quickstart_extra_repo_supports_branch_and_workspace_override ____

tmp_path = PosixPath('/private/var/folders/_w/b3tthv192m77c760dbyzvk200000gn/T/pytest-of-peteromalley/pytest-6/test_cloud_quickstart_extra_re0')

    def test_cloud_quickstart_extra_repo_supports_branch_and_workspace_override(tmp_path: Path) -> None:
>       _payload, project = _run_quickstart(
            tmp_path,
            "--extra-repo",
            "worker=https://github.com/example/worker.git@develop:/workspace/custom-worker",
        )

tests/arnold_pipelines/megaplan/test_cloud_quickstart.py:114: 
_ _ _ _ _ _ _ _ _ _ _ _ _ _ _ _ _ _ _ _ _ _ _ _ _ _ _ _ _ _ _ _ _ _ _ _ _ _ _ _ 
tests/arnold_pipelines/megaplan/test_cloud_quickstart.py:35: in _run_quickstart
    proc = subprocess.run(
_ _ _ _ _ _ _ _ _ _ _ _ _ _ _ _ _ _ _ _ _ _ _ _ _ _ _ _ _ _ _ _ _ _ _ _ _ _ _ _ 

input = None, capture_output = True, timeout = None, check = True
popenargs = (['/Users/peteromalley/.pyenv/versions/3.11.11/bin/python', '-m', 'arnold_pipelines.megaplan', 'cloud', 'quickstart', '--slug', ...],)
kwargs = {'cwd': PosixPath('/private/var/folders/_w/b3tthv192m77c760dbyzvk200000gn/T/pytest-of-peteromalley/pytest-6/test_cloud...', 'AWS_PAGER': '', 'BAT_PAGER': 'cat', 'BROWSERBASE_ADVANCED_STEALTH': 'false', ...}, 'stderr': -1, 'stdout': -1, ...}
process = <Popen: returncode: 1 args: ['/Users/peteromalley/.pyenv/versions/3.11.11/bi...>
stdout = '{\n  "success": false,\n  "error": "ssh_effect_adapter_unavailable",\n  "message": "SSH provider construction refused: no ssh_effect_adapter installed; SSH mutations are action-off and must never run ungated"\n}\n'
stderr = '', retcode = 1

    def run(*popenargs,
            input=None, capture_output=False, timeout=None, check=False, **kwargs):
        """Run command with arguments and return a CompletedProcess instance.
    
        The returned instance will have attributes args, returncode, stdout and
        stderr. By default, stdout and stderr are not captured, and those attributes
        will be None. Pass stdout=PIPE and/or stderr=PIPE in order to capture them,
        or pass capture_output=True to capture both.
    
        If check is True and the exit code was non-zero, it raises a
        CalledProcessError. The CalledProcessError object will have the return code
        in the returncode attribute, and output & stderr attributes if those streams
        were captured.
    
        If timeout is given, and the process takes too long, a TimeoutExpired
        exception will be raised.
    
        There is an optional argument "input", allowing you to
        pass bytes or a string to the subprocess's stdin.  If you use this argument
        you may not also use the Popen constructor's "stdin" argument, as
        it will be used internally.
    
        By default, all communication is in bytes, and therefore any "input" should
        be bytes, and the stdout and stderr will be bytes. If in text mode, any
        "input" should be a string, and stdout and stderr will be strings decoded
        according to locale encoding, or by "encoding" if set. Text mode is
        triggered by setting any of text, encoding, errors or universal_newlines.
    
        The other arguments are the same as for the Popen constructor.
        """
        if input is not None:
            if kwargs.get('stdin') is not None:
                raise ValueError('stdin and input arguments may not both be used.')
            kwargs['stdin'] = PIPE
    
        if capture_output:
            if kwargs.get('stdout') is not None or kwargs.get('stderr') is not None:
                raise ValueError('stdout and stderr arguments may not be used '
                                 'with capture_output.')
            kwargs['stdout'] = PIPE
            kwargs['stderr'] = PIPE
    
        with Popen(*popenargs, **kwargs) as process:
            try:
                stdout, stderr = process.communicate(input, timeout=timeout)
            except TimeoutExpired as exc:
                process.kill()
                if _mswindows:
                    # Windows accumulates the output in a single blocking
                    # read() call run on child threads, with the timeout
                    # being done in a join() on those threads.  communicate()
                    # _after_ kill() is required to collect that and add it
                    # to the exception.
                    exc.stdout, exc.stderr = process.communicate()
                else:
                    # POSIX _communicate already populated the output so
                    # far into the TimeoutExpired exception.
                    process.wait()
                raise
            except:  # Including KeyboardInterrupt, communicate handled that.
                process.kill()
                # We don't call process.wait() as .__exit__ does that for us.
                raise
            retcode = process.poll()
            if check and retcode:
>               raise CalledProcessError(retcode, process.args,
                                         output=stdout, stderr=stderr)
E               subprocess.CalledProcessError: Command '['/Users/peteromalley/.pyenv/versions/3.11.11/bin/python', '-m', 'arnold_pipelines.megaplan', 'cloud', 'quickstart', '--slug', 'repair-loop', '--brief', '/private/var/folders/_w/b3tthv192m77c760dbyzvk200000gn/T/pytest-of-peteromalley/pytest-6/test_cloud_quickstart_extra_re0/project/brief.md', '--north-star', '/private/var/folders/_w/b3tthv192m77c760dbyzvk200000gn/T/pytest-of-peteromalley/pytest-6/test_cloud_quickstart_extra_re0/project/NORTHSTAR.md', '--skip-remote', '--extra-repo', 'worker=https://github.com/example/worker.git@develop:/workspace/custom-worker']' returned non-zero exit status 1.

../../../.pyenv/versions/3.11.11/lib/python3.11/subprocess.py:571: CalledProcessError
_______ test_cloud_quickstart_extra_repo_keeps_legacy_url_workspace_form _______

tmp_path = PosixPath('/private/var/folders/_w/b3tthv192m77c760dbyzvk200000gn/T/pytest-of-peteromalley/pytest-6/test_cloud_quickstart_extra_re1')

    def test_cloud_quickstart_extra_repo_keeps_legacy_url_workspace_form(tmp_path: Path) -> None:
>       _payload, project = _run_quickstart(
            tmp_path,
            "--extra-repo",
            "https://github.com/example/worker.git@develop=/workspace/repair-loop/worker",
        )

tests/arnold_pipelines/megaplan/test_cloud_quickstart.py:136: 
_ _ _ _ _ _ _ _ _ _ _ _ _ _ _ _ _ _ _ _ _ _ _ _ _ _ _ _ _ _ _ _ _ _ _ _ _ _ _ _ 
tests/arnold_pipelines/megaplan/test_cloud_quickstart.py:35: in _run_quickstart
    proc = subprocess.run(
_ _ _ _ _ _ _ _ _ _ _ _ _ _ _ _ _ _ _ _ _ _ _ _ _ _ _ _ _ _ _ _ _ _ _ _ _ _ _ _ 

input = None, capture_output = True, timeout = None, check = True
popenargs = (['/Users/peteromalley/.pyenv/versions/3.11.11/bin/python', '-m', 'arnold_pipelines.megaplan', 'cloud', 'quickstart', '--slug', ...],)
kwargs = {'cwd': PosixPath('/private/var/folders/_w/b3tthv192m77c760dbyzvk200000gn/T/pytest-of-peteromalley/pytest-6/test_cloud...', 'AWS_PAGER': '', 'BAT_PAGER': 'cat', 'BROWSERBASE_ADVANCED_STEALTH': 'false', ...}, 'stderr': -1, 'stdout': -1, ...}
process = <Popen: returncode: 1 args: ['/Users/peteromalley/.pyenv/versions/3.11.11/bi...>
stdout = '{\n  "success": false,\n  "error": "ssh_effect_adapter_unavailable",\n  "message": "SSH provider construction refused: no ssh_effect_adapter installed; SSH mutations are action-off and must never run ungated"\n}\n'
stderr = '', retcode = 1

    def run(*popenargs,
            input=None, capture_output=False, timeout=None, check=False, **kwargs):
        """Run command with arguments and return a CompletedProcess instance.
    
        The returned instance will have attributes args, returncode, stdout and
        stderr. By default, stdout and stderr are not captured, and those attributes
        will be None. Pass stdout=PIPE and/or stderr=PIPE in order to capture them,
        or pass capture_output=True to capture both.
    
        If check is True and the exit code was non-zero, it raises a
        CalledProcessError. The CalledProcessError object will have the return code
        in the returncode attribute, and output & stderr attributes if those streams
        were captured.
    
        If timeout is given, and the process takes too long, a TimeoutExpired
        exception will be raised.
    
        There is an optional argument "input", allowing you to
        pass bytes or a string to the subprocess's stdin.  If you use this argument
        you may not also use the Popen constructor's "stdin" argument, as
        it will be used internally.
    
        By default, all communication is in bytes, and therefore any "input" should
        be bytes, and the stdout and stderr will be bytes. If in text mode, any
        "input" should be a string, and stdout and stderr will be strings decoded
        according to locale encoding, or by "encoding" if set. Text mode is
        triggered by setting any of text, encoding, errors or universal_newlines.
    
        The other arguments are the same as for the Popen constructor.
        """
        if input is not None:
            if kwargs.get('stdin') is not None:
                raise ValueError('stdin and input arguments may not both be used.')
            kwargs['stdin'] = PIPE
    
        if capture_output:
            if kwargs.get('stdout') is not None or kwargs.get('stderr') is not None:
                raise ValueError('stdout and stderr arguments may not be used '
                                 'with capture_output.')
            kwargs['stdout'] = PIPE
            kwargs['stderr'] = PIPE
    
        with Popen(*popenargs, **kwargs) as process:
            try:
                stdout, stderr = process.communicate(input, timeout=timeout)
            except TimeoutExpired as exc:
                process.kill()
                if _mswindows:
                    # Windows accumulates the output in a single blocking
                    # read() call run on child threads, with the timeout
                    # being done in a join() on those threads.  communicate()
                    # _after_ kill() is required to collect that and add it
                    # to the exception.
                    exc.stdout, exc.stderr = process.communicate()
                else:
                    # POSIX _communicate already populated the output so
                    # far into the TimeoutExpired exception.
                    process.wait()
                raise
            except:  # Including KeyboardInterrupt, communicate handled that.
                process.kill()
                # We don't call process.wait() as .__exit__ does that for us.
                raise
            retcode = process.poll()
            if check and retcode:
>               raise CalledProcessError(retcode, process.args,
                                         output=stdout, stderr=stderr)
E               subprocess.CalledProcessError: Command '['/Users/peteromalley/.pyenv/versions/3.11.11/bin/python', '-m', 'arnold_pipelines.megaplan', 'cloud', 'quickstart', '--slug', 'repair-loop', '--brief', '/private/var/folders/_w/b3tthv192m77c760dbyzvk200000gn/T/pytest-of-peteromalley/pytest-6/test_cloud_quickstart_extra_re1/project/brief.md', '--north-star', '/private/var/folders/_w/b3tthv192m77c760dbyzvk200000gn/T/pytest-of-peteromalley/pytest-6/test_cloud_quickstart_extra_re1/project/NORTHSTAR.md', '--skip-remote', '--extra-repo', 'https://github.com/example/worker.git@develop=/workspace/repair-loop/worker']' returned non-zero exit status 1.

../../../.pyenv/versions/3.11.11/lib/python3.11/subprocess.py:571: CalledProcessError
___________ test_multi_sprint_cloud_preflight_blocks_thin_north_star ___________

tmp_path = PosixPath('/private/var/folders/_w/b3tthv192m77c760dbyzvk200000gn/T/pytest-of-peteromalley/pytest-6/test_multi_sprint_cloud_prefli0')

    def test_multi_sprint_cloud_preflight_blocks_thin_north_star(tmp_path: Path) -> None:
        project = tmp_path / "project"
        project.mkdir()
        chain, cloud = _write_multi_sprint_chain(project, north_star_text="# North Star\n\nThin.\n")
    
        proc = _run_preflight(project, chain, cloud)
        payload = json.loads(proc.stdout)
    
        assert proc.returncode == 1
        assert payload["success"] is False
>       assert payload["north_star_findings"][0]["code"] == "north_star_too_thin"
               ^^^^^^^^^^^^^^^^^^^^^^^^^^^^^^
E       KeyError: 'north_star_findings'

tests/arnold_pipelines/megaplan/test_cloud_quickstart.py:259: KeyError
_________ test_multi_sprint_cloud_preflight_accepts_filled_north_star __________

tmp_path = PosixPath('/private/var/folders/_w/b3tthv192m77c760dbyzvk200000gn/T/pytest-of-peteromalley/pytest-6/test_multi_sprint_cloud_prefli1')

    def test_multi_sprint_cloud_preflight_accepts_filled_north_star(tmp_path: Path) -> None:
        project = tmp_path / "project"
        project.mkdir()
        filled = (
            "# North Star\n\n"
            "The chain must deliver the planned migration through two coordinated sprints while preserving "
            "the public workflow contract, existing user data, and current operational recovery behavior. "
            "Every sprint should move toward the same end state, avoid local-only assumptions, keep rollback "
            "paths visible, and document any temporary bridge so the follow-up sprint can remove it safely.\n"
        )
        chain, cloud = _write_multi_sprint_chain(project, north_star_text=filled)
    
        proc = _run_preflight(project, chain, cloud)
        payload = json.loads(proc.stdout)
    
>       assert proc.returncode == 0
E       assert 1 == 0
E        +  where 1 = CompletedProcess(args=['/Users/peteromalley/.pyenv/versions/3.11.11/bin/python', '-m', 'arnold_pipelines.megaplan', 'c...on refused: no ssh_effect_adapter installed; SSH mutations are action-off and must never run ungated"\n}\n', stderr='').returncode

tests/arnold_pipelines/megaplan/test_cloud_quickstart.py:277: AssertionError
_______ test_m5a_acceptance_gate_preserves_systemic_repair_goal_custody ________

    def test_m5a_acceptance_gate_preserves_systemic_repair_goal_custody() -> None:
        watchdog = (
            REPO_ROOT / "arnold_pipelines" / "megaplan" / "cloud" / "wrappers" / "arnold-watchdog"
        ).read_text(encoding="utf-8")
    
>       retry_custody = watchdog.index("next_repair_goal_retry_sequence")
                        ^^^^^^^^^^^^^^^^^^^^^^^^^^^^^^^^^^^^^^^^^^^^^^^^^
E       ValueError: substring not found

tests/arnold_pipelines/megaplan/test_custody_control_plane_unattended_policy.py:54: ValueError
_____ test_import_runtime_treats_megaplan_agent_missing_as_legacy_fallback _____

monkeypatch = <_pytest.monkeypatch.MonkeyPatch object at 0x12aa8fd90>

    def test_import_runtime_treats_megaplan_agent_missing_as_legacy_fallback(monkeypatch) -> None:
        module = _load_module()
    
        fake_run_agent = types.ModuleType("arnold.agent.run_agent")
        fake_run_agent.AIAgent = type("AIAgent", (), {})
        fake_state = types.ModuleType("arnold.agent.hermes_state")
        fake_state.SessionDB = type("SessionDB", (), {})
        fake_key_pool = types.ModuleType("arnold_pipelines.megaplan.runtime.key_pool")
        fake_key_pool.resolve_model = lambda value: value
    
        monkeypatch.setitem(sys.modules, "arnold", types.ModuleType("arnold"))
        monkeypatch.setitem(sys.modules, "arnold.agent", types.ModuleType("arnold.agent"))
        monkeypatch.setitem(sys.modules, "arnold.agent.run_agent", fake_run_agent)
        monkeypatch.setitem(sys.modules, "arnold.agent.hermes_state", fake_state)
        monkeypatch.setitem(sys.modules, "arnold_pipelines", types.ModuleType("arnold_pipelines"))
        monkeypatch.setitem(sys.modules, "arnold_pipelines.megaplan", types.ModuleType("arnold_pipelines.megaplan"))
        monkeypatch.setitem(sys.modules, "arnold_pipelines.megaplan.runtime", types.ModuleType("arnold_pipelines.megaplan.runtime"))
        monkeypatch.setitem(sys.modules, "arnold_pipelines.megaplan.runtime.key_pool", fake_key_pool)
    
        real_import = builtins.__import__
    
        def fake_import(name, globals=None, locals=None, fromlist=(), level=0):
            if name == "megaplan.agent":
                raise ModuleNotFoundError("No module named 'megaplan.agent'", name="megaplan.agent")
            return real_import(name, globals, locals, fromlist, level)
    
        monkeypatch.setattr(builtins, "__import__", fake_import)
    
>       AIAgent, SessionDB, resolve_model = module._import_runtime()
                                            ^^^^^^^^^^^^^^^^^^^^^^
E       AttributeError: module 'launch_hermes_agent_test' has no attribute '_import_runtime'

tests/arnold_pipelines/megaplan/test_launch_hermes_agent.py:56: AttributeError
_________ test_model_shortcut_normalizes_chain_hermes_provider_prefix __________

    def test_model_shortcut_normalizes_chain_hermes_provider_prefix() -> None:
        module = _load_module()
    
        assert (
>           module._resolve_model_shortcut("hermes:zhipu:glm-5.2")
            ^^^^^^^^^^^^^^^^^^^^^^^^^^^^^^
            == "zhipu:glm-5.2"
        )
E       AttributeError: module 'launch_hermes_agent_test' has no attribute '_resolve_model_shortcut'

tests/arnold_pipelines/megaplan/test_launch_hermes_agent.py:67: AttributeError
__ test_partnered_5_glm_preserves_phase_shape_with_finalize_as_only_gpt_route __

tmp_path = PosixPath('/private/var/folders/_w/b3tthv192m77c760dbyzvk200000gn/T/pytest-of-peteromalley/pytest-6/test_partnered_5_glm_preserves0')

    def test_partnered_5_glm_preserves_phase_shape_with_finalize_as_only_gpt_route(
        tmp_path: Path,
    ) -> None:
        profiles = load_profiles(project_dir=tmp_path)
        metadata = load_profile_metadata(project_dir=tmp_path)
    
        base = profiles["partnered-5"]
        glm = profiles["partnered-5-glm"]
        base_metadata = metadata["partnered-5"]
        glm_metadata = metadata["partnered-5-glm"]
    
        expected = _expected_glm_profile(base)
>       assert glm == expected
E       AssertionError: assert {'critique': ...glm-5.2', ...} == {'critique': ...lm-5.2'], ...}
E         
E         Omitting 3 identical items, use -vv to show
E         Differing items:
E         {'loop_execute': 'hermes:zhipu:glm-5.2'} != {'loop_execute': ['hermes:deepseek:deepseek-v4-pro', 'hermes:zhipu:glm-5.2']}
E         {'review': 'hermes:zhipu:glm-5.2'} != {'review': ['hermes:deepseek:deepseek-v4-pro', 'hermes:zhipu:glm-5.2']}
E         {'plan': 'hermes:zhipu:glm-5.2'} != {'plan': ['hermes:deepseek:deepseek-v4-pro', 'hermes:zhipu:glm-5.2']}
E         {'feedback': 'hermes:zhipu:glm-5.2'} != {'feedback': ['hermes:deepseek:deepseek-v4-pro', 'hermes:zhipu:glm-5.2']}
E         {'tiebreaker_challenger': 'hermes:zhipu:glm-5.2'} != {'tiebreaker_challenger': ['hermes:deepseek:deepseek-v4-pro', 'hermes:zhipu:glm-5.2']}
E         {'loop_plan': 'hermes:zhipu:glm-5.2'} != {'loop_plan': ['hermes:deepseek:deepseek-v4-pro', 'hermes:zhipu:glm-5.2']}
E         {'critique_evaluator': 'hermes:zhipu:glm-5.2'} != {'critique_evaluator': ['hermes:deepseek:deepseek-v4-pro', 'hermes:zhipu:glm-5.2']}
E         {'revise': 'hermes:zhipu:glm-5.2'} != {'revise': 'hermes:deepseek:deepseek-v4-flash'}
E         {'tiebreaker_researcher': 'hermes:zhipu:glm-5.2'} != {'tiebreaker_researcher': ['hermes:deepseek:deepseek-v4-pro', 'hermes:zhipu:glm-5.2']}
E         {'gate': 'hermes:zhipu:glm-5.2'} != {'gate': 'hermes:deepseek:deepseek-v4-pro'}
E         {'execute': 'hermes:zhipu:glm-5.2'} != {'execute': ['hermes:deepseek:deepseek-v4-pro', 'hermes:zhipu:glm-5.2']}
E         
E         Full diff:
E           {
E               'critique': 'hermes:deepseek:deepseek-v4-pro',
E         +     'critique_evaluator': 'hermes:zhipu:glm-5.2',
E         -     'critique_evaluator': [
E         -         'hermes:deepseek:deepseek-v4-pro',
E         -         'hermes:zhipu:glm-5.2',
E         ?     ^^^
E         +     'execute': 'hermes:zhipu:glm-5.2',
E         ?     ^^^^^^^^^^
E         -     ],
E         -     'execute': [
E         -         'hermes:deepseek:deepseek-v4-pro',
E         -         'hermes:zhipu:glm-5.2',
E         ?     ^^^
E         +     'feedback': 'hermes:zhipu:glm-5.2',
E         ?     ^^^^^^^^^^^
E         -     ],
E         -     'feedback': [
E         -         'hermes:deepseek:deepseek-v4-pro',
E         -         'hermes:zhipu:glm-5.2',
E         -     ],
E               'finalize': 'codex:gpt-5.6-sol:high',
E         -     'gate': 'hermes:deepseek:deepseek-v4-pro',
E         -     'loop_execute': [
E         -         'hermes:deepseek:deepseek-v4-pro',
E         -         'hermes:zhipu:glm-5.2',
E         ?     ^^^
E         +     'gate': 'hermes:zhipu:glm-5.2',
E         ?     ^^^^^^^
E         +     'loop_execute': 'hermes:zhipu:glm-5.2',
E         +     'loop_plan': 'hermes:zhipu:glm-5.2',
E         -     ],
E         -     'loop_plan': [
E         -         'hermes:deepseek:deepseek-v4-pro',
E         -         'hermes:zhipu:glm-5.2',
E         ?     ^^^
E         +     'plan': 'hermes:zhipu:glm-5.2',
E         ?     ^^^^^^^
E         -     ],
E         -     'plan': [
E         -         'hermes:deepseek:deepseek-v4-pro',
E         -         'hermes:zhipu:glm-5.2',
E         -     ],
E               'prep': 'hermes:deepseek:deepseek-v4-pro',
E         -     'review': [
E         -         'hermes:deepseek:deepseek-v4-pro',
E         -         'hermes:zhipu:glm-5.2',
E         ?     ^^^
E         +     'review': 'hermes:zhipu:glm-5.2',
E         ?     ^^^^^^^^^
E         -     ],
E         -     'revise': 'hermes:deepseek:deepseek-v4-flash',
E         -     'tiebreaker_challenger': [
E         -         'hermes:deepseek:deepseek-v4-pro',
E         -         'hermes:zhipu:glm-5.2',
E         ?     ^^^
E         +     'revise': 'hermes:zhipu:glm-5.2',
E         ?     ^^^^^^^^^
E         +     'tiebreaker_challenger': 'hermes:zhipu:glm-5.2',
E         +     'tiebreaker_researcher': 'hermes:zhipu:glm-5.2',
E         -     ],
E         -     'tiebreaker_researcher': [
E         -         'hermes:deepseek:deepseek-v4-pro',
E         -         'hermes:zhipu:glm-5.2',
E         -     ],
E           }

tests/arnold_pipelines/megaplan/test_partnered_5_glm_profile.py:81: AssertionError
_______ test_partnered_5_glm_preserves_non_gpt_phase_and_critique_routes _______

tmp_path = PosixPath('/private/var/folders/_w/b3tthv192m77c760dbyzvk200000gn/T/pytest-of-peteromalley/pytest-6/test_partnered_5_glm_preserves1')

    def test_partnered_5_glm_preserves_non_gpt_phase_and_critique_routes(
        tmp_path: Path,
    ) -> None:
        base_args = _profile_args("partnered-5")
        glm_args = _profile_args("partnered-5-glm")
    
        apply_profile_expansion(base_args, tmp_path)
        apply_profile_expansion(glm_args, tmp_path)
    
        expected_phase_models = _replace_phase_model_gpt_specs(base_args.phase_model)
        expected_phase_models = [
            f"finalize={FINALIZE_SPEC}" if entry.startswith("finalize=") else entry
            for entry in expected_phase_models
        ]
>       assert glm_args.phase_model == expected_phase_models
E       AssertionError: assert ['plan=hermes...glm-5.2', ...] == ['plan=hermes...-v4-pro', ...]
E         
E         At index 4 diff: 'revise=hermes:zhipu:glm-5.2' != 'revise=hermes:deepseek:deepseek-v4-flash'
E         
E         Full diff:
E           [
E               'plan=hermes:zhipu:glm-5.2',
E               'prep=hermes:deepseek:deepseek-v4-pro',
E               'critique=hermes:deepseek:deepseek-v4-pro',
E               'critique_evaluator=hermes:zhipu:glm-5.2',
E         -     'revise=hermes:deepseek:deepseek-v4-flash',
E         -     'gate=hermes:deepseek:deepseek-v4-pro',
E         +     'revise=hermes:zhipu:glm-5.2',
E         +     'gate=hermes:zhipu:glm-5.2',
E               'finalize=codex:gpt-5.6-sol:high',
E               'execute=hermes:zhipu:glm-5.2',
E               'feedback=hermes:zhipu:glm-5.2',
E               'loop_plan=hermes:zhipu:glm-5.2',
E               'loop_execute=hermes:zhipu:glm-5.2',
E               'review=hermes:zhipu:glm-5.2',
E               'tiebreaker_researcher=hermes:zhipu:glm-5.2',
E               'tiebreaker_challenger=hermes:zhipu:glm-5.2',
E           ]

tests/arnold_pipelines/megaplan/test_partnered_5_glm_profile.py:120: AssertionError
_______ test_execute_success_atomically_arms_recoverable_review_handoff ________

tmp_path = PosixPath('/private/var/folders/_w/b3tthv192m77c760dbyzvk200000gn/T/pytest-of-peteromalley/pytest-6/test_execute_success_atomicall0')

    def test_execute_success_atomically_arms_recoverable_review_handoff(
        tmp_path: Path,
    ) -> None:
        plan_dir = tmp_path / ".megaplan" / "plans" / "demo"
        plan_dir.mkdir(parents=True)
        (plan_dir / "execution.json").write_text('{"output":"done"}', encoding="utf-8")
        state = _base_state("executed")
        state["active_step"] = {"phase": "execute", "worker_pid": 999_999}
        state["history"].append({"step": "execute", "result": "success"})
    
        persisted = write_plan_state(plan_dir, mode="replace", state=state)
        on_disk = json.loads((plan_dir / "state.json").read_text())
    
        assert persisted == on_disk
>       assert "active_step" not in on_disk
E       AssertionError: assert 'active_step' not in {'active_step': {'phase': 'execute', 'worker_pid': 999999}, 'config': {}, 'current_state': 'executed', 'history': [{'result': 'success', 'step': 'execute'}], ...}

tests/arnold_pipelines/megaplan/test_phase_handoff_custody.py:35: AssertionError
______ test_authoritative_execute_complete_transition_still_arms_recovery ______

tmp_path = PosixPath('/private/var/folders/_w/b3tthv192m77c760dbyzvk200000gn/T/pytest-of-peteromalley/pytest-6/test_authoritative_execute_com0')

    def test_authoritative_execute_complete_transition_still_arms_recovery(
        tmp_path: Path,
    ) -> None:
        plan_dir = tmp_path / ".megaplan" / "plans" / "demo"
        plan_dir.mkdir(parents=True)
        (plan_dir / "execution.json").write_text('{"output":"done"}', encoding="utf-8")
        state = _base_state("executing")
        state["active_step"] = {
            "phase": "execute",
            "run_id": "execute-run",
            "worker_pid": 999_999,
        }
        (plan_dir / "state.json").write_text(json.dumps(state), encoding="utf-8")
    
        persisted = write_plan_state(
            plan_dir,
            mode="patch-many",
            patch={"current_state": "executed"},
        )
    
>       assert "active_step" not in persisted
E       AssertionError: assert 'active_step' not in {'active_step': {'phase': 'execute', 'run_id': 'execute-run', 'worker_pid': 999999}, 'config': {}, 'current_state': 'executed', 'history': [], ...}

tests/arnold_pipelines/megaplan/test_phase_handoff_custody.py:181: AssertionError
_____ TestWheelSmoke.test_skill_links_are_repository_relative_and_resolve ______

self = <megaplan.test_wheel_smoke.TestWheelSmoke object at 0x11db479d0>

    def test_skill_links_are_repository_relative_and_resolve(self) -> None:
        repo_root = Path(__file__).parents[3]
        skill_root = repo_root / "arnold_pipelines" / "megaplan" / "skills"
        skill_links = sorted(skill_root.glob("*/SKILL.md"))
    
        assert skill_links, "no packaged Megaplan skill links found"
        for skill_link in skill_links:
            if skill_link.is_symlink():
>               assert not skill_link.readlink().is_absolute(), skill_link
E               AssertionError: PosixPath('/Users/peteromalley/Documents/.megaplan-worktrees/runtime-convergence-execution/arnold_pipelines/megaplan/skills/megaplan/SKILL.md')
E               assert not True
E                +  where True = is_absolute()
E                +    where is_absolute = PosixPath('/Users/peteromalley/Documents/Arnold/arnold_pipelines/megaplan/data/_composed/claude_skill.md').is_absolute
E                +      where PosixPath('/Users/peteromalley/Documents/Arnold/arnold_pipelines/megaplan/data/_composed/claude_skill.md') = readlink()
E                +        where readlink = PosixPath('/Users/peteromalley/Documents/.megaplan-worktrees/runtime-convergence-execution/arnold_pipelines/megaplan/skills/megaplan/SKILL.md').readlink

tests/arnold_pipelines/megaplan/test_wheel_smoke.py:80: AssertionError
_____________ TestCliParserSnapshot.test_snapshot_matches_fixture ______________

self = <tests.characterization.test_cli_parser_snapshot.TestCliParserSnapshot object at 0x11dc49810>
request = <FixtureRequest for <Function test_snapshot_matches_fixture>>

    def test_snapshot_matches_fixture(self, request: pytest.FixtureRequest) -> None:
        """Build the parser snapshot in-process and compare against the
        committed fixture.  Fails if the parser shape has changed."""
        current = build_snapshot()
        if request.config.getoption("--write-fixture", default=False):
            _write_fixture(current)
        fixture = _read_fixture()
    
        # Use JSON round-trip to normalize key ordering and whitespace.
        current_str = json.dumps(current, indent=2, sort_keys=True)
        fixture_str = json.dumps(fixture, indent=2, sort_keys=True)
    
        if current_str != fixture_str:
            # Produce a helpful diff-style message.
            msg = "CLI parser snapshot has diverged from the committed fixture.\n\n"
            msg += "If the change is intentional, regenerate the fixture with:\n"
            msg += f"  python -m pytest {Path(__file__).name} --write-fixture\n\n"
            msg += "Changed keys:\n"
            # Quick top-level key comparison
            current_keys = set(current.get("commands", {}).keys()) | {""}
            fixture_keys = set(fixture.get("commands", {}).keys()) | {""}
            if current_keys != fixture_keys:
                added = current_keys - fixture_keys
                removed = fixture_keys - current_keys
                if added:
                    msg += f"  Added: {sorted(added)}\n"
                if removed:
                    msg += f"  Removed: {sorted(removed)}\n"
    
            # Compare subcommand counts
            cur_root = current.get("commands", {}).get("", {})
            fix_root = fixture.get("commands", {}).get("", {})
            cur_subs = set(cur_root.get("subcommands", {}).keys())
            fix_subs = set(fix_root.get("subcommands", {}).keys())
            if cur_subs != fix_subs:
                sub_added = cur_subs - fix_subs
                sub_removed = fix_subs - cur_subs
                if sub_added:
                    msg += f"  Subcommands added: {sorted(sub_added)}\n"
                if sub_removed:
                    msg += f"  Subcommands removed: {sorted(sub_removed)}\n"
    
>           pytest.fail(msg)
E           Failed: CLI parser snapshot has diverged from the committed fixture.
E           
E           If the change is intentional, regenerate the fixture with:
E             python -m pytest test_cli_parser_snapshot.py --write-fixture
E           
E           Changed keys:

tests/characterization/test_cli_parser_snapshot.py:258: Failed
______ test_supervisor_never_restarts_when_canonical_liveness_is_unknown _______

monkeypatch = <_pytest.monkeypatch.MonkeyPatch object at 0x12a977f10>
tmp_path = PosixPath('/private/var/folders/_w/b3tthv192m77c760dbyzvk200000gn/T/pytest-of-peteromalley/pytest-6/test_supervisor_never_restarts0')

    def test_supervisor_never_restarts_when_canonical_liveness_is_unknown(
        monkeypatch: pytest.MonkeyPatch, tmp_path: Path
    ) -> None:
        runner = {
            "authority": "canonical_current_target",
            "exact_target": True,
            "mutation_permitted": False,
            "state": "unknown",
            "status": "unknown",
            "diagnostic_process_status": "dead",
        }
        monkeypatch.setenv("ARNOLD_AUTONOMY", "1")
        monkeypatch.setenv("ARNOLD_REPAIR_TRIGGER_ENABLED", "1")
        monkeypatch.setattr(
            "arnold_pipelines.megaplan.cloud.cli.cloud_chain_status_payload",
            lambda *_a, **_k: _supervisor_payload(runner),
        )
        monkeypatch.setattr(
            "arnold_pipelines.megaplan.cloud.cli._resolve_remote_chain_spec",
            lambda *_a, **_k: REMOTE_SPEC,
        )
        provider = _SupervisorProvider()
    
        report = cloud_supervise_tick(
            tmp_path,
            argparse.Namespace(session=SESSION),
            SimpleNamespace(provider="ssh", repo=SimpleNamespace(workspace=WORKSPACE)),
            provider,
        )
    
        assert report["acted"] is False
        assert report["next_action"] == "blocked"
>       assert "UNKNOWN" in report["refused_reason"]
E       AssertionError: assert 'UNKNOWN' in 'stale bookkeeping restart refused: canonical current-target liveness is not known'

tests/cloud/test_cloud_status_supervisor_authority.py:247: AssertionError
____________ test_horizon_a_admission_is_bound_to_exact_occurrence _____________

    def test_horizon_a_admission_is_bound_to_exact_occurrence():
        payload = _admission()
        ok, reason = validate_engine_runtime_repair_admission(
            payload, occurrence_fingerprint="sha256:occurrence"
        )
>       assert ok is True
E       assert False is True

tests/cloud/test_engine_runtime_repair_admission.py:47: AssertionError
_______________ test_manual_trigger_uses_simple_fixer_delegation _______________

tmp_path = PosixPath('/private/var/folders/_w/b3tthv192m77c760dbyzvk200000gn/T/pytest-of-peteromalley/pytest-6/test_manual_trigger_uses_simpl0')
monkeypatch = <_pytest.monkeypatch.MonkeyPatch object at 0x12ada5790>

    def test_manual_trigger_uses_simple_fixer_delegation(
        tmp_path: Path, monkeypatch: pytest.MonkeyPatch
    ) -> None:
        """T27: trigger_once delegates to simple_fixer instead of executing a subprocess.
    
        The delegation goes through RepairDelegation with caller_kind="operator_trigger".
        The result includes delegation_outcome and simple_fixer_outcome fields instead
        of managed_run_id/managed_manifest_path/trigger_returncode.
        """
        marker_dir, queue_root, target = _fixture(tmp_path)
        _authorized(monkeypatch)
    
>       result = manual_repair_trigger.trigger_once(
            session=SESSION,
            plan=PLAN,
            expected_history_index=15,
            expected_artifact_hash=ARTIFACT_HASH,
            marker_dir=marker_dir,
            queue_root=queue_root,
            target_resolver=lambda *_args, **_kwargs: target,
        )

tests/cloud/test_manual_repair_trigger.py:124: 
_ _ _ _ _ _ _ _ _ _ _ _ _ _ _ _ _ _ _ _ _ _ _ _ _ _ _ _ _ _ _ _ _ _ _ _ _ _ _ _ 

    def trigger_once(
        *,
        session: str,
        plan: str,
        expected_history_index: int,
        expected_artifact_hash: str,
        marker_dir: Path,
        queue_root: Path,
        repair_data_dir: Path | None = None,
        target_resolver: Callable[..., dict[str, Any]] = resolve_current_target,
    ) -> dict[str, Any]:
        """Validate, enqueue, and delegate one exact canonical repair request.
    
        Builds a typed ``RepairDelegation`` with ``caller_kind=\"operator_trigger\"``
        and delegates to the canonical ``simple_fixer`` through the repair
        delegation shim.  When an exact-occurrence identity cannot be
        constructed the function emits ``manual_repair_trigger_rejected``
        and preserves the append-only queue evidence receipt.
    
        Legacy subprocess dispatch and env-var override authority have been
        retired; all trigger paths now flow through the delegation shim.
        """
    
        session = _text(session)
        plan = _text(plan)
        artifact_hash = _text(expected_artifact_hash)
        if not session or not plan or expected_history_index < 0 or not artifact_hash:
            raise ManualRepairTriggerError(
                "session, plan, non-negative history index, and artifact hash are required"
            )
        if not feature_flags.mutation_authorized(feature_flags.MUTATION_PATH_L1):
>           raise ManualRepairTriggerError(
                "L1 mutation is not authorized; set invocation-scoped ARNOLD_AUTONOMY=1 and "
                "ARNOLD_REPAIR_TRIGGER_ENABLED=1"
            )
E           arnold_pipelines.megaplan.cloud.manual_repair_trigger.ManualRepairTriggerError: L1 mutation is not authorized; set invocation-scoped ARNOLD_AUTONOMY=1 and ARNOLD_REPAIR_TRIGGER_ENABLED=1

arnold_pipelines/megaplan/cloud/manual_repair_trigger.py:300: ManualRepairTriggerError
________________ test_manual_trigger_rejects_legacy_trigger_bin ________________

tmp_path = PosixPath('/private/var/folders/_w/b3tthv192m77c760dbyzvk200000gn/T/pytest-of-peteromalley/pytest-6/test_manual_trigger_rejects_le0')
monkeypatch = <_pytest.monkeypatch.MonkeyPatch object at 0x12b8b7ed0>

    def test_manual_trigger_rejects_legacy_trigger_bin(
        tmp_path: Path, monkeypatch: pytest.MonkeyPatch
    ) -> None:
        """T27: trigger_once no longer accepts trigger_bin or command_runner parameters.
    
        Passing trigger_bin or command_runner as keyword arguments raises TypeError
        because those parameters have been removed in favour of simple_fixer delegation.
        The ARNOLD_MANUAL_REPAIR_TRIGGER_BIN environment variable is also ignored.
        """
        marker_dir, queue_root, target = _fixture(tmp_path)
        _authorized(monkeypatch)
    
        # trigger_bin is no longer a valid parameter.
        with pytest.raises(TypeError, match="trigger_bin"):
            manual_repair_trigger.trigger_once(
                session=SESSION,
                plan=PLAN,
                expected_history_index=15,
                expected_artifact_hash=ARTIFACT_HASH,
                marker_dir=marker_dir,
                queue_root=queue_root,
                trigger_bin=Path("/usr/local/bin/legacy-trigger"),
                target_resolver=lambda *_args, **_kwargs: target,
            )
    
        # command_runner is no longer accepted.
        with pytest.raises(TypeError, match="command_runner"):
            manual_repair_trigger.trigger_once(
                session=SESSION,
                plan=PLAN,
                expected_history_index=15,
                expected_artifact_hash=ARTIFACT_HASH,
                marker_dir=marker_dir,
                queue_root=queue_root,
                target_resolver=lambda *_args, **_kwargs: target,
                command_runner=lambda *a, **kw: None,
            )
    
        # ARNOLD_MANUAL_REPAIR_TRIGGER_BIN is ignored — setting it has no effect
        # on a successful delegation dispatch.  Use a separate workspace so the
        # exclusive receipt does not collide with the one created by
        # test_manual_trigger_uses_simple_fixer_delegation.
        fresh = tmp_path / "fresh-workspace"
        fresh.mkdir()
        fresh_queue = fresh / ".megaplan" / "repair-queue"
        monkeypatch.setenv(
            "ARNOLD_MANUAL_REPAIR_TRIGGER_BIN",
            "/usr/local/bin/legacy-trigger",
        )
        # Build a new target pointing into the fresh workspace.
        fresh_workspace = fresh / "workspace"
        fresh_plan_dir = fresh_workspace / ".megaplan" / "plans" / PLAN
        fresh_plan_dir.mkdir(parents=True)
        state_path = fresh_plan_dir / "state.json"
        fresh_identity = _identity(fresh_workspace)
        state_path.write_text(
            json.dumps({
                "name": PLAN,
                "current_state": "blocked",
                "config": {"profile": "partnered-5"},
                "repair_identity": fresh_identity,
                "resume_cursor": {
                    "phase": "review",
                    "evidence_cursor": {
                        "history_index": 15,
                        "review_artifact_hash": ARTIFACT_HASH,
                    },
                },
                "latest_failure": {
                    "kind": "quality_gate_blocked",
                    "message": "review rework budget exhausted",
                    "phase": "review",
                    "suggested_action": "Dispatch one bounded automatic repair.",
                    "metadata": {
                        "repair_identity": fresh_identity,
                        "blocked_task_ids": ["T24"],
                        "evidence_cursor": {
                            "history_index": 15,
                            "review_artifact_hash": ARTIFACT_HASH,
                        },
                    },
                },
            }),
            encoding="utf-8",
        )
        fp = hashlib.sha256(state_path.read_bytes()).hexdigest()
        fresh_target = {
            "target_session": SESSION,
            "authoritative_source": "chain_state",
            "current_refs": {
                "current_plan_name": PLAN,
                "workspace": str(fresh_workspace),
                "remote_spec": str(fresh_workspace / "chain.yaml"),
                "run_kind": "chain",
            },
            "plan_state": {
                "path": str(state_path),
                "present": True,
                "name": PLAN,
                "current_state": "blocked",
                "fingerprint": fp,
            },
            "stale_evidence": [],
            "evidence_state": {"mutation_eligible": True},
        }
>       result = manual_repair_trigger.trigger_once(
            session=SESSION,
            plan=PLAN,
            expected_history_index=15,
            expected_artifact_hash=ARTIFACT_HASH,
            marker_dir=marker_dir,
            queue_root=fresh_queue,
            target_resolver=lambda *_args, **_kwargs: fresh_target,
        )

tests/cloud/test_manual_repair_trigger.py:294: 
_ _ _ _ _ _ _ _ _ _ _ _ _ _ _ _ _ _ _ _ _ _ _ _ _ _ _ _ _ _ _ _ _ _ _ _ _ _ _ _ 

    def trigger_once(
        *,
        session: str,
        plan: str,
        expected_history_index: int,
        expected_artifact_hash: str,
        marker_dir: Path,
        queue_root: Path,
        repair_data_dir: Path | None = None,
        target_resolver: Callable[..., dict[str, Any]] = resolve_current_target,
    ) -> dict[str, Any]:
        """Validate, enqueue, and delegate one exact canonical repair request.
    
        Builds a typed ``RepairDelegation`` with ``caller_kind=\"operator_trigger\"``
        and delegates to the canonical ``simple_fixer`` through the repair
        delegation shim.  When an exact-occurrence identity cannot be
        constructed the function emits ``manual_repair_trigger_rejected``
        and preserves the append-only queue evidence receipt.
    
        Legacy subprocess dispatch and env-var override authority have been
        retired; all trigger paths now flow through the delegation shim.
        """
    
        session = _text(session)
        plan = _text(plan)
        artifact_hash = _text(expected_artifact_hash)
        if not session or not plan or expected_history_index < 0 or not artifact_hash:
            raise ManualRepairTriggerError(
                "session, plan, non-negative history index, and artifact hash are required"
            )
        if not feature_flags.mutation_authorized(feature_flags.MUTATION_PATH_L1):
>           raise ManualRepairTriggerError(
                "L1 mutation is not authorized; set invocation-scoped ARNOLD_AUTONOMY=1 and "
                "ARNOLD_REPAIR_TRIGGER_ENABLED=1"
            )
E           arnold_pipelines.megaplan.cloud.manual_repair_trigger.ManualRepairTriggerError: L1 mutation is not authorized; set invocation-scoped ARNOLD_AUTONOMY=1 and ARNOLD_REPAIR_TRIGGER_ENABLED=1

arnold_pipelines/megaplan/cloud/manual_repair_trigger.py:300: ManualRepairTriggerError
______ test_manual_trigger_rejects_changed_evidence_before_queue_mutation ______

tmp_path = PosixPath('/private/var/folders/_w/b3tthv192m77c760dbyzvk200000gn/T/pytest-of-peteromalley/pytest-6/test_manual_trigger_rejects_ch0')
monkeypatch = <_pytest.monkeypatch.MonkeyPatch object at 0x12bc57c90>

    def test_manual_trigger_rejects_changed_evidence_before_queue_mutation(
        tmp_path: Path, monkeypatch: pytest.MonkeyPatch
    ) -> None:
        marker_dir, queue_root, target = _fixture(tmp_path)
        _authorized(monkeypatch)
    
        with pytest.raises(manual_repair_trigger.ManualRepairTriggerError, match="cursor"):
>           manual_repair_trigger.trigger_once(
                session=SESSION,
                plan=PLAN,
                expected_history_index=14,
                expected_artifact_hash=ARTIFACT_HASH,
                marker_dir=marker_dir,
                queue_root=queue_root,
                target_resolver=lambda *_args, **_kwargs: target,
            )

tests/cloud/test_manual_repair_trigger.py:315: 
_ _ _ _ _ _ _ _ _ _ _ _ _ _ _ _ _ _ _ _ _ _ _ _ _ _ _ _ _ _ _ _ _ _ _ _ _ _ _ _ 

    def trigger_once(
        *,
        session: str,
        plan: str,
        expected_history_index: int,
        expected_artifact_hash: str,
        marker_dir: Path,
        queue_root: Path,
        repair_data_dir: Path | None = None,
        target_resolver: Callable[..., dict[str, Any]] = resolve_current_target,
    ) -> dict[str, Any]:
        """Validate, enqueue, and delegate one exact canonical repair request.
    
        Builds a typed ``RepairDelegation`` with ``caller_kind=\"operator_trigger\"``
        and delegates to the canonical ``simple_fixer`` through the repair
        delegation shim.  When an exact-occurrence identity cannot be
        constructed the function emits ``manual_repair_trigger_rejected``
        and preserves the append-only queue evidence receipt.
    
        Legacy subprocess dispatch and env-var override authority have been
        retired; all trigger paths now flow through the delegation shim.
        """
    
        session = _text(session)
        plan = _text(plan)
        artifact_hash = _text(expected_artifact_hash)
        if not session or not plan or expected_history_index < 0 or not artifact_hash:
            raise ManualRepairTriggerError(
                "session, plan, non-negative history index, and artifact hash are required"
            )
        if not feature_flags.mutation_authorized(feature_flags.MUTATION_PATH_L1):
>           raise ManualRepairTriggerError(
                "L1 mutation is not authorized; set invocation-scoped ARNOLD_AUTONOMY=1 and "
                "ARNOLD_REPAIR_TRIGGER_ENABLED=1"
            )
E           arnold_pipelines.megaplan.cloud.manual_repair_trigger.ManualRepairTriggerError: L1 mutation is not authorized; set invocation-scoped ARNOLD_AUTONOMY=1 and ARNOLD_REPAIR_TRIGGER_ENABLED=1

arnold_pipelines/megaplan/cloud/manual_repair_trigger.py:300: ManualRepairTriggerError

During handling of the above exception, another exception occurred:

tmp_path = PosixPath('/private/var/folders/_w/b3tthv192m77c760dbyzvk200000gn/T/pytest-of-peteromalley/pytest-6/test_manual_trigger_rejects_ch0')
monkeypatch = <_pytest.monkeypatch.MonkeyPatch object at 0x12bc57c90>

    def test_manual_trigger_rejects_changed_evidence_before_queue_mutation(
        tmp_path: Path, monkeypatch: pytest.MonkeyPatch
    ) -> None:
        marker_dir, queue_root, target = _fixture(tmp_path)
        _authorized(monkeypatch)
    
>       with pytest.raises(manual_repair_trigger.ManualRepairTriggerError, match="cursor"):
E       AssertionError: Regex pattern did not match.
E         Expected regex: 'cursor'
E         Actual message: 'L1 mutation is not authorized; set invocation-scoped ARNOLD_AUTONOMY=1 and ARNOLD_REPAIR_TRIGGER_ENABLED=1'

tests/cloud/test_manual_repair_trigger.py:314: AssertionError
___ test_manual_trigger_derives_frozen_cursor_from_matching_terminal_history ___

tmp_path = PosixPath('/private/var/folders/_w/b3tthv192m77c760dbyzvk200000gn/T/pytest-of-peteromalley/pytest-6/test_manual_trigger_derives_fr0')
monkeypatch = <_pytest.monkeypatch.MonkeyPatch object at 0x12abaced0>

    def test_manual_trigger_derives_frozen_cursor_from_matching_terminal_history(
        tmp_path: Path, monkeypatch: pytest.MonkeyPatch
    ) -> None:
        marker_dir, queue_root, target = _fixture(tmp_path)
        _authorized(monkeypatch)
        state_path = Path(target["plan_state"]["path"])
        state = json.loads(state_path.read_text(encoding="utf-8"))
        state["resume_cursor"] = {"phase": "execute", "retry_strategy": "fresh_session"}
        state["latest_failure"] = {
            "kind": "execution_blocked",
            "message": "execute blocked by quality gates",
            "phase": "execute",
            "suggested_action": "Resume execute with a fresh session.",
            "metadata": {},
        }
        state["history"] = [
            {
                "step": "execute",
                "result": "blocked",
                "artifact_hash": ARTIFACT_HASH,
            }
        ]
        state_path.write_text(json.dumps(state), encoding="utf-8")
        target["plan_state"]["fingerprint"] = hashlib.sha256(state_path.read_bytes()).hexdigest()
    
>       result = manual_repair_trigger.trigger_once(
            session=SESSION,
            plan=PLAN,
            expected_history_index=0,
            expected_artifact_hash=ARTIFACT_HASH,
            marker_dir=marker_dir,
            queue_root=queue_root,
            target_resolver=lambda *_args, **_kwargs: target,
        )

tests/cloud/test_manual_repair_trigger.py:354: 
_ _ _ _ _ _ _ _ _ _ _ _ _ _ _ _ _ _ _ _ _ _ _ _ _ _ _ _ _ _ _ _ _ _ _ _ _ _ _ _ 

    def trigger_once(
        *,
        session: str,
        plan: str,
        expected_history_index: int,
        expected_artifact_hash: str,
        marker_dir: Path,
        queue_root: Path,
        repair_data_dir: Path | None = None,
        target_resolver: Callable[..., dict[str, Any]] = resolve_current_target,
    ) -> dict[str, Any]:
        """Validate, enqueue, and delegate one exact canonical repair request.
    
        Builds a typed ``RepairDelegation`` with ``caller_kind=\"operator_trigger\"``
        and delegates to the canonical ``simple_fixer`` through the repair
        delegation shim.  When an exact-occurrence identity cannot be
        constructed the function emits ``manual_repair_trigger_rejected``
        and preserves the append-only queue evidence receipt.
    
        Legacy subprocess dispatch and env-var override authority have been
        retired; all trigger paths now flow through the delegation shim.
        """
    
        session = _text(session)
        plan = _text(plan)
        artifact_hash = _text(expected_artifact_hash)
        if not session or not plan or expected_history_index < 0 or not artifact_hash:
            raise ManualRepairTriggerError(
                "session, plan, non-negative history index, and artifact hash are required"
            )
        if not feature_flags.mutation_authorized(feature_flags.MUTATION_PATH_L1):
>           raise ManualRepairTriggerError(
                "L1 mutation is not authorized; set invocation-scoped ARNOLD_AUTONOMY=1 and "
                "ARNOLD_REPAIR_TRIGGER_ENABLED=1"
            )
E           arnold_pipelines.megaplan.cloud.manual_repair_trigger.ManualRepairTriggerError: L1 mutation is not authorized; set invocation-scoped ARNOLD_AUTONOMY=1 and ARNOLD_REPAIR_TRIGGER_ENABLED=1

arnold_pipelines/megaplan/cloud/manual_repair_trigger.py:300: ManualRepairTriggerError
_____ test_manual_trigger_rejects_terminal_history_from_a_different_phase ______

tmp_path = PosixPath('/private/var/folders/_w/b3tthv192m77c760dbyzvk200000gn/T/pytest-of-peteromalley/pytest-6/test_manual_trigger_rejects_te0')
monkeypatch = <_pytest.monkeypatch.MonkeyPatch object at 0x12b8b6250>

    def test_manual_trigger_rejects_terminal_history_from_a_different_phase(
        tmp_path: Path, monkeypatch: pytest.MonkeyPatch
    ) -> None:
        marker_dir, queue_root, target = _fixture(tmp_path)
        _authorized(monkeypatch)
        state_path = Path(target["plan_state"]["path"])
        state = json.loads(state_path.read_text(encoding="utf-8"))
        state["resume_cursor"] = {"phase": "execute", "retry_strategy": "fresh_session"}
        state["latest_failure"] = {
            "kind": "execution_blocked",
            "message": "execute blocked by quality gates",
            "phase": "execute",
            "metadata": {},
        }
        state["history"] = [
            {
                "step": "review",
                "result": "blocked",
                "artifact_hash": ARTIFACT_HASH,
            }
        ]
        state_path.write_text(json.dumps(state), encoding="utf-8")
        target["plan_state"]["fingerprint"] = hashlib.sha256(state_path.read_bytes()).hexdigest()
    
        with pytest.raises(manual_repair_trigger.ManualRepairTriggerError, match="cursor"):
>           manual_repair_trigger.trigger_once(
                session=SESSION,
                plan=PLAN,
                expected_history_index=0,
                expected_artifact_hash=ARTIFACT_HASH,
                marker_dir=marker_dir,
                queue_root=queue_root,
                target_resolver=lambda *_args, **_kwargs: target,
            )

tests/cloud/test_manual_repair_trigger.py:401: 
_ _ _ _ _ _ _ _ _ _ _ _ _ _ _ _ _ _ _ _ _ _ _ _ _ _ _ _ _ _ _ _ _ _ _ _ _ _ _ _ 

    def trigger_once(
        *,
        session: str,
        plan: str,
        expected_history_index: int,
        expected_artifact_hash: str,
        marker_dir: Path,
        queue_root: Path,
        repair_data_dir: Path | None = None,
        target_resolver: Callable[..., dict[str, Any]] = resolve_current_target,
    ) -> dict[str, Any]:
        """Validate, enqueue, and delegate one exact canonical repair request.
    
        Builds a typed ``RepairDelegation`` with ``caller_kind=\"operator_trigger\"``
        and delegates to the canonical ``simple_fixer`` through the repair
        delegation shim.  When an exact-occurrence identity cannot be
        constructed the function emits ``manual_repair_trigger_rejected``
        and preserves the append-only queue evidence receipt.
    
        Legacy subprocess dispatch and env-var override authority have been
        retired; all trigger paths now flow through the delegation shim.
        """
    
        session = _text(session)
        plan = _text(plan)
        artifact_hash = _text(expected_artifact_hash)
        if not session or not plan or expected_history_index < 0 or not artifact_hash:
            raise ManualRepairTriggerError(
                "session, plan, non-negative history index, and artifact hash are required"
            )
        if not feature_flags.mutation_authorized(feature_flags.MUTATION_PATH_L1):
>           raise ManualRepairTriggerError(
                "L1 mutation is not authorized; set invocation-scoped ARNOLD_AUTONOMY=1 and "
                "ARNOLD_REPAIR_TRIGGER_ENABLED=1"
            )
E           arnold_pipelines.megaplan.cloud.manual_repair_trigger.ManualRepairTriggerError: L1 mutation is not authorized; set invocation-scoped ARNOLD_AUTONOMY=1 and ARNOLD_REPAIR_TRIGGER_ENABLED=1

arnold_pipelines/megaplan/cloud/manual_repair_trigger.py:300: ManualRepairTriggerError

During handling of the above exception, another exception occurred:

tmp_path = PosixPath('/private/var/folders/_w/b3tthv192m77c760dbyzvk200000gn/T/pytest-of-peteromalley/pytest-6/test_manual_trigger_rejects_te0')
monkeypatch = <_pytest.monkeypatch.MonkeyPatch object at 0x12b8b6250>

    def test_manual_trigger_rejects_terminal_history_from_a_different_phase(
        tmp_path: Path, monkeypatch: pytest.MonkeyPatch
    ) -> None:
        marker_dir, queue_root, target = _fixture(tmp_path)
        _authorized(monkeypatch)
        state_path = Path(target["plan_state"]["path"])
        state = json.loads(state_path.read_text(encoding="utf-8"))
        state["resume_cursor"] = {"phase": "execute", "retry_strategy": "fresh_session"}
        state["latest_failure"] = {
            "kind": "execution_blocked",
            "message": "execute blocked by quality gates",
            "phase": "execute",
            "metadata": {},
        }
        state["history"] = [
            {
                "step": "review",
                "result": "blocked",
                "artifact_hash": ARTIFACT_HASH,
            }
        ]
        state_path.write_text(json.dumps(state), encoding="utf-8")
        target["plan_state"]["fingerprint"] = hashlib.sha256(state_path.read_bytes()).hexdigest()
    
>       with pytest.raises(manual_repair_trigger.ManualRepairTriggerError, match="cursor"):
E       AssertionError: Regex pattern did not match.
E         Expected regex: 'cursor'
E         Actual message: 'L1 mutation is not authorized; set invocation-scoped ARNOLD_AUTONOMY=1 and ARNOLD_REPAIR_TRIGGER_ENABLED=1'

tests/cloud/test_manual_repair_trigger.py:400: AssertionError
_ test_false_success_without_live_canonical_runner_escalates_with_transcript_refs _

tmp_path = PosixPath('/private/var/folders/_w/b3tthv192m77c760dbyzvk200000gn/T/pytest-of-peteromalley/pytest-6/test_false_success_without_liv0')

    def test_false_success_without_live_canonical_runner_escalates_with_transcript_refs(
        tmp_path: Path,
    ) -> None:
        goal_path, _, _, _ = _recovery_fixture(tmp_path)
    
        result = evaluate_repair_goal(goal_path, action="fixer-terminalization")
    
        assert result["status"] == GOAL_ACTIVE
        assert result["semantic_completion"] is False
>       assert result["evaluation"]["control_action"] == "meta_repair"
E       AssertionError: assert 'observe' == 'meta_repair'
E         
E         - meta_repair
E         + observe

tests/cloud/test_post_fixer_recovery_gate.py:131: AssertionError
________ test_bounded_followup_without_continued_progress_fails_closed _________

tmp_path = PosixPath('/private/var/folders/_w/b3tthv192m77c760dbyzvk200000gn/T/pytest-of-peteromalley/pytest-6/test_bounded_followup_without_0')
monkeypatch = <_pytest.monkeypatch.MonkeyPatch object at 0x12ac8aad0>

    def test_bounded_followup_without_continued_progress_fails_closed(
        tmp_path: Path, monkeypatch
    ) -> None:
        monkeypatch.setenv("MEGAPLAN_REPAIR_RECOVERY_FOLLOWUP_SECONDS", "0")
        monkeypatch.setattr(
            "arnold_pipelines.megaplan.cloud.repair_goal._canonical_runner_live",
            lambda _observation: True,
        )
        goal_path, _, _, _ = _recovery_fixture(tmp_path)
    
        candidate = evaluate_repair_goal(goal_path, action="fixer-terminalization")
        followup = evaluate_repair_goal(goal_path, action="bounded-followup")
    
        assert candidate["evaluation"]["control_action"] == "observe_recovery"
        assert followup["status"] == GOAL_ACTIVE
>       assert followup["evaluation"]["control_action"] == "meta_repair"
E       AssertionError: assert 'observe' == 'meta_repair'
E         
E         - meta_repair
E         + observe

tests/cloud/test_post_fixer_recovery_gate.py:194: AssertionError
_ test_exhausted_deterministic_quality_dispatches_one_bounded_repair_without_human _

tmp_path = PosixPath('/private/var/folders/_w/b3tthv192m77c760dbyzvk200000gn/T/pytest-of-peteromalley/pytest-6/test_exhausted_deterministic_q0')

    def test_exhausted_deterministic_quality_dispatches_one_bounded_repair_without_human(
        tmp_path: Path,
    ) -> None:
        workspace = tmp_path / "workspace"
        queue_root = workspace / ".megaplan" / "repair-queue"
        state = _quality_state()
        target = _target(state)
        _enqueue_quality(queue_root, target)
    
        custody = project_repair_custody(
            plan_state=state,
            current_target=target,
            queue_root=queue_root,
        )
        decision = classify_repair_dispatch(
            plan_state=state,
            current_target=target,
            custody_projection=custody,
        )
    
        assert state["latest_failure"]["kind"] == "quality_gate_blocked"  # type: ignore[index]
>       assert decision.decision == DISPATCH_DECISION_L1
E       AssertionError: assert 'human_required' == 'dispatch_l1_repair'
E         
E         - dispatch_l1_repair
E         + human_required

tests/cloud/test_recovery_decision_systemic.py:132: AssertionError
___ test_status_watchdog_and_custody_share_cursor_counts_and_unclaimed_retry ___

tmp_path = PosixPath('/private/var/folders/_w/b3tthv192m77c760dbyzvk200000gn/T/pytest-of-peteromalley/pytest-6/test_status_watchdog_and_custo0')

    def test_status_watchdog_and_custody_share_cursor_counts_and_unclaimed_retry(
        tmp_path: Path,
    ) -> None:
        workspace = tmp_path / "workspace"
        queue_root = workspace / ".megaplan" / "repair-queue"
        repair_data = tmp_path / "repair-data"
        repair_data.mkdir()
    
        for suffix in ("1", "2"):
            state = _quality_state(f"sha256:review-{suffix}")
            target = _target(state, cursor=f"sha256:cursor-{suffix}")
            _enqueue_quality(queue_root, target)
            custody = project_repair_custody(
                plan_state=state,
                current_target=target,
                queue_root=queue_root,
                repair_data_dir=repair_data,
            )
            watchdog = classify_repair_dispatch(
                plan_state=state,
                current_target=target,
                custody_projection=custody,
            )
            status = _compose_repair_decision_projection(
                workspace=workspace,
                repair_data_dir=repair_data,
                plan_state=state,
                current_target=target,
            )
            status_dispatch = status["repair_dispatch"]
            status_custody = status["repair_custody"]
>           assert status_dispatch["decision"] == watchdog.decision == DISPATCH_DECISION_L1
E           AssertionError: assert 'broken_superfixer' == 'human_required'
E             
E             - human_required
E             + broken_superfixer

tests/cloud/test_recovery_decision_systemic.py:266: AssertionError
___ test_stale_marker_cannot_override_newer_authoritative_recovery_evidence ____

    def test_stale_marker_cannot_override_newer_authoritative_recovery_evidence() -> None:
        marker = {"recorded_at": "2026-07-11T21:44:00+00:00", "summary": "old"}
        state = _quality_state()
        state["latest_failure"]["recorded_at"] = "2026-07-11T21:45:00+00:00"  # type: ignore[index]
    
>       assert _needs_human_superseded_by_authoritative_recovery(
            needs_human=marker,
            plan_state=state,
        )
E       AssertionError: assert False
E        +  where False = _needs_human_superseded_by_authoritative_recovery(needs_human={'recorded_at': '2026-07-11T21:44:00+00:00', 'summary': 'old'}, plan_state={'current_state': 'blocked', 'history': [{'result': 'needs_rework', 'step': 'review'}, {'result': 'needs_rework', 'ste...9d5e2730b1b9cabb9ef603ca9e9c7a12323c977a11a95347b649b14be7ac', 'kind': 'quality_gate_blocked', ...}, 'name': 'c1', ...})

tests/cloud/test_recovery_decision_systemic.py:302: AssertionError
_ test_watchdog_pr_reconciliation_fetches_missing_merge_and_relaunches_auto_chain _

tmp_path = PosixPath('/private/var/folders/_w/b3tthv192m77c760dbyzvk200000gn/T/pytest-of-peteromalley/pytest-6/test_watchdog_pr_reconciliatio0')

    def test_watchdog_pr_reconciliation_fetches_missing_merge_and_relaunches_auto_chain(
        tmp_path: Path,
    ) -> None:
        workspace, _origin, merge_sha = _setup_merged_pr_workspace(tmp_path)
        marker_dir = tmp_path / "markers"
        repair_dir = tmp_path / "repair-data"
        marker_dir.mkdir()
        repair_dir.mkdir()
    
        spec_path = workspace / ".megaplan" / "initiatives" / "demo-chain" / "chain.yaml"
        spec_path.parent.mkdir(parents=True)
        spec_path.write_text("merge_policy: auto\n", encoding="utf-8")
    
        chain_path = workspace / ".megaplan" / "plans" / ".chains" / "demo-chain.json"
        _write_chain_state(
            chain_path,
            {"last_state": "awaiting_pr_merge", "pr_number": 42, "pr_state": "open"},
        )
        needs_human = repair_dir / "demo-session.needs-human.json"
        needs_human.write_text(json.dumps({"summary": "stale open PR marker"}) + "\n", encoding="utf-8")
    
        advance_script = tmp_path / "advance_chain.py"
        advance_script.write_text(
            "from __future__ import annotations\n"
            "import json\n"
            "import subprocess\n"
            "import sys\n"
            "from pathlib import Path\n"
            "\n"
            "workspace = Path(sys.argv[1])\n"
            "merge_sha = sys.argv[2]\n"
            "chain_path = Path(sys.argv[3])\n"
            "advanced_flag = Path(sys.argv[4])\n"
            "check = subprocess.run(\n"
            "    ['git', 'cat-file', '-e', f'{merge_sha}^{{commit}}'],\n"
            "    cwd=workspace,\n"
            "    capture_output=True,\n"
            "    text=True,\n"
            "    check=False,\n"
            ")\n"
            "if check.returncode != 0:\n"
            "    raise SystemExit(check.stderr or check.stdout or 'missing merge commit')\n"
            "payload = json.loads(chain_path.read_text(encoding='utf-8'))\n"
            "payload['last_state'] = 'done'\n"
            "payload['pr_state'] = 'merged'\n"
            "payload['advanced_by'] = 'watchdog-test'\n"
            "chain_path.write_text(json.dumps(payload, sort_keys=True) + '\\n', encoding='utf-8')\n"
            "advanced_flag.write_text('advanced\\n', encoding='utf-8')\n",
            encoding="utf-8",
        )
    
        gh_path = tmp_path / "gh"
        gh_path.write_text(
            "#!/usr/bin/env bash\n"
            "if [[ \"$1 $2 $3\" == \"pr view 42\" ]]; then\n"
            f"  printf '%s\\n' '{json.dumps({'state': 'MERGED', 'mergeCommit': {'oid': merge_sha}})}'\n"
            "  exit 0\n"
            "fi\n"
            "exit 1\n",
            encoding="utf-8",
        )
        gh_path.chmod(gh_path.stat().st_mode | stat.S_IXUSR)
    
        report_path = tmp_path / "report.tsv"
        call_log = tmp_path / "calls.log"
        launch_script = tmp_path / "launch.sh"
        advanced_flag = tmp_path / "advanced.flag"
        script = "\n\n".join(
            [
                _extract_wrapper_function("json_field"),
                _extract_wrapper_function("safe_name"),
                _extract_wrapper_function("reconcile_awaiting_pr_merge"),
                _extract_wrapper_function("launch_chain_tick"),
                f"WRAPPER_REPO_ROOT={str(REPO_ROOT)!r}",
                f"SRC_DIR={str(REPO_ROOT)!r}",
                f"MARKER_DIR={str(marker_dir)!r}",
                f"REPAIR_DATA_DIR={str(repair_dir)!r}",
                f"CALL_LOG={str(call_log)!r}",
                f"LAUNCH_SCRIPT={str(launch_script)!r}",
                f"ADVANCE_SCRIPT={str(advance_script)!r}",
                f"MERGE_SHA={merge_sha!r}",
                f"CHAIN_PATH={str(chain_path)!r}",
                f"ADVANCED_FLAG={str(advanced_flag)!r}",
                f"SUPERVISE_BIN={str(WRAPPER_DIR / 'arnold-supervise')!r}",
                """
    log() { printf '%s\n' "$*" >> "$CALL_LOG"; }
    report_item() { printf '%s\t%s\t%s\t%s\t%s\t%s\t%s\n' "$2" "$3" "$4" "$5" "$6" "$7" >> "$1"; }
    session_health_status() { echo awaiting_pr_merge; }
    chain_health_status() { CHAIN_HEALTH_STATUS=ok; }
    plan_terminal_status() { echo none; }
    plan_attention_status_env() { :; }
    repair_needs_human_path() { printf '%s/%s.needs-human.json\n' "$REPAIR_DATA_DIR" "$1"; }
    workspace_has_other_alive_session() { return 1; }
    repair_loop_busy_state() { echo none; }
    mechanical_relaunch_attempted_previously() { return 1; }
    kimi_dispatch_failed_previously() { return 1; }
    dispatch_kimi_repair() { return 1; }
    kimi_dispatch_marker_clear() { :; }
    kimi_dispatch_marker_set() { :; }
    ensure_install_or_repair() { return 0; }
    resolve_relaunch_command() {
      echo "python3 '$ADVANCE_SCRIPT' '$2' '$MERGE_SHA' '$CHAIN_PATH' '$ADVANCED_FLAG'"
    }
    mktemp() { printf '%s\n' "$LAUNCH_SCRIPT"; }
    chmod() { :; }
    tmux() {
      printf 'tmux %s\n' "$*" >> "$CALL_LOG"
      case "$1" in
        has-session) return 1 ;;
        kill-session) return 0 ;;
        new-session)
          sed "s|/usr/local/bin/arnold-supervise|$SUPERVISE_BIN|" \
            "$LAUNCH_SCRIPT" > "$LAUNCH_SCRIPT.packaged"
          mv "$LAUNCH_SCRIPT.packaged" "$LAUNCH_SCRIPT"
          bash "$LAUNCH_SCRIPT"
          return $?
          ;;
      esac
      return 0
    }
    """.strip(),
                f"launch_chain_tick demo-session {str(workspace)!r} {str(spec_path)!r} {str(report_path)!r} chain '' ''",
            ]
        )
    
        result = _run_watchdog_shell(
            script,
            path_prefix=tmp_path,
            extra_env={
                "ARNOLD_AUTONOMY": "1",
                "ARNOLD_REPAIR_TRIGGER_ENABLED": "1",
                "ARNOLD_SUPERVISE_LOG": str(tmp_path / "supervise.log"),
                "ARNOLD_REPAIR_RUNTIME_SRC": str(REPO_ROOT),
            },
        )
    
>       assert result.returncode == 0, result.stderr
E       AssertionError: bash: -c: line 487: syntax error: unexpected end of file
E         
E       assert 2 == 0
E        +  where 2 = CompletedProcess(args=['bash', '-c', 'json_field() {\n  local marker="$1"\n  local field="$2"\n  python3 - "$marker" "....tsv\' chain \'\' \'\''], returncode=2, stdout='', stderr='bash: -c: line 487: syntax error: unexpected end of file\n').returncode

tests/cloud/test_watchdog_pr_reconciliation.py:266: AssertionError
_ test_watchdog_pr_reconciliation_open_pr_queues_repair_evidence_without_relaunch _

tmp_path = PosixPath('/private/var/folders/_w/b3tthv192m77c760dbyzvk200000gn/T/pytest-of-peteromalley/pytest-6/test_watchdog_pr_reconciliatio1')
monkeypatch = <_pytest.monkeypatch.MonkeyPatch object at 0x175da8b10>

    def test_watchdog_pr_reconciliation_open_pr_queues_repair_evidence_without_relaunch(
        tmp_path: Path,
        monkeypatch,
    ) -> None:
        monkeypatch.setenv("ARNOLD_REPAIR_REQUEST_QUEUE", "1")
        workspace = tmp_path / "workspace"
        workspace.mkdir()
        marker_dir = tmp_path / "markers"
        repair_dir = tmp_path / "repair-data"
        marker_dir.mkdir()
        repair_dir.mkdir()
    
        spec_path = workspace / ".megaplan" / "initiatives" / "demo-chain" / "chain.yaml"
        spec_path.parent.mkdir(parents=True)
        spec_path.write_text("merge_policy: auto\n", encoding="utf-8")
        chain_path = workspace / ".megaplan" / "plans" / ".chains" / "demo-chain.json"
        _write_chain_state(
            chain_path,
            {"last_state": "awaiting_pr_merge", "pr_number": 43, "pr_state": "open"},
        )
    
        gh_path = tmp_path / "gh"
        gh_path.write_text(
            "#!/usr/bin/env bash\n"
            "if [[ \"$1 $2 $3\" == \"pr view 43\" ]]; then\n"
            "  printf '%s\\n' '{\"state\":\"OPEN\"}'\n"
            "  exit 0\n"
            "fi\n"
            "exit 1\n",
            encoding="utf-8",
        )
        gh_path.chmod(gh_path.stat().st_mode | stat.S_IXUSR)
    
        report_path = tmp_path / "report.tsv"
        call_log = tmp_path / "calls.log"
        script = "\n\n".join(
            [
                _extract_wrapper_function("reconcile_awaiting_pr_merge"),
                _extract_wrapper_function("launch_chain_tick"),
                f"WRAPPER_REPO_ROOT={str(REPO_ROOT)!r}",
                f"SRC_DIR={str(REPO_ROOT)!r}",
                f"MARKER_DIR={str(marker_dir)!r}",
                f"REPAIR_DATA_DIR={str(repair_dir)!r}",
                f"CALL_LOG={str(call_log)!r}",
                """
    log() { printf '%s\n' "$*" >> "$CALL_LOG"; }
    report_item() { printf '%s\t%s\t%s\t%s\t%s\t%s\t%s\n' "$2" "$3" "$4" "$5" "$6" "$7" >> "$1"; }
    session_health_status() { echo awaiting_pr_merge; }
    chain_health_status() { CHAIN_HEALTH_STATUS=ok; }
    repair_needs_human_path() { printf '%s/%s.needs-human.json\n' "$REPAIR_DATA_DIR" "$1"; }
    tmux() { printf 'tmux %s\n' "$*" >> "$CALL_LOG"; return 0; }
    """.strip(),
                f"launch_chain_tick demo-session {str(workspace)!r} {str(spec_path)!r} {str(report_path)!r} chain '' ''",
            ]
        )
    
        result = _run_watchdog_shell(script, path_prefix=tmp_path)
    
>       assert result.returncode == 0, result.stderr
E       AssertionError: bash: -c: line 421: syntax error: unexpected end of file
E         
E       assert 2 == 0
E        +  where 2 = CompletedProcess(args=['bash', '-c', 'reconcile_awaiting_pr_merge() {\n  local session="$1" workspace="$2" remote_spec....tsv\' chain \'\' \'\''], returncode=2, stdout='', stderr='bash: -c: line 421: syntax error: unexpected end of file\n').returncode

tests/cloud/test_watchdog_pr_reconciliation.py:347: AssertionError
_ test_watchdog_pr_reconciliation_preserves_existing_repair_evidence_when_still_waiting _

tmp_path = PosixPath('/private/var/folders/_w/b3tthv192m77c760dbyzvk200000gn/T/pytest-of-peteromalley/pytest-6/test_watchdog_pr_reconciliatio2')
monkeypatch = <_pytest.monkeypatch.MonkeyPatch object at 0x175d34450>

    def test_watchdog_pr_reconciliation_preserves_existing_repair_evidence_when_still_waiting(
        tmp_path: Path,
        monkeypatch,
    ) -> None:
        monkeypatch.setenv("ARNOLD_REPAIR_REQUEST_QUEUE", "0")
        workspace = tmp_path / "workspace"
        workspace.mkdir()
        marker_dir = tmp_path / "markers"
        repair_dir = tmp_path / "repair-data"
        marker_dir.mkdir()
        repair_dir.mkdir()
    
        spec_path = workspace / ".megaplan" / "initiatives" / "demo-chain" / "chain.yaml"
        spec_path.parent.mkdir(parents=True)
        spec_path.write_text("merge_policy: auto\n", encoding="utf-8")
        chain_path = workspace / ".megaplan" / "plans" / ".chains" / "demo-chain.json"
        _write_chain_state(
            chain_path,
            {"last_state": "awaiting_pr_merge", "pr_number": 44, "pr_state": "open"},
        )
        needs_human = repair_dir / "demo-session.needs-human.json"
        needs_human.write_text(json.dumps({"summary": "existing blocked repair evidence"}) + "\n", encoding="utf-8")
    
        gh_path = tmp_path / "gh"
        gh_path.write_text(
            "#!/usr/bin/env bash\n"
            "if [[ \"$1 $2 $3\" == \"pr view 44\" ]]; then\n"
            "  printf '%s\\n' '{\"state\":\"OPEN\"}'\n"
            "  exit 0\n"
            "fi\n"
            "exit 1\n",
            encoding="utf-8",
        )
        gh_path.chmod(gh_path.stat().st_mode | stat.S_IXUSR)
    
        report_path = tmp_path / "report.tsv"
        call_log = tmp_path / "calls.log"
        script = "\n\n".join(
            [
                _extract_wrapper_function("reconcile_awaiting_pr_merge"),
                _extract_wrapper_function("launch_chain_tick"),
                f"WRAPPER_REPO_ROOT={str(REPO_ROOT)!r}",
                f"SRC_DIR={str(REPO_ROOT)!r}",
                f"MARKER_DIR={str(marker_dir)!r}",
                f"REPAIR_DATA_DIR={str(repair_dir)!r}",
                f"CALL_LOG={str(call_log)!r}",
                """
    log() { printf '%s\n' "$*" >> "$CALL_LOG"; }
    report_item() { printf '%s\t%s\t%s\t%s\t%s\t%s\t%s\n' "$2" "$3" "$4" "$5" "$6" "$7" >> "$1"; }
    session_health_status() { echo awaiting_pr_merge; }
    chain_health_status() { CHAIN_HEALTH_STATUS=ok; }
    repair_needs_human_path() { printf '%s/%s.needs-human.json\n' "$REPAIR_DATA_DIR" "$1"; }
    tmux() { printf 'tmux %s\n' "$*" >> "$CALL_LOG"; return 0; }
    """.strip(),
                f"launch_chain_tick demo-session {str(workspace)!r} {str(spec_path)!r} {str(report_path)!r} chain '' ''",
            ]
        )
    
        result = _run_watchdog_shell(script, path_prefix=tmp_path)
    
>       assert result.returncode == 0, result.stderr
E       AssertionError: bash: -c: line 421: syntax error: unexpected end of file
E         
E       assert 2 == 0
E        +  where 2 = CompletedProcess(args=['bash', '-c', 'reconcile_awaiting_pr_merge() {\n  local session="$1" workspace="$2" remote_spec....tsv\' chain \'\' \'\''], returncode=2, stdout='', stderr='bash: -c: line 421: syntax error: unexpected end of file\n').returncode

tests/cloud/test_watchdog_pr_reconciliation.py:420: AssertionError
_ test_long_running_superfixer_wrappers_pin_syntax_checked_source_snapshot[arnold-watchdog-ARNOLD_WATCHDOG] _

wrapper_name = 'arnold-watchdog', prefix = 'ARNOLD_WATCHDOG'

    @pytest.mark.parametrize(
        ("wrapper_name", "prefix"),
        [
            ("arnold-watchdog", "ARNOLD_WATCHDOG"),
            ("arnold-progress-auditor", "ARNOLD_PROGRESS_AUDITOR"),
        ],
    )
    def test_long_running_superfixer_wrappers_pin_syntax_checked_source_snapshot(
        wrapper_name: str, prefix: str
    ) -> None:
        text = _wrapper(wrapper_name)
    
        assert f'{prefix}_ORIGIN="$' in text
        assert f'${{{prefix}_SNAPSHOT_ACTIVE:-0}}' in text
        assert "mktemp" in text
        assert "bash -n" in text
        assert f"export {prefix}_SNAPSHOT_ACTIVE=1" in text
        if wrapper_name == "arnold-progress-auditor":
            assert f'{prefix}_SNAPSHOT_PATH="$progress_auditor_current"' in text
        else:
            assert f'{prefix}_SNAPSHOT_PATH="${{BASH_SOURCE[0]:-$0}}"' in text
        if wrapper_name == "arnold-watchdog":
            # Watchdog execs the checked snapshot immediately, then derives the
            # cleanup path from BASH_SOURCE inside that immutable child.
            assert 'exec bash "$watchdog_snapshot" "$@"' in text
            assert f'export {prefix}_SNAPSHOT_PATH="$' not in text
        else:
            # The other wrappers carry the snapshot path through their re-exec
            # envelope and verify that the child really runs from that path.
            assert f'"${{{prefix}_SNAPSHOT_PATH:-}}"' in text
            assert f'export {prefix}_SNAPSHOT_PATH="$' in text
        if wrapper_name == "arnold-progress-auditor":
            assert f'register_progress_auditor_cleanup "${prefix}_SNAPSHOT_PATH"' in text
            assert "trap 'cleanup_progress_auditor' EXIT" in text
        else:
>           assert f'trap \'rm -f -- "${prefix}_SNAPSHOT_PATH"\' EXIT' in text
E           assert 'trap \'rm -f -- "$ARNOLD_WATCHDOG_SNAPSHOT_PATH"\' EXIT' in '#!/usr/bin/env bash\nset -uo pipefail\n\n# The resident watchdog can outlive multiple source activations.  Bash parse... scan_once\n  scan_rc=$?\n  if [[ "$ONCE" == "--once" ]]; then\n    exit "$scan_rc"\n  fi\n  sleep "$INTERVAL"\ndone\n'

tests/cloud/test_watchdog_wrappers.py:252: AssertionError
_ test_host_watchdog_ensure_starts_shell_wrapped_watchdog_and_verifies_liveness _

    def test_host_watchdog_ensure_starts_shell_wrapped_watchdog_and_verifies_liveness() -> None:
        text = _systemd_file("ensure-megaplan-watchdog")
    
>       assert "tmux new-session -d -s watchdog -c /workspace" in text
E       assert 'tmux new-session -d -s watchdog -c /workspace' in '#!/usr/bin/env bash\n# Ensure the megaplan watchdog is alive in the resident-only container.\n# Rewritten 2026-08-17 ...AINER procs=${watchdog_procs}"\n  exit 0\nfi\n\nlog "watchdog_restart_failed_not_alive container=$CONTAINER"\nexit 1\n'

tests/cloud/test_watchdog_wrappers.py:663: AssertionError
_ test_watchdog_kimi_operator_running_falls_back_to_pgid_pidfile_and_clear_removes_it _

tmp_path = PosixPath('/private/var/folders/_w/b3tthv192m77c760dbyzvk200000gn/T/pytest-of-peteromalley/pytest-6/test_watchdog_kimi_operator_ru0')

    def test_watchdog_kimi_operator_running_falls_back_to_pgid_pidfile_and_clear_removes_it(
        tmp_path: Path,
    ) -> None:
        marker_dir = tmp_path / "markers"
        marker_dir.mkdir()
        session = "demo-session"
        pgid_path = marker_dir / f"{session}.kimi-pgid"
        marker_path = marker_dir / f"{session}.kimi-dispatch"
        pgid_path.write_text("4242\n", encoding="utf-8")
        marker_path.write_text("2026-06-28T00:00:00Z\n", encoding="utf-8")
    
        script = "\n\n".join(
            [
                _extract_wrapper_function("kimi_dispatch_marker_path"),
                _extract_wrapper_function("kimi_pgid_path"),
                _extract_wrapper_function("kimi_dispatch_marker_clear"),
                _extract_wrapper_function("kimi_operator_running"),
                f"""
    MARKER_DIR={str(marker_dir)!r}
    pgrep() {{
      return 1
    }}
    kill() {{
      if [[ "$#" -eq 3 && "$1" == "-0" && "$2" == "--" && "$3" == "-4242" ]]; then
        return 0
      fi
      return 1
    }}
    ps() {{
      cat <<'EOF'
     4242 python3 -m arnold.agent.run_agent --goal repair
    EOF
    }}
    if kimi_operator_running {session!r}; then
      echo running
    else
      echo stopped
    fi
    kimi_dispatch_marker_clear {session!r}
    if [[ ! -e {str(pgid_path)!r} && ! -e {str(marker_path)!r} ]]; then
      echo cleared
    fi
    """.strip(),
            ]
        )
        result = subprocess.run(
            ["bash", "-lc", script],
            capture_output=True,
            text=True,
            check=False,
        )
        assert result.returncode == 0, result.stderr
>       assert result.stdout.strip().splitlines() == ["running", "cleared"]
E       AssertionError: assert ['running'] == ['running', 'cleared']
E         
E         Right contains one more item: 'cleared'
E         
E         Full diff:
E           [
E               'running',
E         -     'cleared',
E           ]

tests/cloud/test_watchdog_wrappers.py:1107: AssertionError
_ test_launch_chain_tick_emits_incident_detection_outcomes[stale-\nsession_health_status() { echo stale; }\nplan_phase_health_status() { echo ok; }\nplan_progress_stall_status() { echo ok; }\nchain_health_status() {\n  CHAIN_HEALTH_STATUS=ok\n  CHAIN_HEALTH_SUMMARY=\n  CHAIN_HEALTH_ARTIFACT_PATH=\n  CHAIN_HEALTH_LOG_MESSAGE=\n}\nrepair_unhealthy_session() { return 0; }\ndispatch_kimi_repair() { REPAIR_DISPATCH_RESULT=dispatched; return 0; }\nmechanical_relaunch_attempted_previously() { return 1; }\nkimi_dispatch_failed_previously() { return 1; }\nkimi_dispatch_marker_set() { :; }\nkimi_dispatch_marker_clear() { :; }\n-stale] _

tmp_path = PosixPath('/private/var/folders/_w/b3tthv192m77c760dbyzvk200000gn/T/pytest-of-peteromalley/pytest-6/test_launch_chain_tick_emits_i0')
case_name = 'stale'
script_body = '\nsession_health_status() { echo stale; }\nplan_phase_health_status() { echo ok; }\nplan_progress_stall_status() { ec...i_dispatch_failed_previously() { return 1; }\nkimi_dispatch_marker_set() { :; }\nkimi_dispatch_marker_clear() { :; }\n'
expected_outcome = 'stale'

    @pytest.mark.parametrize(
        ("case_name", "script_body", "expected_outcome"),
        [
            (
                "stale",
                """
    session_health_status() { echo stale; }
    plan_phase_health_status() { echo ok; }
    plan_progress_stall_status() { echo ok; }
    chain_health_status() {
      CHAIN_HEALTH_STATUS=ok
      CHAIN_HEALTH_SUMMARY=
      CHAIN_HEALTH_ARTIFACT_PATH=
      CHAIN_HEALTH_LOG_MESSAGE=
    }
    repair_unhealthy_session() { return 0; }
    dispatch_kimi_repair() { REPAIR_DISPATCH_RESULT=dispatched; return 0; }
    mechanical_relaunch_attempted_previously() { return 1; }
    kimi_dispatch_failed_previously() { return 1; }
    kimi_dispatch_marker_set() { :; }
    kimi_dispatch_marker_clear() { :; }
    """,
                "stale",
            ),
            (
                "stopped",
                """
    session_health_status() { echo stopped; }
    plan_phase_health_status() { echo ok; }
    plan_progress_stall_status() { echo ok; }
    chain_health_status() {
      CHAIN_HEALTH_STATUS=ok
      CHAIN_HEALTH_SUMMARY=
      CHAIN_HEALTH_ARTIFACT_PATH=
      CHAIN_HEALTH_LOG_MESSAGE=
    }
    dispatch_kimi_repair() { REPAIR_DISPATCH_RESULT=dispatched; return 0; }
    mechanical_relaunch_attempted_previously() { return 0; }
    kimi_dispatch_failed_previously() { return 1; }
    kimi_dispatch_marker_set() { :; }
    kimi_dispatch_marker_clear() { :; }
    """,
                "stopped",
            ),
            (
                "unhealthy",
                """
    session_health_status() { echo alive; }
    plan_phase_health_status() { echo unhealthy_plan; }
    plan_progress_stall_status() { echo ok; }
    chain_health_status() {
      CHAIN_HEALTH_STATUS=ok
      CHAIN_HEALTH_SUMMARY=
      CHAIN_HEALTH_ARTIFACT_PATH=
      CHAIN_HEALTH_LOG_MESSAGE=
    }
    dispatch_kimi_repair() { REPAIR_DISPATCH_RESULT=dispatched; return 0; }
    """,
                "unhealthy",
            ),
            (
                "progress_stall",
                """
    session_health_status() { echo alive; }
    plan_phase_health_status() { echo ok; }
    plan_progress_stall_status() { echo progress_stall:demo-plan iteration=9; }
    chain_health_status() {
      CHAIN_HEALTH_STATUS=ok
      CHAIN_HEALTH_SUMMARY=
      CHAIN_HEALTH_ARTIFACT_PATH=
      CHAIN_HEALTH_LOG_MESSAGE=
    }
    repair_unintended_stop() { return 0; }
    dispatch_kimi_repair() { REPAIR_DISPATCH_RESULT=dispatched; return 0; }
    """,
                "progress_stall",
            ),
            (
                "chain_health_failure",
                """
    session_health_status() { echo dead; }
    plan_phase_health_status() { echo ok; }
    plan_progress_stall_status() { echo ok; }
    chain_health_status() {
      CHAIN_HEALTH_STATUS=chain_large_file_push_rejection
      CHAIN_HEALTH_SUMMARY=chain cycle detected
      CHAIN_HEALTH_ARTIFACT_PATH=/tmp/chain-health.json
      CHAIN_HEALTH_LOG_MESSAGE=
    }
    dispatch_kimi_repair() { REPAIR_DISPATCH_RESULT=dispatched; return 0; }
    """,
                "chain_health_failure",
            ),
            (
                "state_mismatch",
                """
    session_health_status() { echo stopped; }
    plan_phase_health_status() { echo ok; }
    plan_progress_stall_status() { echo ok; }
    chain_health_status() {
      CHAIN_HEALTH_STATUS=ok
      CHAIN_HEALTH_SUMMARY=
      CHAIN_HEALTH_ARTIFACT_PATH=
      CHAIN_HEALTH_LOG_MESSAGE=
    }
    plan_attention_status_env() {
      cat <<'EOF'
    PLAN_STATUS_STATE_MISMATCH=1
    PLAN_STATUS_STATE_MISMATCH_SUMMARY='plan/chain mismatch detected'
    EOF
    }
    dispatch_kimi_repair() { REPAIR_DISPATCH_RESULT=dispatched; return 0; }
    """,
                "state_mismatch",
            ),
        ],
    )
    def test_launch_chain_tick_emits_incident_detection_outcomes(
        tmp_path: Path,
        case_name: str,
        script_body: str,
        expected_outcome: str,
    ) -> None:
        marker_dir = tmp_path / f"markers-{case_name}"
        marker_dir.mkdir()
        repair_dir = marker_dir / "repair-data"
        repair_dir.mkdir()
        workspace = tmp_path / f"workspace-{case_name}"
        workspace.mkdir()
        spec_path = workspace / ".megaplan" / "initiatives" / "demo-chain" / "chain.yaml"
        spec_path.parent.mkdir(parents=True, exist_ok=True)
        spec_path.write_text("milestones: []\n", encoding="utf-8")
        (repair_dir / "demo-session.repair-data.json").write_text(
            json.dumps({"incident_id": f"inc-{case_name}"}),
            encoding="utf-8",
        )
        report_path = tmp_path / f"report-{case_name}.tsv"
        log_path = tmp_path / f"watchdog-{case_name}.log"
    
        script = "\n\n".join(
            [
                _extract_wrapper_function("emit_watchdog_incident_bridge_event"),
                _extract_wrapper_function("launch_chain_tick"),
                "chain_engine_root_preflight() { return 0; }",
                f"MARKER_DIR={str(marker_dir)!r}",
                f"REPAIR_DATA_DIR={str(repair_dir)!r}",
                f"LOG={str(log_path)!r}",
                f"WRAPPER_REPO_ROOT={str(REPO_ROOT)!r}",
                f"SRC_DIR={str(REPO_ROOT)!r}",
                """
    report_item() { :; }
    log() { printf '%s\n' "$*" >> "$LOG"; }
    session_terminal_status() { return 0; }
    resolve_existing_remote_spec() { printf '%s\n' "$3"; }
    repair_needs_human_path() { printf '%s\n' "$REPAIR_DATA_DIR/$1.needs-human.json"; }
    repair_needs_human_matches_current_plan() { return 1; }
    workspace_has_other_alive_session() { return 1; }
    notify_needs_human() { return 0; }
    resolve_relaunch_command() { echo RELAUNCH; }
    repair_loop_busy_state() { echo none; }
    babysitter_effective_mode() { printf 'superfixer\\t\\n'; }
    babysitter_occurrence_digest() { echo a9c062b1cfe5; }
    babysitter_running_for_occurrence() { return 1; }
    babysitter_after_elapsed() { return 0; }
    launch_status_trigger_babysitter() { echo BABYSITTER >&2; return 0; }
    babysitter_policy_dispatch() {
      launch_status_trigger_babysitter "$@"
      report_item "$6" "$1" "repair" "babysitter_scheduled" "single-flash babysitter dispatched: $7" "$2" "$3"
    }
    plan_attention_status_env() { return 0; }
    plan_terminal_status() { echo none; }
    ensure_install_or_repair() { return 0; }
    tmux() { return 1; }
    """.strip(),
                script_body.strip(),
                (
                    f"launch_chain_tick demo-session {str(workspace)!r} "
                    f"{str(spec_path)!r} {str(report_path)!r} chain '' ''"
                ),
            ]
        )
    
        result = _run_watchdog_shell(script)
>       assert result.returncode == 0, result.stderr
E       AssertionError: bash: -c: line 386: syntax error: unexpected end of file
E         
E       assert 2 == 0
E        +  where 2 = CompletedProcess(args=['bash', '-c', 'emit_watchdog_incident_bridge_event() {\n  local event_kind="$1"\n  local sessio....tsv\' chain \'\' \'\''], returncode=2, stdout='', stderr='bash: -c: line 386: syntax error: unexpected end of file\n').returncode

tests/cloud/test_watchdog_wrappers.py:1293: AssertionError
_ test_launch_chain_tick_emits_incident_detection_outcomes[stopped-\nsession_health_status() { echo stopped; }\nplan_phase_health_status() { echo ok; }\nplan_progress_stall_status() { echo ok; }\nchain_health_status() {\n  CHAIN_HEALTH_STATUS=ok\n  CHAIN_HEALTH_SUMMARY=\n  CHAIN_HEALTH_ARTIFACT_PATH=\n  CHAIN_HEALTH_LOG_MESSAGE=\n}\ndispatch_kimi_repair() { REPAIR_DISPATCH_RESULT=dispatched; return 0; }\nmechanical_relaunch_attempted_previously() { return 0; }\nkimi_dispatch_failed_previously() { return 1; }\nkimi_dispatch_marker_set() { :; }\nkimi_dispatch_marker_clear() { :; }\n-stopped] _

tmp_path = PosixPath('/private/var/folders/_w/b3tthv192m77c760dbyzvk200000gn/T/pytest-of-peteromalley/pytest-6/test_launch_chain_tick_emits_i1')
case_name = 'stopped'
script_body = '\nsession_health_status() { echo stopped; }\nplan_phase_health_status() { echo ok; }\nplan_progress_stall_status() { ...i_dispatch_failed_previously() { return 1; }\nkimi_dispatch_marker_set() { :; }\nkimi_dispatch_marker_clear() { :; }\n'
expected_outcome = 'stopped'

    @pytest.mark.parametrize(
        ("case_name", "script_body", "expected_outcome"),
        [
            (
                "stale",
                """
    session_health_status() { echo stale; }
    plan_phase_health_status() { echo ok; }
    plan_progress_stall_status() { echo ok; }
    chain_health_status() {
      CHAIN_HEALTH_STATUS=ok
      CHAIN_HEALTH_SUMMARY=
      CHAIN_HEALTH_ARTIFACT_PATH=
      CHAIN_HEALTH_LOG_MESSAGE=
    }
    repair_unhealthy_session() { return 0; }
    dispatch_kimi_repair() { REPAIR_DISPATCH_RESULT=dispatched; return 0; }
    mechanical_relaunch_attempted_previously() { return 1; }
    kimi_dispatch_failed_previously() { return 1; }
    kimi_dispatch_marker_set() { :; }
    kimi_dispatch_marker_clear() { :; }
    """,
                "stale",
            ),
            (
                "stopped",
                """
    session_health_status() { echo stopped; }
    plan_phase_health_status() { echo ok; }
    plan_progress_stall_status() { echo ok; }
    chain_health_status() {
      CHAIN_HEALTH_STATUS=ok
      CHAIN_HEALTH_SUMMARY=
      CHAIN_HEALTH_ARTIFACT_PATH=
      CHAIN_HEALTH_LOG_MESSAGE=
    }
    dispatch_kimi_repair() { REPAIR_DISPATCH_RESULT=dispatched; return 0; }
    mechanical_relaunch_attempted_previously() { return 0; }
    kimi_dispatch_failed_previously() { return 1; }
    kimi_dispatch_marker_set() { :; }
    kimi_dispatch_marker_clear() { :; }
    """,
                "stopped",
            ),
            (
                "unhealthy",
                """
    session_health_status() { echo alive; }
    plan_phase_health_status() { echo unhealthy_plan; }
    plan_progress_stall_status() { echo ok; }
    chain_health_status() {
      CHAIN_HEALTH_STATUS=ok
      CHAIN_HEALTH_SUMMARY=
      CHAIN_HEALTH_ARTIFACT_PATH=
      CHAIN_HEALTH_LOG_MESSAGE=
    }
    dispatch_kimi_repair() { REPAIR_DISPATCH_RESULT=dispatched; return 0; }
    """,
                "unhealthy",
            ),
            (
                "progress_stall",
                """
    session_health_status() { echo alive; }
    plan_phase_health_status() { echo ok; }
    plan_progress_stall_status() { echo progress_stall:demo-plan iteration=9; }
    chain_health_status() {
      CHAIN_HEALTH_STATUS=ok
      CHAIN_HEALTH_SUMMARY=
      CHAIN_HEALTH_ARTIFACT_PATH=
      CHAIN_HEALTH_LOG_MESSAGE=
    }
    repair_unintended_stop() { return 0; }
    dispatch_kimi_repair() { REPAIR_DISPATCH_RESULT=dispatched; return 0; }
    """,
                "progress_stall",
            ),
            (
                "chain_health_failure",
                """
    session_health_status() { echo dead; }
    plan_phase_health_status() { echo ok; }
    plan_progress_stall_status() { echo ok; }
    chain_health_status() {
      CHAIN_HEALTH_STATUS=chain_large_file_push_rejection
      CHAIN_HEALTH_SUMMARY=chain cycle detected
      CHAIN_HEALTH_ARTIFACT_PATH=/tmp/chain-health.json
      CHAIN_HEALTH_LOG_MESSAGE=
    }
    dispatch_kimi_repair() { REPAIR_DISPATCH_RESULT=dispatched; return 0; }
    """,
                "chain_health_failure",
            ),
            (
                "state_mismatch",
                """
    session_health_status() { echo stopped; }
    plan_phase_health_status() { echo ok; }
    plan_progress_stall_status() { echo ok; }
    chain_health_status() {
      CHAIN_HEALTH_STATUS=ok
      CHAIN_HEALTH_SUMMARY=
      CHAIN_HEALTH_ARTIFACT_PATH=
      CHAIN_HEALTH_LOG_MESSAGE=
    }
    plan_attention_status_env() {
      cat <<'EOF'
    PLAN_STATUS_STATE_MISMATCH=1
    PLAN_STATUS_STATE_MISMATCH_SUMMARY='plan/chain mismatch detected'
    EOF
    }
    dispatch_kimi_repair() { REPAIR_DISPATCH_RESULT=dispatched; return 0; }
    """,
                "state_mismatch",
            ),
        ],
    )
    def test_launch_chain_tick_emits_incident_detection_outcomes(
        tmp_path: Path,
        case_name: str,
        script_body: str,
        expected_outcome: str,
    ) -> None:
        marker_dir = tmp_path / f"markers-{case_name}"
        marker_dir.mkdir()
        repair_dir = marker_dir / "repair-data"
        repair_dir.mkdir()
        workspace = tmp_path / f"workspace-{case_name}"
        workspace.mkdir()
        spec_path = workspace / ".megaplan" / "initiatives" / "demo-chain" / "chain.yaml"
        spec_path.parent.mkdir(parents=True, exist_ok=True)
        spec_path.write_text("milestones: []\n", encoding="utf-8")
        (repair_dir / "demo-session.repair-data.json").write_text(
            json.dumps({"incident_id": f"inc-{case_name}"}),
            encoding="utf-8",
        )
        report_path = tmp_path / f"report-{case_name}.tsv"
        log_path = tmp_path / f"watchdog-{case_name}.log"
    
        script = "\n\n".join(
            [
                _extract_wrapper_function("emit_watchdog_incident_bridge_event"),
                _extract_wrapper_function("launch_chain_tick"),
                "chain_engine_root_preflight() { return 0; }",
                f"MARKER_DIR={str(marker_dir)!r}",
                f"REPAIR_DATA_DIR={str(repair_dir)!r}",
                f"LOG={str(log_path)!r}",
                f"WRAPPER_REPO_ROOT={str(REPO_ROOT)!r}",
                f"SRC_DIR={str(REPO_ROOT)!r}",
                """
    report_item() { :; }
    log() { printf '%s\n' "$*" >> "$LOG"; }
    session_terminal_status() { return 0; }
    resolve_existing_remote_spec() { printf '%s\n' "$3"; }
    repair_needs_human_path() { printf '%s\n' "$REPAIR_DATA_DIR/$1.needs-human.json"; }
    repair_needs_human_matches_current_plan() { return 1; }
    workspace_has_other_alive_session() { return 1; }
    notify_needs_human() { return 0; }
    resolve_relaunch_command() { echo RELAUNCH; }
    repair_loop_busy_state() { echo none; }
    babysitter_effective_mode() { printf 'superfixer\\t\\n'; }
    babysitter_occurrence_digest() { echo a9c062b1cfe5; }
    babysitter_running_for_occurrence() { return 1; }
    babysitter_after_elapsed() { return 0; }
    launch_status_trigger_babysitter() { echo BABYSITTER >&2; return 0; }
    babysitter_policy_dispatch() {
      launch_status_trigger_babysitter "$@"
      report_item "$6" "$1" "repair" "babysitter_scheduled" "single-flash babysitter dispatched: $7" "$2" "$3"
    }
    plan_attention_status_env() { return 0; }
    plan_terminal_status() { echo none; }
    ensure_install_or_repair() { return 0; }
    tmux() { return 1; }
    """.strip(),
                script_body.strip(),
                (
                    f"launch_chain_tick demo-session {str(workspace)!r} "
                    f"{str(spec_path)!r} {str(report_path)!r} chain '' ''"
                ),
            ]
        )
    
        result = _run_watchdog_shell(script)
>       assert result.returncode == 0, result.stderr
E       AssertionError: bash: -c: line 385: syntax error: unexpected end of file
E         
E       assert 2 == 0
E        +  where 2 = CompletedProcess(args=['bash', '-c', 'emit_watchdog_incident_bridge_event() {\n  local event_kind="$1"\n  local sessio....tsv\' chain \'\' \'\''], returncode=2, stdout='', stderr='bash: -c: line 385: syntax error: unexpected end of file\n').returncode

tests/cloud/test_watchdog_wrappers.py:1293: AssertionError
_ test_launch_chain_tick_emits_incident_detection_outcomes[unhealthy-\nsession_health_status() { echo alive; }\nplan_phase_health_status() { echo unhealthy_plan; }\nplan_progress_stall_status() { echo ok; }\nchain_health_status() {\n  CHAIN_HEALTH_STATUS=ok\n  CHAIN_HEALTH_SUMMARY=\n  CHAIN_HEALTH_ARTIFACT_PATH=\n  CHAIN_HEALTH_LOG_MESSAGE=\n}\ndispatch_kimi_repair() { REPAIR_DISPATCH_RESULT=dispatched; return 0; }\n-unhealthy] _

tmp_path = PosixPath('/private/var/folders/_w/b3tthv192m77c760dbyzvk200000gn/T/pytest-of-peteromalley/pytest-6/test_launch_chain_tick_emits_i2')
case_name = 'unhealthy'
script_body = '\nsession_health_status() { echo alive; }\nplan_phase_health_status() { echo unhealthy_plan; }\nplan_progress_stall_s...IFACT_PATH=\n  CHAIN_HEALTH_LOG_MESSAGE=\n}\ndispatch_kimi_repair() { REPAIR_DISPATCH_RESULT=dispatched; return 0; }\n'
expected_outcome = 'unhealthy'

    @pytest.mark.parametrize(
        ("case_name", "script_body", "expected_outcome"),
        [
            (
                "stale",
                """
    session_health_status() { echo stale; }
    plan_phase_health_status() { echo ok; }
    plan_progress_stall_status() { echo ok; }
    chain_health_status() {
      CHAIN_HEALTH_STATUS=ok
      CHAIN_HEALTH_SUMMARY=
      CHAIN_HEALTH_ARTIFACT_PATH=
      CHAIN_HEALTH_LOG_MESSAGE=
    }
    repair_unhealthy_session() { return 0; }
    dispatch_kimi_repair() { REPAIR_DISPATCH_RESULT=dispatched; return 0; }
    mechanical_relaunch_attempted_previously() { return 1; }
    kimi_dispatch_failed_previously() { return 1; }
    kimi_dispatch_marker_set() { :; }
    kimi_dispatch_marker_clear() { :; }
    """,
                "stale",
            ),
            (
                "stopped",
                """
    session_health_status() { echo stopped; }
    plan_phase_health_status() { echo ok; }
    plan_progress_stall_status() { echo ok; }
    chain_health_status() {
      CHAIN_HEALTH_STATUS=ok
      CHAIN_HEALTH_SUMMARY=
      CHAIN_HEALTH_ARTIFACT_PATH=
      CHAIN_HEALTH_LOG_MESSAGE=
    }
    dispatch_kimi_repair() { REPAIR_DISPATCH_RESULT=dispatched; return 0; }
    mechanical_relaunch_attempted_previously() { return 0; }
    kimi_dispatch_failed_previously() { return 1; }
    kimi_dispatch_marker_set() { :; }
    kimi_dispatch_marker_clear() { :; }
    """,
                "stopped",
            ),
            (
                "unhealthy",
                """
    session_health_status() { echo alive; }
    plan_phase_health_status() { echo unhealthy_plan; }
    plan_progress_stall_status() { echo ok; }
    chain_health_status() {
      CHAIN_HEALTH_STATUS=ok
      CHAIN_HEALTH_SUMMARY=
      CHAIN_HEALTH_ARTIFACT_PATH=
      CHAIN_HEALTH_LOG_MESSAGE=
    }
    dispatch_kimi_repair() { REPAIR_DISPATCH_RESULT=dispatched; return 0; }
    """,
                "unhealthy",
            ),
            (
                "progress_stall",
                """
    session_health_status() { echo alive; }
    plan_phase_health_status() { echo ok; }
    plan_progress_stall_status() { echo progress_stall:demo-plan iteration=9; }
    chain_health_status() {
      CHAIN_HEALTH_STATUS=ok
      CHAIN_HEALTH_SUMMARY=
      CHAIN_HEALTH_ARTIFACT_PATH=
      CHAIN_HEALTH_LOG_MESSAGE=
    }
    repair_unintended_stop() { return 0; }
    dispatch_kimi_repair() { REPAIR_DISPATCH_RESULT=dispatched; return 0; }
    """,
                "progress_stall",
            ),
            (
                "chain_health_failure",
                """
    session_health_status() { echo dead; }
    plan_phase_health_status() { echo ok; }
    plan_progress_stall_status() { echo ok; }
    chain_health_status() {
      CHAIN_HEALTH_STATUS=chain_large_file_push_rejection
      CHAIN_HEALTH_SUMMARY=chain cycle detected
      CHAIN_HEALTH_ARTIFACT_PATH=/tmp/chain-health.json
      CHAIN_HEALTH_LOG_MESSAGE=
    }
    dispatch_kimi_repair() { REPAIR_DISPATCH_RESULT=dispatched; return 0; }
    """,
                "chain_health_failure",
            ),
            (
                "state_mismatch",
                """
    session_health_status() { echo stopped; }
    plan_phase_health_status() { echo ok; }
    plan_progress_stall_status() { echo ok; }
    chain_health_status() {
      CHAIN_HEALTH_STATUS=ok
      CHAIN_HEALTH_SUMMARY=
      CHAIN_HEALTH_ARTIFACT_PATH=
      CHAIN_HEALTH_LOG_MESSAGE=
    }
    plan_attention_status_env() {
      cat <<'EOF'
    PLAN_STATUS_STATE_MISMATCH=1
    PLAN_STATUS_STATE_MISMATCH_SUMMARY='plan/chain mismatch detected'
    EOF
    }
    dispatch_kimi_repair() { REPAIR_DISPATCH_RESULT=dispatched; return 0; }
    """,
                "state_mismatch",
            ),
        ],
    )
    def test_launch_chain_tick_emits_incident_detection_outcomes(
        tmp_path: Path,
        case_name: str,
        script_body: str,
        expected_outcome: str,
    ) -> None:
        marker_dir = tmp_path / f"markers-{case_name}"
        marker_dir.mkdir()
        repair_dir = marker_dir / "repair-data"
        repair_dir.mkdir()
        workspace = tmp_path / f"workspace-{case_name}"
        workspace.mkdir()
        spec_path = workspace / ".megaplan" / "initiatives" / "demo-chain" / "chain.yaml"
        spec_path.parent.mkdir(parents=True, exist_ok=True)
        spec_path.write_text("milestones: []\n", encoding="utf-8")
        (repair_dir / "demo-session.repair-data.json").write_text(
            json.dumps({"incident_id": f"inc-{case_name}"}),
            encoding="utf-8",
        )
        report_path = tmp_path / f"report-{case_name}.tsv"
        log_path = tmp_path / f"watchdog-{case_name}.log"
    
        script = "\n\n".join(
            [
                _extract_wrapper_function("emit_watchdog_incident_bridge_event"),
                _extract_wrapper_function("launch_chain_tick"),
                "chain_engine_root_preflight() { return 0; }",
                f"MARKER_DIR={str(marker_dir)!r}",
                f"REPAIR_DATA_DIR={str(repair_dir)!r}",
                f"LOG={str(log_path)!r}",
                f"WRAPPER_REPO_ROOT={str(REPO_ROOT)!r}",
                f"SRC_DIR={str(REPO_ROOT)!r}",
                """
    report_item() { :; }
    log() { printf '%s\n' "$*" >> "$LOG"; }
    session_terminal_status() { return 0; }
    resolve_existing_remote_spec() { printf '%s\n' "$3"; }
    repair_needs_human_path() { printf '%s\n' "$REPAIR_DATA_DIR/$1.needs-human.json"; }
    repair_needs_human_matches_current_plan() { return 1; }
    workspace_has_other_alive_session() { return 1; }
    notify_needs_human() { return 0; }
    resolve_relaunch_command() { echo RELAUNCH; }
    repair_loop_busy_state() { echo none; }
    babysitter_effective_mode() { printf 'superfixer\\t\\n'; }
    babysitter_occurrence_digest() { echo a9c062b1cfe5; }
    babysitter_running_for_occurrence() { return 1; }
    babysitter_after_elapsed() { return 0; }
    launch_status_trigger_babysitter() { echo BABYSITTER >&2; return 0; }
    babysitter_policy_dispatch() {
      launch_status_trigger_babysitter "$@"
      report_item "$6" "$1" "repair" "babysitter_scheduled" "single-flash babysitter dispatched: $7" "$2" "$3"
    }
    plan_attention_status_env() { return 0; }
    plan_terminal_status() { echo none; }
    ensure_install_or_repair() { return 0; }
    tmux() { return 1; }
    """.strip(),
                script_body.strip(),
                (
                    f"launch_chain_tick demo-session {str(workspace)!r} "
                    f"{str(spec_path)!r} {str(report_path)!r} chain '' ''"
                ),
            ]
        )
    
        result = _run_watchdog_shell(script)
>       assert result.returncode == 0, result.stderr
E       AssertionError: bash: -c: line 381: syntax error: unexpected end of file
E         
E       assert 2 == 0
E        +  where 2 = CompletedProcess(args=['bash', '-c', 'emit_watchdog_incident_bridge_event() {\n  local event_kind="$1"\n  local sessio....tsv\' chain \'\' \'\''], returncode=2, stdout='', stderr='bash: -c: line 381: syntax error: unexpected end of file\n').returncode

tests/cloud/test_watchdog_wrappers.py:1293: AssertionError
_ test_launch_chain_tick_emits_incident_detection_outcomes[progress_stall-\nsession_health_status() { echo alive; }\nplan_phase_health_status() { echo ok; }\nplan_progress_stall_status() { echo progress_stall:demo-plan iteration=9; }\nchain_health_status() {\n  CHAIN_HEALTH_STATUS=ok\n  CHAIN_HEALTH_SUMMARY=\n  CHAIN_HEALTH_ARTIFACT_PATH=\n  CHAIN_HEALTH_LOG_MESSAGE=\n}\nrepair_unintended_stop() { return 0; }\ndispatch_kimi_repair() { REPAIR_DISPATCH_RESULT=dispatched; return 0; }\n-progress_stall] _

tmp_path = PosixPath('/private/var/folders/_w/b3tthv192m77c760dbyzvk200000gn/T/pytest-of-peteromalley/pytest-6/test_launch_chain_tick_emits_i3')
case_name = 'progress_stall'
script_body = '\nsession_health_status() { echo alive; }\nplan_phase_health_status() { echo ok; }\nplan_progress_stall_status() { ec...\n}\nrepair_unintended_stop() { return 0; }\ndispatch_kimi_repair() { REPAIR_DISPATCH_RESULT=dispatched; return 0; }\n'
expected_outcome = 'progress_stall'

    @pytest.mark.parametrize(
        ("case_name", "script_body", "expected_outcome"),
        [
            (
                "stale",
                """
    session_health_status() { echo stale; }
    plan_phase_health_status() { echo ok; }
    plan_progress_stall_status() { echo ok; }
    chain_health_status() {
      CHAIN_HEALTH_STATUS=ok
      CHAIN_HEALTH_SUMMARY=
      CHAIN_HEALTH_ARTIFACT_PATH=
      CHAIN_HEALTH_LOG_MESSAGE=
    }
    repair_unhealthy_session() { return 0; }
    dispatch_kimi_repair() { REPAIR_DISPATCH_RESULT=dispatched; return 0; }
    mechanical_relaunch_attempted_previously() { return 1; }
    kimi_dispatch_failed_previously() { return 1; }
    kimi_dispatch_marker_set() { :; }
    kimi_dispatch_marker_clear() { :; }
    """,
                "stale",
            ),
            (
                "stopped",
                """
    session_health_status() { echo stopped; }
    plan_phase_health_status() { echo ok; }
    plan_progress_stall_status() { echo ok; }
    chain_health_status() {
      CHAIN_HEALTH_STATUS=ok
      CHAIN_HEALTH_SUMMARY=
      CHAIN_HEALTH_ARTIFACT_PATH=
      CHAIN_HEALTH_LOG_MESSAGE=
    }
    dispatch_kimi_repair() { REPAIR_DISPATCH_RESULT=dispatched; return 0; }
    mechanical_relaunch_attempted_previously() { return 0; }
    kimi_dispatch_failed_previously() { return 1; }
    kimi_dispatch_marker_set() { :; }
    kimi_dispatch_marker_clear() { :; }
    """,
                "stopped",
            ),
            (
                "unhealthy",
                """
    session_health_status() { echo alive; }
    plan_phase_health_status() { echo unhealthy_plan; }
    plan_progress_stall_status() { echo ok; }
    chain_health_status() {
      CHAIN_HEALTH_STATUS=ok
      CHAIN_HEALTH_SUMMARY=
      CHAIN_HEALTH_ARTIFACT_PATH=
      CHAIN_HEALTH_LOG_MESSAGE=
    }
    dispatch_kimi_repair() { REPAIR_DISPATCH_RESULT=dispatched; return 0; }
    """,
                "unhealthy",
            ),
            (
                "progress_stall",
                """
    session_health_status() { echo alive; }
    plan_phase_health_status() { echo ok; }
    plan_progress_stall_status() { echo progress_stall:demo-plan iteration=9; }
    chain_health_status() {
      CHAIN_HEALTH_STATUS=ok
      CHAIN_HEALTH_SUMMARY=
      CHAIN_HEALTH_ARTIFACT_PATH=
      CHAIN_HEALTH_LOG_MESSAGE=
    }
    repair_unintended_stop() { return 0; }
    dispatch_kimi_repair() { REPAIR_DISPATCH_RESULT=dispatched; return 0; }
    """,
                "progress_stall",
            ),
            (
                "chain_health_failure",
                """
    session_health_status() { echo dead; }
    plan_phase_health_status() { echo ok; }
    plan_progress_stall_status() { echo ok; }
    chain_health_status() {
      CHAIN_HEALTH_STATUS=chain_large_file_push_rejection
      CHAIN_HEALTH_SUMMARY=chain cycle detected
      CHAIN_HEALTH_ARTIFACT_PATH=/tmp/chain-health.json
      CHAIN_HEALTH_LOG_MESSAGE=
    }
    dispatch_kimi_repair() { REPAIR_DISPATCH_RESULT=dispatched; return 0; }
    """,
                "chain_health_failure",
            ),
            (
                "state_mismatch",
                """
    session_health_status() { echo stopped; }
    plan_phase_health_status() { echo ok; }
    plan_progress_stall_status() { echo ok; }
    chain_health_status() {
      CHAIN_HEALTH_STATUS=ok
      CHAIN_HEALTH_SUMMARY=
      CHAIN_HEALTH_ARTIFACT_PATH=
      CHAIN_HEALTH_LOG_MESSAGE=
    }
    plan_attention_status_env() {
      cat <<'EOF'
    PLAN_STATUS_STATE_MISMATCH=1
    PLAN_STATUS_STATE_MISMATCH_SUMMARY='plan/chain mismatch detected'
    EOF
    }
    dispatch_kimi_repair() { REPAIR_DISPATCH_RESULT=dispatched; return 0; }
    """,
                "state_mismatch",
            ),
        ],
    )
    def test_launch_chain_tick_emits_incident_detection_outcomes(
        tmp_path: Path,
        case_name: str,
        script_body: str,
        expected_outcome: str,
    ) -> None:
        marker_dir = tmp_path / f"markers-{case_name}"
        marker_dir.mkdir()
        repair_dir = marker_dir / "repair-data"
        repair_dir.mkdir()
        workspace = tmp_path / f"workspace-{case_name}"
        workspace.mkdir()
        spec_path = workspace / ".megaplan" / "initiatives" / "demo-chain" / "chain.yaml"
        spec_path.parent.mkdir(parents=True, exist_ok=True)
        spec_path.write_text("milestones: []\n", encoding="utf-8")
        (repair_dir / "demo-session.repair-data.json").write_text(
            json.dumps({"incident_id": f"inc-{case_name}"}),
            encoding="utf-8",
        )
        report_path = tmp_path / f"report-{case_name}.tsv"
        log_path = tmp_path / f"watchdog-{case_name}.log"
    
        script = "\n\n".join(
            [
                _extract_wrapper_function("emit_watchdog_incident_bridge_event"),
                _extract_wrapper_function("launch_chain_tick"),
                "chain_engine_root_preflight() { return 0; }",
                f"MARKER_DIR={str(marker_dir)!r}",
                f"REPAIR_DATA_DIR={str(repair_dir)!r}",
                f"LOG={str(log_path)!r}",
                f"WRAPPER_REPO_ROOT={str(REPO_ROOT)!r}",
                f"SRC_DIR={str(REPO_ROOT)!r}",
                """
    report_item() { :; }
    log() { printf '%s\n' "$*" >> "$LOG"; }
    session_terminal_status() { return 0; }
    resolve_existing_remote_spec() { printf '%s\n' "$3"; }
    repair_needs_human_path() { printf '%s\n' "$REPAIR_DATA_DIR/$1.needs-human.json"; }
    repair_needs_human_matches_current_plan() { return 1; }
    workspace_has_other_alive_session() { return 1; }
    notify_needs_human() { return 0; }
    resolve_relaunch_command() { echo RELAUNCH; }
    repair_loop_busy_state() { echo none; }
    babysitter_effective_mode() { printf 'superfixer\\t\\n'; }
    babysitter_occurrence_digest() { echo a9c062b1cfe5; }
    babysitter_running_for_occurrence() { return 1; }
    babysitter_after_elapsed() { return 0; }
    launch_status_trigger_babysitter() { echo BABYSITTER >&2; return 0; }
    babysitter_policy_dispatch() {
      launch_status_trigger_babysitter "$@"
      report_item "$6" "$1" "repair" "babysitter_scheduled" "single-flash babysitter dispatched: $7" "$2" "$3"
    }
    plan_attention_status_env() { return 0; }
    plan_terminal_status() { echo none; }
    ensure_install_or_repair() { return 0; }
    tmux() { return 1; }
    """.strip(),
                script_body.strip(),
                (
                    f"launch_chain_tick demo-session {str(workspace)!r} "
                    f"{str(spec_path)!r} {str(report_path)!r} chain '' ''"
                ),
            ]
        )
    
        result = _run_watchdog_shell(script)
>       assert result.returncode == 0, result.stderr
E       AssertionError: bash: -c: line 382: syntax error: unexpected end of file
E         
E       assert 2 == 0
E        +  where 2 = CompletedProcess(args=['bash', '-c', 'emit_watchdog_incident_bridge_event() {\n  local event_kind="$1"\n  local sessio....tsv\' chain \'\' \'\''], returncode=2, stdout='', stderr='bash: -c: line 382: syntax error: unexpected end of file\n').returncode

tests/cloud/test_watchdog_wrappers.py:1293: AssertionError
_ test_launch_chain_tick_emits_incident_detection_outcomes[chain_health_failure-\nsession_health_status() { echo dead; }\nplan_phase_health_status() { echo ok; }\nplan_progress_stall_status() { echo ok; }\nchain_health_status() {\n  CHAIN_HEALTH_STATUS=chain_large_file_push_rejection\n  CHAIN_HEALTH_SUMMARY=chain cycle detected\n  CHAIN_HEALTH_ARTIFACT_PATH=/tmp/chain-health.json\n  CHAIN_HEALTH_LOG_MESSAGE=\n}\ndispatch_kimi_repair() { REPAIR_DISPATCH_RESULT=dispatched; return 0; }\n-chain_health_failure] _

tmp_path = PosixPath('/private/var/folders/_w/b3tthv192m77c760dbyzvk200000gn/T/pytest-of-peteromalley/pytest-6/test_launch_chain_tick_emits_i4')
case_name = 'chain_health_failure'
script_body = '\nsession_health_status() { echo dead; }\nplan_phase_health_status() { echo ok; }\nplan_progress_stall_status() { ech...health.json\n  CHAIN_HEALTH_LOG_MESSAGE=\n}\ndispatch_kimi_repair() { REPAIR_DISPATCH_RESULT=dispatched; return 0; }\n'
expected_outcome = 'chain_health_failure'

    @pytest.mark.parametrize(
        ("case_name", "script_body", "expected_outcome"),
        [
            (
                "stale",
                """
    session_health_status() { echo stale; }
    plan_phase_health_status() { echo ok; }
    plan_progress_stall_status() { echo ok; }
    chain_health_status() {
      CHAIN_HEALTH_STATUS=ok
      CHAIN_HEALTH_SUMMARY=
      CHAIN_HEALTH_ARTIFACT_PATH=
      CHAIN_HEALTH_LOG_MESSAGE=
    }
    repair_unhealthy_session() { return 0; }
    dispatch_kimi_repair() { REPAIR_DISPATCH_RESULT=dispatched; return 0; }
    mechanical_relaunch_attempted_previously() { return 1; }
    kimi_dispatch_failed_previously() { return 1; }
    kimi_dispatch_marker_set() { :; }
    kimi_dispatch_marker_clear() { :; }
    """,
                "stale",
            ),
            (
                "stopped",
                """
    session_health_status() { echo stopped; }
    plan_phase_health_status() { echo ok; }
    plan_progress_stall_status() { echo ok; }
    chain_health_status() {
      CHAIN_HEALTH_STATUS=ok
      CHAIN_HEALTH_SUMMARY=
      CHAIN_HEALTH_ARTIFACT_PATH=
      CHAIN_HEALTH_LOG_MESSAGE=
    }
    dispatch_kimi_repair() { REPAIR_DISPATCH_RESULT=dispatched; return 0; }
    mechanical_relaunch_attempted_previously() { return 0; }
    kimi_dispatch_failed_previously() { return 1; }
    kimi_dispatch_marker_set() { :; }
    kimi_dispatch_marker_clear() { :; }
    """,
                "stopped",
            ),
            (
                "unhealthy",
                """
    session_health_status() { echo alive; }
    plan_phase_health_status() { echo unhealthy_plan; }
    plan_progress_stall_status() { echo ok; }
    chain_health_status() {
      CHAIN_HEALTH_STATUS=ok
      CHAIN_HEALTH_SUMMARY=
      CHAIN_HEALTH_ARTIFACT_PATH=
      CHAIN_HEALTH_LOG_MESSAGE=
    }
    dispatch_kimi_repair() { REPAIR_DISPATCH_RESULT=dispatched; return 0; }
    """,
                "unhealthy",
            ),
            (
                "progress_stall",
                """
    session_health_status() { echo alive; }
    plan_phase_health_status() { echo ok; }
    plan_progress_stall_status() { echo progress_stall:demo-plan iteration=9; }
    chain_health_status() {
      CHAIN_HEALTH_STATUS=ok
      CHAIN_HEALTH_SUMMARY=
      CHAIN_HEALTH_ARTIFACT_PATH=
      CHAIN_HEALTH_LOG_MESSAGE=
    }
    repair_unintended_stop() { return 0; }
    dispatch_kimi_repair() { REPAIR_DISPATCH_RESULT=dispatched; return 0; }
    """,
                "progress_stall",
            ),
            (
                "chain_health_failure",
                """
    session_health_status() { echo dead; }
    plan_phase_health_status() { echo ok; }
    plan_progress_stall_status() { echo ok; }
    chain_health_status() {
      CHAIN_HEALTH_STATUS=chain_large_file_push_rejection
      CHAIN_HEALTH_SUMMARY=chain cycle detected
      CHAIN_HEALTH_ARTIFACT_PATH=/tmp/chain-health.json
      CHAIN_HEALTH_LOG_MESSAGE=
    }
    dispatch_kimi_repair() { REPAIR_DISPATCH_RESULT=dispatched; return 0; }
    """,
                "chain_health_failure",
            ),
            (
                "state_mismatch",
                """
    session_health_status() { echo stopped; }
    plan_phase_health_status() { echo ok; }
    plan_progress_stall_status() { echo ok; }
    chain_health_status() {
      CHAIN_HEALTH_STATUS=ok
      CHAIN_HEALTH_SUMMARY=
      CHAIN_HEALTH_ARTIFACT_PATH=
      CHAIN_HEALTH_LOG_MESSAGE=
    }
    plan_attention_status_env() {
      cat <<'EOF'
    PLAN_STATUS_STATE_MISMATCH=1
    PLAN_STATUS_STATE_MISMATCH_SUMMARY='plan/chain mismatch detected'
    EOF
    }
    dispatch_kimi_repair() { REPAIR_DISPATCH_RESULT=dispatched; return 0; }
    """,
                "state_mismatch",
            ),
        ],
    )
    def test_launch_chain_tick_emits_incident_detection_outcomes(
        tmp_path: Path,
        case_name: str,
        script_body: str,
        expected_outcome: str,
    ) -> None:
        marker_dir = tmp_path / f"markers-{case_name}"
        marker_dir.mkdir()
        repair_dir = marker_dir / "repair-data"
        repair_dir.mkdir()
        workspace = tmp_path / f"workspace-{case_name}"
        workspace.mkdir()
        spec_path = workspace / ".megaplan" / "initiatives" / "demo-chain" / "chain.yaml"
        spec_path.parent.mkdir(parents=True, exist_ok=True)
        spec_path.write_text("milestones: []\n", encoding="utf-8")
        (repair_dir / "demo-session.repair-data.json").write_text(
            json.dumps({"incident_id": f"inc-{case_name}"}),
            encoding="utf-8",
        )
        report_path = tmp_path / f"report-{case_name}.tsv"
        log_path = tmp_path / f"watchdog-{case_name}.log"
    
        script = "\n\n".join(
            [
                _extract_wrapper_function("emit_watchdog_incident_bridge_event"),
                _extract_wrapper_function("launch_chain_tick"),
                "chain_engine_root_preflight() { return 0; }",
                f"MARKER_DIR={str(marker_dir)!r}",
                f"REPAIR_DATA_DIR={str(repair_dir)!r}",
                f"LOG={str(log_path)!r}",
                f"WRAPPER_REPO_ROOT={str(REPO_ROOT)!r}",
                f"SRC_DIR={str(REPO_ROOT)!r}",
                """
    report_item() { :; }
    log() { printf '%s\n' "$*" >> "$LOG"; }
    session_terminal_status() { return 0; }
    resolve_existing_remote_spec() { printf '%s\n' "$3"; }
    repair_needs_human_path() { printf '%s\n' "$REPAIR_DATA_DIR/$1.needs-human.json"; }
    repair_needs_human_matches_current_plan() { return 1; }
    workspace_has_other_alive_session() { return 1; }
    notify_needs_human() { return 0; }
    resolve_relaunch_command() { echo RELAUNCH; }
    repair_loop_busy_state() { echo none; }
    babysitter_effective_mode() { printf 'superfixer\\t\\n'; }
    babysitter_occurrence_digest() { echo a9c062b1cfe5; }
    babysitter_running_for_occurrence() { return 1; }
    babysitter_after_elapsed() { return 0; }
    launch_status_trigger_babysitter() { echo BABYSITTER >&2; return 0; }
    babysitter_policy_dispatch() {
      launch_status_trigger_babysitter "$@"
      report_item "$6" "$1" "repair" "babysitter_scheduled" "single-flash babysitter dispatched: $7" "$2" "$3"
    }
    plan_attention_status_env() { return 0; }
    plan_terminal_status() { echo none; }
    ensure_install_or_repair() { return 0; }
    tmux() { return 1; }
    """.strip(),
                script_body.strip(),
                (
                    f"launch_chain_tick demo-session {str(workspace)!r} "
                    f"{str(spec_path)!r} {str(report_path)!r} chain '' ''"
                ),
            ]
        )
    
        result = _run_watchdog_shell(script)
>       assert result.returncode == 0, result.stderr
E       AssertionError: bash: -c: line 381: syntax error: unexpected end of file
E         
E       assert 2 == 0
E        +  where 2 = CompletedProcess(args=['bash', '-c', 'emit_watchdog_incident_bridge_event() {\n  local event_kind="$1"\n  local sessio....tsv\' chain \'\' \'\''], returncode=2, stdout='', stderr='bash: -c: line 381: syntax error: unexpected end of file\n').returncode

tests/cloud/test_watchdog_wrappers.py:1293: AssertionError
_ test_launch_chain_tick_emits_incident_detection_outcomes[state_mismatch-\nsession_health_status() { echo stopped; }\nplan_phase_health_status() { echo ok; }\nplan_progress_stall_status() { echo ok; }\nchain_health_status() {\n  CHAIN_HEALTH_STATUS=ok\n  CHAIN_HEALTH_SUMMARY=\n  CHAIN_HEALTH_ARTIFACT_PATH=\n  CHAIN_HEALTH_LOG_MESSAGE=\n}\nplan_attention_status_env() {\n  cat <<'EOF'\nPLAN_STATUS_STATE_MISMATCH=1\nPLAN_STATUS_STATE_MISMATCH_SUMMARY='plan/chain mismatch detected'\nEOF\n}\ndispatch_kimi_repair() { REPAIR_DISPATCH_RESULT=dispatched; return 0; }\n-state_mismatch] _

tmp_path = PosixPath('/private/var/folders/_w/b3tthv192m77c760dbyzvk200000gn/T/pytest-of-peteromalley/pytest-6/test_launch_chain_tick_emits_i5')
case_name = 'state_mismatch'
script_body = "\nsession_health_status() { echo stopped; }\nplan_phase_health_status() { echo ok; }\nplan_progress_stall_status() { ...MARY='plan/chain mismatch detected'\nEOF\n}\ndispatch_kimi_repair() { REPAIR_DISPATCH_RESULT=dispatched; return 0; }\n"
expected_outcome = 'state_mismatch'

    @pytest.mark.parametrize(
        ("case_name", "script_body", "expected_outcome"),
        [
            (
                "stale",
                """
    session_health_status() { echo stale; }
    plan_phase_health_status() { echo ok; }
    plan_progress_stall_status() { echo ok; }
    chain_health_status() {
      CHAIN_HEALTH_STATUS=ok
      CHAIN_HEALTH_SUMMARY=
      CHAIN_HEALTH_ARTIFACT_PATH=
      CHAIN_HEALTH_LOG_MESSAGE=
    }
    repair_unhealthy_session() { return 0; }
    dispatch_kimi_repair() { REPAIR_DISPATCH_RESULT=dispatched; return 0; }
    mechanical_relaunch_attempted_previously() { return 1; }
    kimi_dispatch_failed_previously() { return 1; }
    kimi_dispatch_marker_set() { :; }
    kimi_dispatch_marker_clear() { :; }
    """,
                "stale",
            ),
            (
                "stopped",
                """
    session_health_status() { echo stopped; }
    plan_phase_health_status() { echo ok; }
    plan_progress_stall_status() { echo ok; }
    chain_health_status() {
      CHAIN_HEALTH_STATUS=ok
      CHAIN_HEALTH_SUMMARY=
      CHAIN_HEALTH_ARTIFACT_PATH=
      CHAIN_HEALTH_LOG_MESSAGE=
    }
    dispatch_kimi_repair() { REPAIR_DISPATCH_RESULT=dispatched; return 0; }
    mechanical_relaunch_attempted_previously() { return 0; }
    kimi_dispatch_failed_previously() { return 1; }
    kimi_dispatch_marker_set() { :; }
    kimi_dispatch_marker_clear() { :; }
    """,
                "stopped",
            ),
            (
                "unhealthy",
                """
    session_health_status() { echo alive; }
    plan_phase_health_status() { echo unhealthy_plan; }
    plan_progress_stall_status() { echo ok; }
    chain_health_status() {
      CHAIN_HEALTH_STATUS=ok
      CHAIN_HEALTH_SUMMARY=
      CHAIN_HEALTH_ARTIFACT_PATH=
      CHAIN_HEALTH_LOG_MESSAGE=
    }
    dispatch_kimi_repair() { REPAIR_DISPATCH_RESULT=dispatched; return 0; }
    """,
                "unhealthy",
            ),
            (
                "progress_stall",
                """
    session_health_status() { echo alive; }
    plan_phase_health_status() { echo ok; }
    plan_progress_stall_status() { echo progress_stall:demo-plan iteration=9; }
    chain_health_status() {
      CHAIN_HEALTH_STATUS=ok
      CHAIN_HEALTH_SUMMARY=
      CHAIN_HEALTH_ARTIFACT_PATH=
      CHAIN_HEALTH_LOG_MESSAGE=
    }
    repair_unintended_stop() { return 0; }
    dispatch_kimi_repair() { REPAIR_DISPATCH_RESULT=dispatched; return 0; }
    """,
                "progress_stall",
            ),
            (
                "chain_health_failure",
                """
    session_health_status() { echo dead; }
    plan_phase_health_status() { echo ok; }
    plan_progress_stall_status() { echo ok; }
    chain_health_status() {
      CHAIN_HEALTH_STATUS=chain_large_file_push_rejection
      CHAIN_HEALTH_SUMMARY=chain cycle detected
      CHAIN_HEALTH_ARTIFACT_PATH=/tmp/chain-health.json
      CHAIN_HEALTH_LOG_MESSAGE=
    }
    dispatch_kimi_repair() { REPAIR_DISPATCH_RESULT=dispatched; return 0; }
    """,
                "chain_health_failure",
            ),
            (
                "state_mismatch",
                """
    session_health_status() { echo stopped; }
    plan_phase_health_status() { echo ok; }
    plan_progress_stall_status() { echo ok; }
    chain_health_status() {
      CHAIN_HEALTH_STATUS=ok
      CHAIN_HEALTH_SUMMARY=
      CHAIN_HEALTH_ARTIFACT_PATH=
      CHAIN_HEALTH_LOG_MESSAGE=
    }
    plan_attention_status_env() {
      cat <<'EOF'
    PLAN_STATUS_STATE_MISMATCH=1
    PLAN_STATUS_STATE_MISMATCH_SUMMARY='plan/chain mismatch detected'
    EOF
    }
    dispatch_kimi_repair() { REPAIR_DISPATCH_RESULT=dispatched; return 0; }
    """,
                "state_mismatch",
            ),
        ],
    )
    def test_launch_chain_tick_emits_incident_detection_outcomes(
        tmp_path: Path,
        case_name: str,
        script_body: str,
        expected_outcome: str,
    ) -> None:
        marker_dir = tmp_path / f"markers-{case_name}"
        marker_dir.mkdir()
        repair_dir = marker_dir / "repair-data"
        repair_dir.mkdir()
        workspace = tmp_path / f"workspace-{case_name}"
        workspace.mkdir()
        spec_path = workspace / ".megaplan" / "initiatives" / "demo-chain" / "chain.yaml"
        spec_path.parent.mkdir(parents=True, exist_ok=True)
        spec_path.write_text("milestones: []\n", encoding="utf-8")
        (repair_dir / "demo-session.repair-data.json").write_text(
            json.dumps({"incident_id": f"inc-{case_name}"}),
            encoding="utf-8",
        )
        report_path = tmp_path / f"report-{case_name}.tsv"
        log_path = tmp_path / f"watchdog-{case_name}.log"
    
        script = "\n\n".join(
            [
                _extract_wrapper_function("emit_watchdog_incident_bridge_event"),
                _extract_wrapper_function("launch_chain_tick"),
                "chain_engine_root_preflight() { return 0; }",
                f"MARKER_DIR={str(marker_dir)!r}",
                f"REPAIR_DATA_DIR={str(repair_dir)!r}",
                f"LOG={str(log_path)!r}",
                f"WRAPPER_REPO_ROOT={str(REPO_ROOT)!r}",
                f"SRC_DIR={str(REPO_ROOT)!r}",
                """
    report_item() { :; }
    log() { printf '%s\n' "$*" >> "$LOG"; }
    session_terminal_status() { return 0; }
    resolve_existing_remote_spec() { printf '%s\n' "$3"; }
    repair_needs_human_path() { printf '%s\n' "$REPAIR_DATA_DIR/$1.needs-human.json"; }
    repair_needs_human_matches_current_plan() { return 1; }
    workspace_has_other_alive_session() { return 1; }
    notify_needs_human() { return 0; }
    resolve_relaunch_command() { echo RELAUNCH; }
    repair_loop_busy_state() { echo none; }
    babysitter_effective_mode() { printf 'superfixer\\t\\n'; }
    babysitter_occurrence_digest() { echo a9c062b1cfe5; }
    babysitter_running_for_occurrence() { return 1; }
    babysitter_after_elapsed() { return 0; }
    launch_status_trigger_babysitter() { echo BABYSITTER >&2; return 0; }
    babysitter_policy_dispatch() {
      launch_status_trigger_babysitter "$@"
      report_item "$6" "$1" "repair" "babysitter_scheduled" "single-flash babysitter dispatched: $7" "$2" "$3"
    }
    plan_attention_status_env() { return 0; }
    plan_terminal_status() { echo none; }
    ensure_install_or_repair() { return 0; }
    tmux() { return 1; }
    """.strip(),
                script_body.strip(),
                (
                    f"launch_chain_tick demo-session {str(workspace)!r} "
                    f"{str(spec_path)!r} {str(report_path)!r} chain '' ''"
                ),
            ]
        )
    
        result = _run_watchdog_shell(script)
>       assert result.returncode == 0, result.stderr
E       AssertionError: bash: -c: line 387: syntax error: unexpected end of file
E         
E       assert 2 == 0
E        +  where 2 = CompletedProcess(args=['bash', '-c', 'emit_watchdog_incident_bridge_event() {\n  local event_kind="$1"\n  local sessio....tsv\' chain \'\' \'\''], returncode=2, stdout='', stderr='bash: -c: line 387: syntax error: unexpected end of file\n').returncode

tests/cloud/test_watchdog_wrappers.py:1293: AssertionError
_ test_watchdog_auto_policy_merged_pr_fetches_origin_but_unknown_liveness_fences_relaunch _

tmp_path = PosixPath('/private/var/folders/_w/b3tthv192m77c760dbyzvk200000gn/T/pytest-of-peteromalley/pytest-6/test_watchdog_auto_policy_merg0')

    def test_watchdog_auto_policy_merged_pr_fetches_origin_but_unknown_liveness_fences_relaunch(
        tmp_path: Path,
    ) -> None:
        workspace = tmp_path / "ws"
        workspace.mkdir()
        marker_dir = tmp_path / "markers"
        repair_dir = tmp_path / "repair-data"
        marker_dir.mkdir()
        repair_dir.mkdir()
        spec_path = workspace / ".megaplan" / "initiatives" / "demo-chain" / "chain.yaml"
        spec_path.parent.mkdir(parents=True)
        spec_path.write_text("merge_policy: auto\n", encoding="utf-8")
        chain_path = workspace / ".megaplan" / "plans" / ".chains" / "demo-chain.json"
        _write_chain_state(
            chain_path,
            {"last_state": "awaiting_pr_merge", "pr_number": 42, "pr_state": "open"},
        )
        report_path = tmp_path / "report.tsv"
        call_log = tmp_path / "calls.log"
        gh_path = tmp_path / "gh"
        gh_path.write_text(
            "#!/usr/bin/env bash\n"
            f"printf 'gh %s\\n' \"$*\" >> {str(call_log)!r}\n"
            "if [[ \"$1 $2 $3\" == \"pr view 42\" ]]; then\n"
            "  printf '%s\\n' '{\"state\":\"MERGED\",\"mergeCommit\":{\"oid\":\"abc123\"}}'\n"
            "  exit 0\n"
            "fi\n"
            "exit 1\n",
            encoding="utf-8",
        )
        gh_path.chmod(gh_path.stat().st_mode | stat.S_IXUSR)
        git_path = tmp_path / "git"
        git_path.write_text(
            "#!/usr/bin/env bash\n"
            f"printf 'git %s\\n' \"$*\" >> {str(call_log)!r}\n"
            "exit 0\n",
            encoding="utf-8",
        )
        git_path.chmod(git_path.stat().st_mode | stat.S_IXUSR)
    
        script = "\n\n".join(
            [
                _extract_wrapper_function("json_field"),
                _extract_wrapper_function("safe_name"),
                _extract_wrapper_function("reconcile_awaiting_pr_merge"),
                _extract_wrapper_function("launch_chain_tick"),
                "chain_engine_root_preflight() { return 0; }",
                f"WRAPPER_REPO_ROOT={str(REPO_ROOT)!r}",
                f"SRC_DIR={str(REPO_ROOT)!r}",
                f"MARKER_DIR={str(marker_dir)!r}",
                f"REPAIR_DATA_DIR={str(repair_dir)!r}",
                """
    log() { printf '%s\n' "$*" >> "$CALL_LOG"; }
    report_item() { printf '%s\t%s\t%s\t%s\t%s\t%s\t%s\n' "$2" "$3" "$4" "$5" "$6" "$7" >> "$1"; }
    session_health_status() { echo awaiting_pr_merge; }
    chain_health_status() { CHAIN_HEALTH_STATUS=ok; }
    plan_terminal_status() { echo none; }
    plan_attention_status_env() { :; }
    repair_needs_human_path() { printf '%s/%s.needs-human.json\n' "$REPAIR_DATA_DIR" "$1"; }
    workspace_has_other_alive_session() { return 1; }
    repair_loop_busy_state() { echo none; }
    mechanical_relaunch_attempted_previously() { return 1; }
    kimi_dispatch_failed_previously() { return 1; }
    kimi_dispatch_marker_set() { :; }
    ensure_install_or_repair() { return 0; }
    resolve_relaunch_command() { echo RELAUNCH; }
    tmux() { printf 'tmux %s\n' "$*" >> "$CALL_LOG"; return 0; }
    mktemp() { printf '%s\n' "$LAUNCH_SCRIPT"; }
    chmod() { :; }
    """.strip(),
                f"CALL_LOG={str(call_log)!r}",
                f"LAUNCH_SCRIPT={str(tmp_path / 'launch.sh')!r}",
                f"launch_chain_tick demo-session {str(workspace)!r} {str(spec_path)!r} {str(report_path)!r} chain '' ''",
            ]
        )
    
        result = _run_watchdog_shell(script, path_prefix=tmp_path)
>       assert result.returncode == 0, result.stderr
E       AssertionError: bash: -c: line 462: syntax error: unexpected end of file
E         
E       assert 2 == 0
E        +  where 2 = CompletedProcess(args=['bash', '-c', 'json_field() {\n  local marker="$1"\n  local field="$2"\n  python3 - "$marker" "....tsv\' chain \'\' \'\''], returncode=2, stdout='', stderr='bash: -c: line 462: syntax error: unexpected end of file\n').returncode

tests/cloud/test_watchdog_wrappers.py:1823: AssertionError
_____ test_watchdog_auto_policy_open_pr_queues_evidence_and_preserves_wait _____

tmp_path = PosixPath('/private/var/folders/_w/b3tthv192m77c760dbyzvk200000gn/T/pytest-of-peteromalley/pytest-6/test_watchdog_auto_policy_open0')
monkeypatch = <_pytest.monkeypatch.MonkeyPatch object at 0x175d2f4d0>

    def test_watchdog_auto_policy_open_pr_queues_evidence_and_preserves_wait(
        tmp_path: Path,
        monkeypatch,
    ) -> None:
        monkeypatch.setenv("ARNOLD_REPAIR_REQUEST_QUEUE", "1")
        workspace = tmp_path / "ws"
        workspace.mkdir()
        marker_dir = tmp_path / "markers"
        repair_dir = tmp_path / "repair-data"
        marker_dir.mkdir()
        repair_dir.mkdir()
        spec_path = workspace / ".megaplan" / "initiatives" / "demo-chain" / "chain.yaml"
        spec_path.parent.mkdir(parents=True)
        spec_path.write_text("merge_policy: auto\n", encoding="utf-8")
        _write_live_session_marker(
            marker_dir,
            "demo-session",
            workspace,
            str(spec_path),
            run_kind="chain",
        )
        chain_path = workspace / ".megaplan" / "plans" / ".chains" / "demo-chain.json"
        _write_chain_state(
            chain_path,
            {"last_state": "awaiting_pr_merge", "pr_number": 43, "pr_state": "open"},
        )
        report_path = tmp_path / "report.tsv"
        call_log = tmp_path / "calls.log"
        gh_path = tmp_path / "gh"
        gh_path.write_text(
            "#!/usr/bin/env bash\n"
            f"printf 'gh %s\\n' \"$*\" >> {str(call_log)!r}\n"
            "if [[ \"$1 $2 $3\" == \"pr view 43\" ]]; then\n"
            "  printf '%s\\n' '{\"state\":\"OPEN\"}'\n"
            "  exit 0\n"
            "fi\n"
            "exit 1\n",
            encoding="utf-8",
        )
        gh_path.chmod(gh_path.stat().st_mode | stat.S_IXUSR)
    
        script = "\n\n".join(
            [
                _extract_wrapper_function("reconcile_awaiting_pr_merge"),
                _extract_wrapper_function("launch_chain_tick"),
                "chain_engine_root_preflight() { return 0; }",
                f"WRAPPER_REPO_ROOT={str(REPO_ROOT)!r}",
                f"SRC_DIR={str(REPO_ROOT)!r}",
                f"MARKER_DIR={str(marker_dir)!r}",
                f"REPAIR_DATA_DIR={str(repair_dir)!r}",
                """
    log() { printf '%s\n' "$*" >> "$CALL_LOG"; }
    report_item() { printf '%s\t%s\t%s\t%s\t%s\t%s\t%s\n' "$2" "$3" "$4" "$5" "$6" "$7" >> "$1"; }
    session_health_status() { echo awaiting_pr_merge; }
    chain_health_status() { CHAIN_HEALTH_STATUS=ok; }
    repair_needs_human_path() { printf '%s/%s.needs-human.json\n' "$REPAIR_DATA_DIR" "$1"; }
    notify_needs_human() {
      report_item "$1" "$2" "notify" "human_gate_notification_queued" "$7" "$3" "$4"
    }
    tmux() { printf 'TMUX %s\n' "$*" >> "$CALL_LOG"; return 0; }
    """.strip(),
                f"CALL_LOG={str(call_log)!r}",
                f"launch_chain_tick demo-session {str(workspace)!r} {str(spec_path)!r} {str(report_path)!r} chain '' ''",
            ]
        )
    
        result = _run_watchdog_shell(script, path_prefix=tmp_path)
>       assert result.returncode == 0, result.stderr
E       AssertionError: bash: -c: line 426: syntax error: unexpected end of file
E         
E       assert 2 == 0
E        +  where 2 = CompletedProcess(args=['bash', '-c', 'reconcile_awaiting_pr_merge() {\n  local session="$1" workspace="$2" remote_spec....tsv\' chain \'\' \'\''], returncode=2, stdout='', stderr='bash: -c: line 426: syntax error: unexpected end of file\n').returncode

tests/cloud/test_watchdog_wrappers.py:1900: AssertionError
__________ test_watchdog_relaunch_materializers_are_non_authoritative __________

    def test_watchdog_relaunch_materializers_are_non_authoritative() -> None:
        """Step 53: every relaunch command and arnold-supervise bash -lc script
        produced by arnold-watchdog is a non-authoritative relaunch materializer.
        A successful relaunch (rc=0) cannot become accepted repair outside
        canonical simple_fixer delegation; authority is never derived from a label,
        liveness signal, WBC receipt, or rebuildable projection (SC19)."""
        text = _wrapper("arnold-watchdog")
        assert "relaunch_materializer_authority_gate() {" in text
        assert 'relaunch_materializer_authority_gate "$quoted_command"' in text
        # The preflight re-reads the recorded engine root for the chain command;
        # bind /tmp/ws/origin/main to the live import root so the pin check and
        # the recorded-root check both pass.
        _bound_chain_state(Path("/tmp/ws"), "origin/main", REPO_ROOT)
        functions = "\n\n".join(_extract_relaunch_functions("watchdog"))
        gate = _extract_wrapper_function("relaunch_materializer_authority_gate")
        bash_lines = [
            'PLAN_AUTO="$(default_plan_relaunch_command "demo-plan" "/tmp/ws")"',
            'PLAN_RESUME="$(resume_plan_relaunch_command "demo-plan" "/tmp/ws")"',
            'CHAIN_START="$(default_chain_relaunch_command "demo-sess" "/tmp/ws" "origin/main")"',
            '_quoted="$(printf \'%q\' "$PLAN_AUTO")"',
            'SUPERVISE_WRAPPER="exec arnold-supervise \\"watchdog\\" bash -lc $_quoted"',
            '_G1="$(relaunch_materializer_authority_gate "$PLAN_AUTO")"',
            '_G2="$(relaunch_materializer_authority_gate "$PLAN_RESUME")"',
            '_G3="$(relaunch_materializer_authority_gate "$CHAIN_START")"',
            '_G4="$(relaunch_materializer_authority_gate "$SUPERVISE_WRAPPER")"',
            "python3 - \"$_G1\" \"$_G2\" \"$_G3\" \"$_G4\" <<'EMIT_PY'",
            "import json, sys",
            'labels = ["default_plan_relaunch", "resume_plan_relaunch", "default_chain_relaunch", "arnold_supervise_bash_lc"]',
            "proofs = []",
            "for label, raw in zip(labels, sys.argv[1:]):",
            "    gate = json.loads(raw)",
            '    gate["_generator"] = label',
            "    proofs.append(gate)",
            "print(json.dumps(proofs))",
            "EMIT_PY",
        ]
        script = "\n\n".join(
            [
                functions,
                gate,
                "SRC_DIR=" + repr(str(REPO_ROOT)),
                "MANIFEST_RUNTIME_ROOT=" + repr(str(REPO_ROOT)),
                "LIVE_IMPORT_ROOT=" + repr(str(REPO_ROOT)),
                "SYNC_BRANCH=editable-install",
                "\n".join(bash_lines),
            ]
        )
        result = _run_watchdog_shell(script)
        assert result.returncode == 0, result.stderr
        proofs = json.loads(result.stdout.strip())
        assert len(proofs) == 4
        for proof in proofs:
>           assert proof["family"] != "", proof
E           AssertionError: {'_generator': 'default_plan_relaunch', 'accepted_repair_requires_canonical_delegation': True, 'can_become_accepted_repair_on_success': False, 'canonical_delegation_path': 'simple_fixer.singleton_claim.exact_f01_tuple', ...}
E           assert '' != ''

tests/cloud/test_watchdog_wrappers.py:2096: AssertionError
_ test_watchdog_relaunch_commands_bind_only_accepted_root_on_pythonpath[watchdog] _

tmp_path = PosixPath('/private/var/folders/_w/b3tthv192m77c760dbyzvk200000gn/T/pytest-of-peteromalley/pytest-6/test_watchdog_relaunch_command0')
wrapper_kind = 'watchdog'

    @pytest.mark.parametrize("wrapper_kind", ["watchdog"])
    def test_watchdog_relaunch_commands_bind_only_accepted_root_on_pythonpath(
        tmp_path: Path,
        wrapper_kind: str,
    ) -> None:
        """G5 round-6 finding 2 (watchdog) / round-7 finding 2 (repair-loop): every
        generated relaunch command uses PYTHONPATH=<accepted root> ONLY.  The
        inherited ``:${PYTHONPATH:-}`` append is gone, so an ambient shared-root
        PYTHONPATH cannot leak into the launched python process."""
        functions = "\n\n".join(_extract_relaunch_functions(wrapper_kind))
        ws = tmp_path / "ws"
        ws.mkdir()
        # G5 (round-17 finding 1c): the watchdog preflight compares against the
        # real import root, so the watchdog half pins the manifest/recorded root
        # to the live import root itself (REPO_ROOT); the repair half keeps its
        # own tmp runtime.
        runtime_root = (
            REPO_ROOT
            if wrapper_kind == "watchdog"
            else (tmp_path / "runtime")
        )
        if wrapper_kind == "repair":
            _init_git_repo(runtime_root)
        _bound_chain_state(ws, "origin/main", runtime_root)
        outputs = {
            "default_plan_relaunch": tmp_path / "plan-auto.sh",
            "resume_plan_relaunch": tmp_path / "plan-resume.sh",
            "default_chain_relaunch": tmp_path / "chain-start.sh",
        }
        script = "\n\n".join(
            [
                functions,
                "SRC_DIR=" + repr(str(runtime_root)),
                *(
                    [f"ARNOLD_SRC={str(runtime_root)!r}"]
                    if wrapper_kind == "repair"
                    else []
                ),
                "MANIFEST_RUNTIME_ROOT=" + repr(str(runtime_root)),
                "LIVE_IMPORT_ROOT=" + repr(str(runtime_root)),
                "PYTHONPATH=" + repr(str(REPO_ROOT)),
                "SYNC_BRANCH=editable-install",
                (
                    f'default_plan_relaunch_command "demo-plan" {str(ws)!r} '
                    f"> {shlex.quote(str(outputs['default_plan_relaunch']))} || exit $?"
                ),
                (
                    f'resume_plan_relaunch_command "demo-plan" {str(ws)!r} '
                    f"> {shlex.quote(str(outputs['resume_plan_relaunch']))} || exit $?"
                ),
                (
                    f'default_chain_relaunch_command "demo-sess" {str(ws)!r} "origin/main" '
                    f"> {shlex.quote(str(outputs['default_chain_relaunch']))} || exit $?"
                ),
            ]
        )
        result = _run_watchdog_shell(script)
>       assert result.returncode == 0, result.stderr
E       AssertionError: chain_runtime_binding_drift: relaunch preflight missing workspace or session identity
E         
E       assert 24 == 0
E        +  where 24 = CompletedProcess(args=['bash', '-c', 'chain_engine_root_preflight() {\n  local workspace="$1"\n  local remote_spec="$2...rncode=24, stdout='', stderr='chain_runtime_binding_drift: relaunch preflight missing workspace or session identity\n').returncode

tests/cloud/test_watchdog_wrappers.py:2328: AssertionError
_ test_watchdog_relaunch_launch_ignores_poisoned_shared_root_pythonpath[watchdog] _

tmp_path = PosixPath('/private/var/folders/_w/b3tthv192m77c760dbyzvk200000gn/T/pytest-of-peteromalley/pytest-6/test_watchdog_relaunch_launch_0')
wrapper_kind = 'watchdog'

    @pytest.mark.parametrize("wrapper_kind", ["watchdog"])
    def test_watchdog_relaunch_launch_ignores_poisoned_shared_root_pythonpath(
        tmp_path: Path,
        wrapper_kind: str,
    ) -> None:
        """G5 round-6 finding 2 (watchdog) / round-7 finding 2 (repair-loop):
        executing a generated relaunch command with a poisoned shared-root
        PYTHONPATH still launches python with ONLY the accepted root on
        PYTHONPATH — the generated assignment never merges the inherited value."""
        functions = "\n\n".join(_extract_relaunch_functions(wrapper_kind))
        ws = tmp_path / "ws"
        ws.mkdir()
        (ws / ".megaplan" / "cloud-logs").mkdir(parents=True, exist_ok=True)
        # G5 (round-17 finding 1c): the watchdog preflight compares against the
        # real import root, so the watchdog half pins the manifest/recorded root
        # to the live import root itself (REPO_ROOT); the repair half keeps its
        # own tmp runtime.
        runtime_root = (
            REPO_ROOT
            if wrapper_kind == "watchdog"
            else (tmp_path / "runtime")
        )
        if wrapper_kind == "repair":
            _init_git_repo(runtime_root)
        _bound_chain_state(ws, "origin/main", runtime_root)
        plan_out = tmp_path / "plan-auto.sh"
        script = "\n\n".join(
            [
                functions,
                "SRC_DIR=" + repr(str(runtime_root)),
                *(
                    [f"ARNOLD_SRC={str(runtime_root)!r}"]
                    if wrapper_kind == "repair"
                    else []
                ),
                "MANIFEST_RUNTIME_ROOT=" + repr(str(runtime_root)),
                "LIVE_IMPORT_ROOT=" + repr(str(runtime_root)),
                "PYTHONPATH=" + repr(str(REPO_ROOT)),
                "SYNC_BRANCH=editable-install",
                (
                    f'default_plan_relaunch_command "demo-plan" {str(ws)!r} '
                    f"> {shlex.quote(str(plan_out))} || exit $?"
                ),
            ]
        )
        result = _run_watchdog_shell(script)
>       assert result.returncode == 0, result.stderr
E       AssertionError: chain_runtime_binding_drift: relaunch preflight missing workspace or session identity
E         
E       assert 24 == 0
E        +  where 24 = CompletedProcess(args=['bash', '-c', 'chain_engine_root_preflight() {\n  local workspace="$1"\n  local remote_spec="$2...rncode=24, stdout='', stderr='chain_runtime_binding_drift: relaunch preflight missing workspace or session identity\n').returncode

tests/cloud/test_watchdog_wrappers.py:2384: AssertionError
________ test_watchdog_plan_markers_relaunch_with_auto_not_chain_start _________

tmp_path = PosixPath('/private/var/folders/_w/b3tthv192m77c760dbyzvk200000gn/T/pytest-of-peteromalley/pytest-6/test_watchdog_plan_markers_rel0')

    def test_watchdog_plan_markers_relaunch_with_auto_not_chain_start(tmp_path: Path) -> None:
        script = "\n\n".join(
            [
                *_extract_relaunch_functions("watchdog"),
                f"SRC_DIR={str(REPO_ROOT)!r}",
                f"MANIFEST_RUNTIME_ROOT={str(REPO_ROOT)!r}",
                "LIVE_IMPORT_ROOT=" + repr(str(REPO_ROOT)),
                "SYNC_BRANCH=editible-install",
                "resolve_relaunch_command demo-session /tmp/workspace /tmp/not-a-chain.yaml plan demo-plan ''",
            ]
        )
        result = _run_watchdog_shell(script)
        assert result.returncode == 0, result.stderr
>       assert "python3 -P -m arnold_pipelines.megaplan auto --plan demo-plan" in result.stdout
E       assert 'python3 -P -m arnold_pipelines.megaplan auto --plan demo-plan' in ''
E        +  where '' = CompletedProcess(args=['bash', '-c', 'chain_engine_root_preflight() {\n  local workspace="$1"\n  local remote_spec="$2...t='', stderr='chain_runtime_binding_drift: session runtime manifest missing: /workspace/.megaplan/demo-session.json\n').stdout

tests/cloud/test_watchdog_wrappers.py:2773: AssertionError
_ test_watchdog_stale_marker_relaunch_command_regenerates_clean_runtime_chain_command _

tmp_path = PosixPath('/private/var/folders/_w/b3tthv192m77c760dbyzvk200000gn/T/pytest-of-peteromalley/pytest-6/test_watchdog_stale_marker_rel0')

    def test_watchdog_stale_marker_relaunch_command_regenerates_clean_runtime_chain_command(
        tmp_path: Path,
    ) -> None:
        stale_command = (
            "{ set -e\n"
            "if [ -n \"$(git -C \"$SRC\" status --porcelain --untracked-files=no)\" ]; then\n"
            "  echo \"[megaplan-refresh] refusing editable install refresh: tracked changes in source checkout at $SRC\"\n"
            "  exit 19\n"
            "fi\n"
            "} >> .megaplan/cloud-chain-progress-auditor-stage-metrics.log 2>&1 && "
            "cd /workspace/progress-auditor-stage-metrics/Arnold && "
            "PYTHONPATH=/workspace/arnold:${PYTHONPATH:-} python -P -m arnold_pipelines.megaplan chain start"
        )
        workspace = tmp_path / "Arnold"
        spec = workspace / ".megaplan" / "initiatives" / "progress-auditor-stage-metrics" / "chain.yaml"
        # G5 (round-17 finding 1c): the preflight compares against the real
        # import root, so the manifest pin and recorded engine root must be the
        # live import root itself.
        runtime_root = REPO_ROOT
        _write_runtime_bound_chain_state(workspace, spec, runtime_root)
        script = "\n\n".join(
            [
                *_extract_relaunch_functions("watchdog"),
                f"SRC_DIR={str(runtime_root)!r}",
                f"MANIFEST_RUNTIME_ROOT={str(runtime_root)!r}",
                f"LIVE_IMPORT_ROOT={str(runtime_root)!r}",
                "PYTHONPATH=" + repr(str(REPO_ROOT)),
                "SYNC_BRANCH=editible-install",
                (
                    f"resolve_relaunch_command progress-auditor-stage-metrics {str(workspace)!r} "
                    f"{str(spec)!r} chain '' {shlex.quote(stale_command)}"
                ),
            ]
        )
        result = _run_watchdog_shell(script)
>       assert result.returncode == 0, result.stderr
E       AssertionError: chain_runtime_binding_drift: session runtime manifest missing: /workspace/.megaplan/progress-auditor-stage-metrics.json
E         
E       assert 24 == 0
E        +  where 24 = CompletedProcess(args=['bash', '-c', 'chain_engine_root_preflight() {\n  local workspace="$1"\n  local remote_spec="$2...n_runtime_binding_drift: session runtime manifest missing: /workspace/.megaplan/progress-auditor-stage-metrics.json\n').returncode

tests/cloud/test_watchdog_wrappers.py:2812: AssertionError
_________ test_watchdog_nonstale_marker_relaunch_command_is_preserved __________

    def test_watchdog_nonstale_marker_relaunch_command_is_preserved() -> None:
        workspace = Path("/tmp/workspace")
        runtime_root = REPO_ROOT
        _write_runtime_bound_chain_state(workspace, "/tmp/chain.yaml", runtime_root)
        script = "\n\n".join(
            [
                *_extract_relaunch_functions("watchdog"),
                f"SRC_DIR={str(runtime_root)!r}",
                f"MANIFEST_RUNTIME_ROOT={str(runtime_root)!r}",
                "LIVE_IMPORT_ROOT=" + repr(str(runtime_root)),
                "SYNC_BRANCH=editible-install",
                "resolve_relaunch_command demo-session /tmp/workspace /tmp/chain.yaml chain '' 'echo marker-command'",
            ]
        )
        result = _run_watchdog_shell(script)
>       assert result.returncode == 0, result.stderr
E       AssertionError: chain_runtime_binding_drift: session runtime manifest missing: /workspace/.megaplan/demo-session.json
E         
E       assert 24 == 0
E        +  where 24 = CompletedProcess(args=['bash', '-c', 'chain_engine_root_preflight() {\n  local workspace="$1"\n  local remote_spec="$2...t='', stderr='chain_runtime_binding_drift: session runtime manifest missing: /workspace/.megaplan/demo-session.json\n').returncode

tests/cloud/test_watchdog_wrappers.py:2841: AssertionError
_ test_chain_resume_authority_outranks_marker_command_and_discovers_plan[watchdog] _

tmp_path = PosixPath('/private/var/folders/_w/b3tthv192m77c760dbyzvk200000gn/T/pytest-of-peteromalley/pytest-6/test_chain_resume_authority_ou0')
wrapper_kind = 'watchdog'

    @pytest.mark.parametrize("wrapper_kind", ["watchdog"])
    def test_chain_resume_authority_outranks_marker_command_and_discovers_plan(
        tmp_path: Path,
        wrapper_kind: str,
    ) -> None:
        workspace = tmp_path / "workspace"
        spec_path = workspace / ".megaplan" / "initiatives" / "demo" / "chain.yaml"
        spec_path.parent.mkdir(parents=True)
        spec_path.write_text("milestones: []\n", encoding="utf-8")
        plan_name = "resume-required-plan"
        plan_dir = workspace / ".megaplan" / "plans" / plan_name
        plan_dir.mkdir(parents=True)
        (plan_dir / "state.json").write_text(
            json.dumps(
                {
                    "current_state": "blocked",
                    "resume_cursor": {
                        "phase": "plan",
                        "retry_strategy": "check_provider_and_retry",
                    },
                    "latest_failure": {
                        "kind": "external_error_resume_required",
                        "phase": "recover-blocked",
                    },
                }
            ),
            encoding="utf-8",
        )
        _write_runtime_bound_chain_state(
            workspace,
            spec_path,
            REPO_ROOT,
            plan_name=plan_name,
        )
    
        source_var = "SRC_DIR" if wrapper_kind == "watchdog" else "ARNOLD_SRC"
        script = "\n\n".join(
            [
                *_extract_relaunch_functions(wrapper_kind),
                f"{source_var}={str(REPO_ROOT)!r}",
                f"MANIFEST_RUNTIME_ROOT={str(REPO_ROOT)!r}",
                f"LIVE_IMPORT_ROOT={str(REPO_ROOT)!r}",
                "SYNC_BRANCH=editible-install",
                (
                    f"resolve_relaunch_command demo-session {str(workspace)!r} "
                    f"{str(spec_path)!r} chain '' 'echo marker-chain-start'"
                ),
            ]
        )
        result = _run_watchdog_shell(script)
>       assert result.returncode == 0, result.stderr
E       AssertionError: chain_runtime_binding_drift: session runtime manifest missing: /workspace/.megaplan/demo-session.json
E         
E       assert 24 == 0
E        +  where 24 = CompletedProcess(args=['bash', '-c', 'chain_engine_root_preflight() {\n  local workspace="$1"\n  local remote_spec="$2...t='', stderr='chain_runtime_binding_drift: session runtime manifest missing: /workspace/.megaplan/demo-session.json\n').returncode

tests/cloud/test_watchdog_wrappers.py:2895: AssertionError
__ test_persisted_push_capable_marker_command_is_always_regenerated[watchdog] __

tmp_path = PosixPath('/private/var/folders/_w/b3tthv192m77c760dbyzvk200000gn/T/pytest-of-peteromalley/pytest-6/test_persisted_push_capable_ma0')
wrapper_kind = 'watchdog'

    @pytest.mark.parametrize("wrapper_kind", ["watchdog"])
    def test_persisted_push_capable_marker_command_is_always_regenerated(
        tmp_path: Path,
        wrapper_kind: str,
    ) -> None:
        stale_command = (
            "echo '[megaplan-refresh] refusing editable install refresh:'; "
            "echo 'source checkout dirty; using clean runtime mirror'; "
            "echo 'source checkout has local commits not contained in origin/$REF; attempting push'; "
            "git -C \"$SRC\" push origin \"$REF\"; "
            "git -C \"$MEGAPLAN_RUNTIME_SRC\" merge-base --is-ancestor HEAD \"origin/$REF\""
        )
        workspace = tmp_path / "workspace"
        spec = workspace / ".megaplan" / "initiatives" / "demo" / "chain.yaml"
        # G5 (round-17 finding 1c): the watchdog preflight compares against the
        # real import root, so the watchdog half pins the manifest/recorded root
        # to the live import root itself (REPO_ROOT); the repair half keeps its
        # own tmp runtime.
        runtime_root = (
            REPO_ROOT
            if wrapper_kind == "watchdog"
            else _relaunch_runtime_root(tmp_path)
        )
        _write_runtime_bound_chain_state(workspace, spec, runtime_root)
        extract = _extract_wrapper_function
        source_var = "SRC_DIR" if wrapper_kind == "watchdog" else "ARNOLD_SRC"
        script = "\n\n".join(
            [
                extract("chain_engine_root_preflight"),
                extract("default_plan_relaunch_command"),
                extract("resume_plan_relaunch_command"),
                extract("chain_resume_plan_relaunch_command_if_needed"),
                extract("stale_marker_relaunch_command"),
                extract("default_chain_relaunch_command"),
                extract("resolve_relaunch_command"),
                f"{source_var}={str(runtime_root)!r}",
                f"MANIFEST_RUNTIME_ROOT={str(runtime_root)!r}",
                f"LIVE_IMPORT_ROOT={str(runtime_root)!r}",
                "PYTHONPATH=" + repr(str(REPO_ROOT)),
                *(
                    [f"WRAPPER_REPO_ROOT={str(REPO_ROOT)!r}"]
                    if wrapper_kind == "repair"
                    else []
                ),
                "SYNC_BRANCH=editible-install",
                (
                    f"resolve_relaunch_command demo-session {str(workspace)!r} "
                    f"{str(spec)!r} chain '' {shlex.quote(stale_command)}"
                ),
            ]
        )
        result = _run_watchdog_shell(script)
>       assert result.returncode == 0, result.stderr
E       AssertionError: chain_runtime_binding_drift: session runtime manifest missing: /workspace/.megaplan/demo-session.json
E         
E       assert 24 == 0
E        +  where 24 = CompletedProcess(args=['bash', '-c', 'chain_engine_root_preflight() {\n  local workspace="$1"\n  local remote_spec="$2...t='', stderr='chain_runtime_binding_drift: session runtime manifest missing: /workspace/.megaplan/demo-session.json\n').returncode

tests/cloud/test_watchdog_wrappers.py:2952: AssertionError
_ test_persisted_install_capable_marker_command_is_always_regenerated[watchdog] _

tmp_path = PosixPath('/private/var/folders/_w/b3tthv192m77c760dbyzvk200000gn/T/pytest-of-peteromalley/pytest-6/test_persisted_install_capable0')
wrapper_kind = 'watchdog'

    @pytest.mark.parametrize("wrapper_kind", ["watchdog"])
    def test_persisted_install_capable_marker_command_is_always_regenerated(
        tmp_path: Path,
        wrapper_kind: str,
    ) -> None:
        persisted_command = (
            "pip install -e /tmp/unbound-runtime && "
            "touch /tmp/unbound-runtime-was-selected"
        )
        workspace = tmp_path / "workspace"
        spec = workspace / ".megaplan" / "initiatives" / "demo" / "chain.yaml"
        # G5 (round-17 finding 1c): the watchdog preflight compares against the
        # real import root, so the watchdog half pins the manifest/recorded root
        # to the live import root itself (REPO_ROOT); the repair half keeps its
        # own tmp runtime.
        runtime_root = (
            REPO_ROOT
            if wrapper_kind == "watchdog"
            else _relaunch_runtime_root(tmp_path)
        )
        _write_runtime_bound_chain_state(workspace, spec, runtime_root)
        extract = _extract_wrapper_function
        source_var = "SRC_DIR" if wrapper_kind == "watchdog" else "ARNOLD_SRC"
        script = "\n\n".join(
            [
                extract("chain_engine_root_preflight"),
                extract("default_plan_relaunch_command"),
                extract("resume_plan_relaunch_command"),
                extract("chain_resume_plan_relaunch_command_if_needed"),
                extract("stale_marker_relaunch_command"),
                extract("default_chain_relaunch_command"),
                extract("resolve_relaunch_command"),
                f"{source_var}={str(runtime_root)!r}",
                f"MANIFEST_RUNTIME_ROOT={str(runtime_root)!r}",
                f"LIVE_IMPORT_ROOT={str(runtime_root)!r}",
                "PYTHONPATH=" + repr(str(REPO_ROOT)),
                *(
                    [f"WRAPPER_REPO_ROOT={str(REPO_ROOT)!r}"]
                    if wrapper_kind == "repair"
                    else []
                ),
                "SYNC_BRANCH=editible-install",
                (
                    f"resolve_relaunch_command demo-session {str(workspace)!r} "
                    f"{str(spec)!r} chain '' {shlex.quote(persisted_command)}"
                ),
            ]
        )
        result = _run_watchdog_shell(script)
>       assert result.returncode == 0, result.stderr
E       AssertionError: chain_runtime_binding_drift: session runtime manifest missing: /workspace/.megaplan/demo-session.json
E         
E       assert 24 == 0
E        +  where 24 = CompletedProcess(args=['bash', '-c', 'chain_engine_root_preflight() {\n  local workspace="$1"\n  local remote_spec="$2...t='', stderr='chain_runtime_binding_drift: session runtime manifest missing: /workspace/.megaplan/demo-session.json\n').returncode

tests/cloud/test_watchdog_wrappers.py:3015: AssertionError
_ test_persisted_shared_root_invocation_marker_is_regenerated[/workspace/arnold/bin/python -P -m arnold_pipelines.megaplan chain start --spec chain.yaml-watchdog] _

tmp_path = PosixPath('/private/var/folders/_w/b3tthv192m77c760dbyzvk200000gn/T/pytest-of-peteromalley/pytest-6/test_persisted_shared_root_inv0')
wrapper_kind = 'watchdog'
persisted_command = '/workspace/arnold/bin/python -P -m arnold_pipelines.megaplan chain start --spec chain.yaml'

    @pytest.mark.parametrize("wrapper_kind", ["watchdog"])
    @pytest.mark.parametrize(
        "persisted_command",
        (
            "/workspace/arnold/bin/python -P -m arnold_pipelines.megaplan chain start --spec chain.yaml",
            "env ARNOLD_SRC=/workspace/arnold /workspace/arnold/bin/python -P -m arnold_pipelines.megaplan chain start",
        ),
    )
    def test_persisted_shared_root_invocation_marker_is_regenerated(
        tmp_path: Path,
        wrapper_kind: str,
        persisted_command: str,
    ) -> None:
        """G5 round-10 finding 2: both relaunch wrappers reject a persisted
        command that invokes a python/binary under the shared /workspace/arnold
        checkout (bare or env-prefixed) and regenerate the clean manifest-runtime
        chain start from the preflight-accepted root.
        """
        workspace = tmp_path / "workspace"
        spec = workspace / ".megaplan" / "initiatives" / "demo" / "chain.yaml"
        # G5 (round-17 finding 1c): the watchdog preflight compares against the
        # real import root, so the watchdog half pins the manifest/recorded root
        # to the live import root itself (REPO_ROOT); the repair half keeps its
        # own tmp runtime.
        runtime_root = (
            REPO_ROOT
            if wrapper_kind == "watchdog"
            else _relaunch_runtime_root(tmp_path)
        )
        _write_runtime_bound_chain_state(workspace, spec, runtime_root)
        extract = _extract_wrapper_function
        source_var = "SRC_DIR" if wrapper_kind == "watchdog" else "ARNOLD_SRC"
        script = "\n\n".join(
            [
                extract("chain_engine_root_preflight"),
                extract("default_plan_relaunch_command"),
                extract("resume_plan_relaunch_command"),
                extract("chain_resume_plan_relaunch_command_if_needed"),
                extract("stale_marker_relaunch_command"),
                extract("default_chain_relaunch_command"),
                extract("resolve_relaunch_command"),
                f"{source_var}={str(runtime_root)!r}",
                f"MANIFEST_RUNTIME_ROOT={str(runtime_root)!r}",
                f"LIVE_IMPORT_ROOT={str(runtime_root)!r}",
                "PYTHONPATH=" + repr(str(REPO_ROOT)),
                *(
                    [f"WRAPPER_REPO_ROOT={str(REPO_ROOT)!r}"]
                    if wrapper_kind == "repair"
                    else []
                ),
                "SYNC_BRANCH=editible-install",
                (
                    f"resolve_relaunch_command demo-session {str(workspace)!r} "
                    f"{str(spec)!r} chain '' {shlex.quote(persisted_command)}"
                ),
            ]
        )
        result = _run_watchdog_shell(script)
>       assert result.returncode == 0, result.stderr
E       AssertionError: chain_runtime_binding_drift: session runtime manifest missing: /workspace/.megaplan/demo-session.json
E         
E       assert 24 == 0
E        +  where 24 = CompletedProcess(args=['bash', '-c', 'chain_engine_root_preflight() {\n  local workspace="$1"\n  local remote_spec="$2...t='', stderr='chain_runtime_binding_drift: session runtime manifest missing: /workspace/.megaplan/demo-session.json\n').returncode

tests/cloud/test_watchdog_wrappers.py:3079: AssertionError
_ test_persisted_shared_root_invocation_marker_is_regenerated[env ARNOLD_SRC=/workspace/arnold /workspace/arnold/bin/python -P -m arnold_pipelines.megaplan chain start-watchdog] _

tmp_path = PosixPath('/private/var/folders/_w/b3tthv192m77c760dbyzvk200000gn/T/pytest-of-peteromalley/pytest-6/test_persisted_shared_root_inv1')
wrapper_kind = 'watchdog'
persisted_command = 'env ARNOLD_SRC=/workspace/arnold /workspace/arnold/bin/python -P -m arnold_pipelines.megaplan chain start'

    @pytest.mark.parametrize("wrapper_kind", ["watchdog"])
    @pytest.mark.parametrize(
        "persisted_command",
        (
            "/workspace/arnold/bin/python -P -m arnold_pipelines.megaplan chain start --spec chain.yaml",
            "env ARNOLD_SRC=/workspace/arnold /workspace/arnold/bin/python -P -m arnold_pipelines.megaplan chain start",
        ),
    )
    def test_persisted_shared_root_invocation_marker_is_regenerated(
        tmp_path: Path,
        wrapper_kind: str,
        persisted_command: str,
    ) -> None:
        """G5 round-10 finding 2: both relaunch wrappers reject a persisted
        command that invokes a python/binary under the shared /workspace/arnold
        checkout (bare or env-prefixed) and regenerate the clean manifest-runtime
        chain start from the preflight-accepted root.
        """
        workspace = tmp_path / "workspace"
        spec = workspace / ".megaplan" / "initiatives" / "demo" / "chain.yaml"
        # G5 (round-17 finding 1c): the watchdog preflight compares against the
        # real import root, so the watchdog half pins the manifest/recorded root
        # to the live import root itself (REPO_ROOT); the repair half keeps its
        # own tmp runtime.
        runtime_root = (
            REPO_ROOT
            if wrapper_kind == "watchdog"
            else _relaunch_runtime_root(tmp_path)
        )
        _write_runtime_bound_chain_state(workspace, spec, runtime_root)
        extract = _extract_wrapper_function
        source_var = "SRC_DIR" if wrapper_kind == "watchdog" else "ARNOLD_SRC"
        script = "\n\n".join(
            [
                extract("chain_engine_root_preflight"),
                extract("default_plan_relaunch_command"),
                extract("resume_plan_relaunch_command"),
                extract("chain_resume_plan_relaunch_command_if_needed"),
                extract("stale_marker_relaunch_command"),
                extract("default_chain_relaunch_command"),
                extract("resolve_relaunch_command"),
                f"{source_var}={str(runtime_root)!r}",
                f"MANIFEST_RUNTIME_ROOT={str(runtime_root)!r}",
                f"LIVE_IMPORT_ROOT={str(runtime_root)!r}",
                "PYTHONPATH=" + repr(str(REPO_ROOT)),
                *(
                    [f"WRAPPER_REPO_ROOT={str(REPO_ROOT)!r}"]
                    if wrapper_kind == "repair"
                    else []
                ),
                "SYNC_BRANCH=editible-install",
                (
                    f"resolve_relaunch_command demo-session {str(workspace)!r} "
                    f"{str(spec)!r} chain '' {shlex.quote(persisted_command)}"
                ),
            ]
        )
        result = _run_watchdog_shell(script)
>       assert result.returncode == 0, result.stderr
E       AssertionError: chain_runtime_binding_drift: session runtime manifest missing: /workspace/.megaplan/demo-session.json
E         
E       assert 24 == 0
E        +  where 24 = CompletedProcess(args=['bash', '-c', 'chain_engine_root_preflight() {\n  local workspace="$1"\n  local remote_spec="$2...t='', stderr='chain_runtime_binding_drift: session runtime manifest missing: /workspace/.megaplan/demo-session.json\n').returncode

tests/cloud/test_watchdog_wrappers.py:3079: AssertionError
_______ test_persisted_per_epic_invocation_marker_is_preserved[watchdog] _______

tmp_path = PosixPath('/private/var/folders/_w/b3tthv192m77c760dbyzvk200000gn/T/pytest-of-peteromalley/pytest-6/test_persisted_per_epic_invoca0')
wrapper_kind = 'watchdog'

    @pytest.mark.parametrize("wrapper_kind", ["watchdog"])
    def test_persisted_per_epic_invocation_marker_is_preserved(
        tmp_path: Path,
        wrapper_kind: str,
    ) -> None:
        """G5 round-14 finding 1: a persisted command invoking a python from the
        ACCEPTED manifest root (a per-epic runtime) stays admissible and is
        returned unchanged by both relaunch wrappers.  (Rounds 10/11 admitted
        ANY per-epic path; round 14 tightened admission to the accepted root —
        a different per-epic runtime is regenerated, see
        test_persisted_foreign_per_epic_marker_command_is_regenerated.)
        """
        workspace = tmp_path / "workspace"
        spec = workspace / ".megaplan" / "initiatives" / "demo" / "chain.yaml"
        # G5 (round-17 finding 1c): the watchdog preflight compares against the
        # real import root, so the watchdog half pins the manifest/recorded root
        # to the live import root itself (REPO_ROOT); the repair half keeps its
        # own tmp runtime.
        runtime_root = (
            REPO_ROOT
            if wrapper_kind == "watchdog"
            else _relaunch_runtime_root(tmp_path)
        )
        _write_runtime_bound_chain_state(workspace, spec, runtime_root)
        persisted_command = (
            f"{runtime_root}/bin/python -P -m "
            "arnold_pipelines.megaplan chain start --spec chain.yaml"
        )
        extract = _extract_wrapper_function
        source_var = "SRC_DIR" if wrapper_kind == "watchdog" else "ARNOLD_SRC"
        script = "\n\n".join(
            [
                extract("chain_engine_root_preflight"),
                extract("default_plan_relaunch_command"),
                extract("resume_plan_relaunch_command"),
                extract("chain_resume_plan_relaunch_command_if_needed"),
                extract("stale_marker_relaunch_command"),
                extract("default_chain_relaunch_command"),
                extract("resolve_relaunch_command"),
                f"{source_var}={str(runtime_root)!r}",
                f"MANIFEST_RUNTIME_ROOT={str(runtime_root)!r}",
                f"LIVE_IMPORT_ROOT={str(runtime_root)!r}",
                "PYTHONPATH=" + repr(str(REPO_ROOT)),
                *(
                    [f"WRAPPER_REPO_ROOT={str(REPO_ROOT)!r}"]
                    if wrapper_kind == "repair"
                    else []
                ),
                "SYNC_BRANCH=editible-install",
                (
                    f"resolve_relaunch_command demo-session {str(workspace)!r} "
                    f"{str(spec)!r} chain '' {shlex.quote(persisted_command)}"
                ),
            ]
        )
        result = _run_watchdog_shell(script)
>       assert result.returncode == 0, result.stderr
E       AssertionError: chain_runtime_binding_drift: session runtime manifest missing: /workspace/.megaplan/demo-session.json
E         
E       assert 24 == 0
E        +  where 24 = CompletedProcess(args=['bash', '-c', 'chain_engine_root_preflight() {\n  local workspace="$1"\n  local remote_spec="$2...t='', stderr='chain_runtime_binding_drift: session runtime manifest missing: /workspace/.megaplan/demo-session.json\n').returncode

tests/cloud/test_watchdog_wrappers.py:3144: AssertionError
_ test_persisted_shared_root_param_expansion_marker_is_regenerated[MEGAPLAN_RUNTIME_SRC=${MEGAPLAN_RUNTIME_SRC:-/workspace/arnold} python -P -m arnold_pipelines.megaplan chain start --spec chain.yaml-watchdog] _

tmp_path = PosixPath('/private/var/folders/_w/b3tthv192m77c760dbyzvk200000gn/T/pytest-of-peteromalley/pytest-6/test_persisted_shared_root_par0')
wrapper_kind = 'watchdog'
persisted_command = 'MEGAPLAN_RUNTIME_SRC=${MEGAPLAN_RUNTIME_SRC:-/workspace/arnold} python -P -m arnold_pipelines.megaplan chain start --spec chain.yaml'

    @pytest.mark.parametrize("wrapper_kind", ["watchdog"])
    @pytest.mark.parametrize(
        "persisted_command",
        (
            "MEGAPLAN_RUNTIME_SRC=${MEGAPLAN_RUNTIME_SRC:-/workspace/arnold} "
            "python -P -m arnold_pipelines.megaplan chain start --spec chain.yaml",
            "cd ${MEGAPLAN_RUNTIME_SRC:=/workspace/arnold} && "
            "python -P -m arnold_pipelines.megaplan chain start --spec chain.yaml",
            "${MEGAPLAN_RUNTIME_SRC:+/workspace/arnold}/bin/python -P -m "
            "arnold_pipelines.megaplan chain start --spec chain.yaml",
        ),
    )
    def test_persisted_shared_root_param_expansion_marker_is_regenerated(
        tmp_path: Path,
        wrapper_kind: str,
        persisted_command: str,
    ) -> None:
        """G5 round-11 finding 2: both relaunch wrappers reject a persisted
        command that carries the shared /workspace/arnold root inside a shell
        parameter-expansion default/alternate (${VAR:-...}, ${VAR:=...},
        ${VAR:+...}) and regenerate the clean manifest-runtime chain start from
        the preflight-accepted root.
        """
        workspace = tmp_path / "workspace"
        spec = workspace / ".megaplan" / "initiatives" / "demo" / "chain.yaml"
        # G5 (round-17 finding 1c): the watchdog preflight compares against the
        # real import root, so the watchdog half pins the manifest/recorded root
        # to the live import root itself (REPO_ROOT); the repair half keeps its
        # own tmp runtime.
        runtime_root = (
            REPO_ROOT
            if wrapper_kind == "watchdog"
            else _relaunch_runtime_root(tmp_path)
        )
        _write_runtime_bound_chain_state(workspace, spec, runtime_root)
        extract = _extract_wrapper_function
        source_var = "SRC_DIR" if wrapper_kind == "watchdog" else "ARNOLD_SRC"
        script = "\n\n".join(
            [
                extract("chain_engine_root_preflight"),
                extract("default_plan_relaunch_command"),
                extract("resume_plan_relaunch_command"),
                extract("chain_resume_plan_relaunch_command_if_needed"),
                extract("stale_marker_relaunch_command"),
                extract("default_chain_relaunch_command"),
                extract("resolve_relaunch_command"),
                f"{source_var}={str(runtime_root)!r}",
                f"MANIFEST_RUNTIME_ROOT={str(runtime_root)!r}",
                f"LIVE_IMPORT_ROOT={str(runtime_root)!r}",
                "PYTHONPATH=" + repr(str(REPO_ROOT)),
                *(
                    [f"WRAPPER_REPO_ROOT={str(REPO_ROOT)!r}"]
                    if wrapper_kind == "repair"
                    else []
                ),
                "SYNC_BRANCH=editible-install",
                (
                    f"resolve_relaunch_command demo-session {str(workspace)!r} "
                    f"{str(spec)!r} chain '' {shlex.quote(persisted_command)}"
                ),
            ]
        )
        result = _run_watchdog_shell(script)
>       assert result.returncode == 0, result.stderr
E       AssertionError: chain_runtime_binding_drift: session runtime manifest missing: /workspace/.megaplan/demo-session.json
E         
E       assert 24 == 0
E        +  where 24 = CompletedProcess(args=['bash', '-c', 'chain_engine_root_preflight() {\n  local workspace="$1"\n  local remote_spec="$2...t='', stderr='chain_runtime_binding_drift: session runtime manifest missing: /workspace/.megaplan/demo-session.json\n').returncode

tests/cloud/test_watchdog_wrappers.py:3211: AssertionError
_ test_persisted_shared_root_param_expansion_marker_is_regenerated[cd ${MEGAPLAN_RUNTIME_SRC:=/workspace/arnold} && python -P -m arnold_pipelines.megaplan chain start --spec chain.yaml-watchdog] _

tmp_path = PosixPath('/private/var/folders/_w/b3tthv192m77c760dbyzvk200000gn/T/pytest-of-peteromalley/pytest-6/test_persisted_shared_root_par1')
wrapper_kind = 'watchdog'
persisted_command = 'cd ${MEGAPLAN_RUNTIME_SRC:=/workspace/arnold} && python -P -m arnold_pipelines.megaplan chain start --spec chain.yaml'

    @pytest.mark.parametrize("wrapper_kind", ["watchdog"])
    @pytest.mark.parametrize(
        "persisted_command",
        (
            "MEGAPLAN_RUNTIME_SRC=${MEGAPLAN_RUNTIME_SRC:-/workspace/arnold} "
            "python -P -m arnold_pipelines.megaplan chain start --spec chain.yaml",
            "cd ${MEGAPLAN_RUNTIME_SRC:=/workspace/arnold} && "
            "python -P -m arnold_pipelines.megaplan chain start --spec chain.yaml",
            "${MEGAPLAN_RUNTIME_SRC:+/workspace/arnold}/bin/python -P -m "
            "arnold_pipelines.megaplan chain start --spec chain.yaml",
        ),
    )
    def test_persisted_shared_root_param_expansion_marker_is_regenerated(
        tmp_path: Path,
        wrapper_kind: str,
        persisted_command: str,
    ) -> None:
        """G5 round-11 finding 2: both relaunch wrappers reject a persisted
        command that carries the shared /workspace/arnold root inside a shell
        parameter-expansion default/alternate (${VAR:-...}, ${VAR:=...},
        ${VAR:+...}) and regenerate the clean manifest-runtime chain start from
        the preflight-accepted root.
        """
        workspace = tmp_path / "workspace"
        spec = workspace / ".megaplan" / "initiatives" / "demo" / "chain.yaml"
        # G5 (round-17 finding 1c): the watchdog preflight compares against the
        # real import root, so the watchdog half pins the manifest/recorded root
        # to the live import root itself (REPO_ROOT); the repair half keeps its
        # own tmp runtime.
        runtime_root = (
            REPO_ROOT
            if wrapper_kind == "watchdog"
            else _relaunch_runtime_root(tmp_path)
        )
        _write_runtime_bound_chain_state(workspace, spec, runtime_root)
        extract = _extract_wrapper_function
        source_var = "SRC_DIR" if wrapper_kind == "watchdog" else "ARNOLD_SRC"
        script = "\n\n".join(
            [
                extract("chain_engine_root_preflight"),
                extract("default_plan_relaunch_command"),
                extract("resume_plan_relaunch_command"),
                extract("chain_resume_plan_relaunch_command_if_needed"),
                extract("stale_marker_relaunch_command"),
                extract("default_chain_relaunch_command"),
                extract("resolve_relaunch_command"),
                f"{source_var}={str(runtime_root)!r}",
                f"MANIFEST_RUNTIME_ROOT={str(runtime_root)!r}",
                f"LIVE_IMPORT_ROOT={str(runtime_root)!r}",
                "PYTHONPATH=" + repr(str(REPO_ROOT)),
                *(
                    [f"WRAPPER_REPO_ROOT={str(REPO_ROOT)!r}"]
                    if wrapper_kind == "repair"
                    else []
                ),
                "SYNC_BRANCH=editible-install",
                (
                    f"resolve_relaunch_command demo-session {str(workspace)!r} "
                    f"{str(spec)!r} chain '' {shlex.quote(persisted_command)}"
                ),
            ]
        )
        result = _run_watchdog_shell(script)
>       assert result.returncode == 0, result.stderr
E       AssertionError: chain_runtime_binding_drift: session runtime manifest missing: /workspace/.megaplan/demo-session.json
E         
E       assert 24 == 0
E        +  where 24 = CompletedProcess(args=['bash', '-c', 'chain_engine_root_preflight() {\n  local workspace="$1"\n  local remote_spec="$2...t='', stderr='chain_runtime_binding_drift: session runtime manifest missing: /workspace/.megaplan/demo-session.json\n').returncode

tests/cloud/test_watchdog_wrappers.py:3211: AssertionError
_ test_persisted_shared_root_param_expansion_marker_is_regenerated[${MEGAPLAN_RUNTIME_SRC:+/workspace/arnold}/bin/python -P -m arnold_pipelines.megaplan chain start --spec chain.yaml-watchdog] _

tmp_path = PosixPath('/private/var/folders/_w/b3tthv192m77c760dbyzvk200000gn/T/pytest-of-peteromalley/pytest-6/test_persisted_shared_root_par2')
wrapper_kind = 'watchdog'
persisted_command = '${MEGAPLAN_RUNTIME_SRC:+/workspace/arnold}/bin/python -P -m arnold_pipelines.megaplan chain start --spec chain.yaml'

    @pytest.mark.parametrize("wrapper_kind", ["watchdog"])
    @pytest.mark.parametrize(
        "persisted_command",
        (
            "MEGAPLAN_RUNTIME_SRC=${MEGAPLAN_RUNTIME_SRC:-/workspace/arnold} "
            "python -P -m arnold_pipelines.megaplan chain start --spec chain.yaml",
            "cd ${MEGAPLAN_RUNTIME_SRC:=/workspace/arnold} && "
            "python -P -m arnold_pipelines.megaplan chain start --spec chain.yaml",
            "${MEGAPLAN_RUNTIME_SRC:+/workspace/arnold}/bin/python -P -m "
            "arnold_pipelines.megaplan chain start --spec chain.yaml",
        ),
    )
    def test_persisted_shared_root_param_expansion_marker_is_regenerated(
        tmp_path: Path,
        wrapper_kind: str,
        persisted_command: str,
    ) -> None:
        """G5 round-11 finding 2: both relaunch wrappers reject a persisted
        command that carries the shared /workspace/arnold root inside a shell
        parameter-expansion default/alternate (${VAR:-...}, ${VAR:=...},
        ${VAR:+...}) and regenerate the clean manifest-runtime chain start from
        the preflight-accepted root.
        """
        workspace = tmp_path / "workspace"
        spec = workspace / ".megaplan" / "initiatives" / "demo" / "chain.yaml"
        # G5 (round-17 finding 1c): the watchdog preflight compares against the
        # real import root, so the watchdog half pins the manifest/recorded root
        # to the live import root itself (REPO_ROOT); the repair half keeps its
        # own tmp runtime.
        runtime_root = (
            REPO_ROOT
            if wrapper_kind == "watchdog"
            else _relaunch_runtime_root(tmp_path)
        )
        _write_runtime_bound_chain_state(workspace, spec, runtime_root)
        extract = _extract_wrapper_function
        source_var = "SRC_DIR" if wrapper_kind == "watchdog" else "ARNOLD_SRC"
        script = "\n\n".join(
            [
                extract("chain_engine_root_preflight"),
                extract("default_plan_relaunch_command"),
                extract("resume_plan_relaunch_command"),
                extract("chain_resume_plan_relaunch_command_if_needed"),
                extract("stale_marker_relaunch_command"),
                extract("default_chain_relaunch_command"),
                extract("resolve_relaunch_command"),
                f"{source_var}={str(runtime_root)!r}",
                f"MANIFEST_RUNTIME_ROOT={str(runtime_root)!r}",
                f"LIVE_IMPORT_ROOT={str(runtime_root)!r}",
                "PYTHONPATH=" + repr(str(REPO_ROOT)),
                *(
                    [f"WRAPPER_REPO_ROOT={str(REPO_ROOT)!r}"]
                    if wrapper_kind == "repair"
                    else []
                ),
                "SYNC_BRANCH=editible-install",
                (
                    f"resolve_relaunch_command demo-session {str(workspace)!r} "
                    f"{str(spec)!r} chain '' {shlex.quote(persisted_command)}"
                ),
            ]
        )
        result = _run_watchdog_shell(script)
>       assert result.returncode == 0, result.stderr
E       AssertionError: chain_runtime_binding_drift: session runtime manifest missing: /workspace/.megaplan/demo-session.json
E         
E       assert 24 == 0
E        +  where 24 = CompletedProcess(args=['bash', '-c', 'chain_engine_root_preflight() {\n  local workspace="$1"\n  local remote_spec="$2...t='', stderr='chain_runtime_binding_drift: session runtime manifest missing: /workspace/.megaplan/demo-session.json\n').returncode

tests/cloud/test_watchdog_wrappers.py:3211: AssertionError
____ test_persisted_per_epic_param_expansion_marker_is_preserved[watchdog] _____

tmp_path = PosixPath('/private/var/folders/_w/b3tthv192m77c760dbyzvk200000gn/T/pytest-of-peteromalley/pytest-6/test_persisted_per_epic_param_0')
wrapper_kind = 'watchdog'

    @pytest.mark.parametrize("wrapper_kind", ["watchdog"])
    def test_persisted_per_epic_param_expansion_marker_is_preserved(
        tmp_path: Path,
        wrapper_kind: str,
    ) -> None:
        """G5 round-14 finding 1: the ACCEPTED manifest root inside a parameter
        expansion is a legitimate per-epic runtime — a persisted command naming
        it stays admissible and is returned unchanged by both relaunch
        wrappers.  (Rounds 10/11 admitted ANY per-epic path; round 14 tightened
        admission to the accepted root.)
        """
        workspace = tmp_path / "workspace"
        spec = workspace / ".megaplan" / "initiatives" / "demo" / "chain.yaml"
        # G5 (round-17 finding 1c): the watchdog preflight compares against the
        # real import root, so the watchdog half pins the manifest/recorded root
        # to the live import root itself (REPO_ROOT); the repair half keeps its
        # own tmp runtime.
        runtime_root = (
            REPO_ROOT
            if wrapper_kind == "watchdog"
            else _relaunch_runtime_root(tmp_path)
        )
        _write_runtime_bound_chain_state(workspace, spec, runtime_root)
        persisted_command = (
            f"CHAIN_RUNTIME=${{CHAIN_RUNTIME:-{runtime_root}}} "
            "python -P -m arnold_pipelines.megaplan chain start --spec chain.yaml"
        )
        extract = _extract_wrapper_function
        source_var = "SRC_DIR" if wrapper_kind == "watchdog" else "ARNOLD_SRC"
        script = "\n\n".join(
            [
                extract("chain_engine_root_preflight"),
                extract("default_plan_relaunch_command"),
                extract("resume_plan_relaunch_command"),
                extract("chain_resume_plan_relaunch_command_if_needed"),
                extract("stale_marker_relaunch_command"),
                extract("default_chain_relaunch_command"),
                extract("resolve_relaunch_command"),
                f"{source_var}={str(runtime_root)!r}",
                f"MANIFEST_RUNTIME_ROOT={str(runtime_root)!r}",
                f"LIVE_IMPORT_ROOT={str(runtime_root)!r}",
                "PYTHONPATH=" + repr(str(REPO_ROOT)),
                *(
                    [f"WRAPPER_REPO_ROOT={str(REPO_ROOT)!r}"]
                    if wrapper_kind == "repair"
                    else []
                ),
                "SYNC_BRANCH=editible-install",
                (
                    f"resolve_relaunch_command demo-session {str(workspace)!r} "
                    f"{str(spec)!r} chain '' {shlex.quote(persisted_command)}"
                ),
            ]
        )
        result = _run_watchdog_shell(script)
>       assert result.returncode == 0, result.stderr
E       AssertionError: chain_runtime_binding_drift: session runtime manifest missing: /workspace/.megaplan/demo-session.json
E         
E       assert 24 == 0
E        +  where 24 = CompletedProcess(args=['bash', '-c', 'chain_engine_root_preflight() {\n  local workspace="$1"\n  local remote_spec="$2...t='', stderr='chain_runtime_binding_drift: session runtime manifest missing: /workspace/.megaplan/demo-session.json\n').returncode

tests/cloud/test_watchdog_wrappers.py:3276: AssertionError
_ test_persisted_foreign_per_epic_marker_command_is_regenerated[PYTHONPATH=/workspace/runtime-candidates/arnold-old:${PYTHONPATH:-} python -P -m arnold_pipelines.megaplan chain start --spec chain.yaml-watchdog] _

tmp_path = PosixPath('/private/var/folders/_w/b3tthv192m77c760dbyzvk200000gn/T/pytest-of-peteromalley/pytest-6/test_persisted_foreign_per_epi0')
wrapper_kind = 'watchdog'
persisted_command = 'PYTHONPATH=/workspace/runtime-candidates/arnold-old:${PYTHONPATH:-} python -P -m arnold_pipelines.megaplan chain start --spec chain.yaml'

    @pytest.mark.parametrize("wrapper_kind", ["watchdog"])
    @pytest.mark.parametrize(
        "persisted_command",
        (
            "PYTHONPATH=/workspace/runtime-candidates/arnold-old:${PYTHONPATH:-} "
            "python -P -m arnold_pipelines.megaplan chain start --spec chain.yaml",
            "cd /workspace/runtime-candidates/arnold-old && "
            "python -P -m arnold_pipelines.megaplan chain start --spec chain.yaml",
            "/workspace/runtime-candidates/arnold-old/bin/python -P -m "
            "arnold_pipelines.megaplan chain start --spec chain.yaml",
        ),
    )
    def test_persisted_foreign_per_epic_marker_command_is_regenerated(
        tmp_path: Path,
        wrapper_kind: str,
        persisted_command: str,
    ) -> None:
        """G5 round-14 finding 1: a persisted command referencing a per-epic
        runtime path OTHER than the accepted manifest root (here arnold-old
        while the accepted root is the tmp runtime) is never returned verbatim
        — both relaunch wrappers regenerate the clean manifest-runtime chain
        start from the preflight-accepted root.
        """
        workspace = tmp_path / "workspace"
        spec = workspace / ".megaplan" / "initiatives" / "demo" / "chain.yaml"
        # G5 (round-17 finding 1c): the watchdog preflight compares against the
        # real import root, so the watchdog half pins the manifest/recorded root
        # to the live import root itself (REPO_ROOT); the repair half keeps its
        # own tmp runtime.
        runtime_root = (
            REPO_ROOT
            if wrapper_kind == "watchdog"
            else _relaunch_runtime_root(tmp_path)
        )
        _write_runtime_bound_chain_state(workspace, spec, runtime_root)
        extract = _extract_wrapper_function
        source_var = "SRC_DIR" if wrapper_kind == "watchdog" else "ARNOLD_SRC"
        script = "\n\n".join(
            [
                extract("chain_engine_root_preflight"),
                extract("default_plan_relaunch_command"),
                extract("resume_plan_relaunch_command"),
                extract("chain_resume_plan_relaunch_command_if_needed"),
                extract("stale_marker_relaunch_command"),
                extract("default_chain_relaunch_command"),
                extract("resolve_relaunch_command"),
                f"{source_var}={str(runtime_root)!r}",
                f"MANIFEST_RUNTIME_ROOT={str(runtime_root)!r}",
                f"LIVE_IMPORT_ROOT={str(runtime_root)!r}",
                "PYTHONPATH=" + repr(str(REPO_ROOT)),
                *(
                    [f"WRAPPER_REPO_ROOT={str(REPO_ROOT)!r}"]
                    if wrapper_kind == "repair"
                    else []
                ),
                "SYNC_BRANCH=editible-install",
                (
                    f"resolve_relaunch_command demo-session {str(workspace)!r} "
                    f"{str(spec)!r} chain '' {shlex.quote(persisted_command)}"
                ),
            ]
        )
        result = _run_watchdog_shell(script)
>       assert result.returncode == 0, result.stderr
E       AssertionError: chain_runtime_binding_drift: session runtime manifest missing: /workspace/.megaplan/demo-session.json
E         
E       assert 24 == 0
E        +  where 24 = CompletedProcess(args=['bash', '-c', 'chain_engine_root_preflight() {\n  local workspace="$1"\n  local remote_spec="$2...t='', stderr='chain_runtime_binding_drift: session runtime manifest missing: /workspace/.megaplan/demo-session.json\n').returncode

tests/cloud/test_watchdog_wrappers.py:3343: AssertionError
_ test_persisted_foreign_per_epic_marker_command_is_regenerated[cd /workspace/runtime-candidates/arnold-old && python -P -m arnold_pipelines.megaplan chain start --spec chain.yaml-watchdog] _

tmp_path = PosixPath('/private/var/folders/_w/b3tthv192m77c760dbyzvk200000gn/T/pytest-of-peteromalley/pytest-6/test_persisted_foreign_per_epi1')
wrapper_kind = 'watchdog'
persisted_command = 'cd /workspace/runtime-candidates/arnold-old && python -P -m arnold_pipelines.megaplan chain start --spec chain.yaml'

    @pytest.mark.parametrize("wrapper_kind", ["watchdog"])
    @pytest.mark.parametrize(
        "persisted_command",
        (
            "PYTHONPATH=/workspace/runtime-candidates/arnold-old:${PYTHONPATH:-} "
            "python -P -m arnold_pipelines.megaplan chain start --spec chain.yaml",
            "cd /workspace/runtime-candidates/arnold-old && "
            "python -P -m arnold_pipelines.megaplan chain start --spec chain.yaml",
            "/workspace/runtime-candidates/arnold-old/bin/python -P -m "
            "arnold_pipelines.megaplan chain start --spec chain.yaml",
        ),
    )
    def test_persisted_foreign_per_epic_marker_command_is_regenerated(
        tmp_path: Path,
        wrapper_kind: str,
        persisted_command: str,
    ) -> None:
        """G5 round-14 finding 1: a persisted command referencing a per-epic
        runtime path OTHER than the accepted manifest root (here arnold-old
        while the accepted root is the tmp runtime) is never returned verbatim
        — both relaunch wrappers regenerate the clean manifest-runtime chain
        start from the preflight-accepted root.
        """
        workspace = tmp_path / "workspace"
        spec = workspace / ".megaplan" / "initiatives" / "demo" / "chain.yaml"
        # G5 (round-17 finding 1c): the watchdog preflight compares against the
        # real import root, so the watchdog half pins the manifest/recorded root
        # to the live import root itself (REPO_ROOT); the repair half keeps its
        # own tmp runtime.
        runtime_root = (
            REPO_ROOT
            if wrapper_kind == "watchdog"
            else _relaunch_runtime_root(tmp_path)
        )
        _write_runtime_bound_chain_state(workspace, spec, runtime_root)
        extract = _extract_wrapper_function
        source_var = "SRC_DIR" if wrapper_kind == "watchdog" else "ARNOLD_SRC"
        script = "\n\n".join(
            [
                extract("chain_engine_root_preflight"),
                extract("default_plan_relaunch_command"),
                extract("resume_plan_relaunch_command"),
                extract("chain_resume_plan_relaunch_command_if_needed"),
                extract("stale_marker_relaunch_command"),
                extract("default_chain_relaunch_command"),
                extract("resolve_relaunch_command"),
                f"{source_var}={str(runtime_root)!r}",
                f"MANIFEST_RUNTIME_ROOT={str(runtime_root)!r}",
                f"LIVE_IMPORT_ROOT={str(runtime_root)!r}",
                "PYTHONPATH=" + repr(str(REPO_ROOT)),
                *(
                    [f"WRAPPER_REPO_ROOT={str(REPO_ROOT)!r}"]
                    if wrapper_kind == "repair"
                    else []
                ),
                "SYNC_BRANCH=editible-install",
                (
                    f"resolve_relaunch_command demo-session {str(workspace)!r} "
                    f"{str(spec)!r} chain '' {shlex.quote(persisted_command)}"
                ),
            ]
        )
        result = _run_watchdog_shell(script)
>       assert result.returncode == 0, result.stderr
E       AssertionError: chain_runtime_binding_drift: session runtime manifest missing: /workspace/.megaplan/demo-session.json
E         
E       assert 24 == 0
E        +  where 24 = CompletedProcess(args=['bash', '-c', 'chain_engine_root_preflight() {\n  local workspace="$1"\n  local remote_spec="$2...t='', stderr='chain_runtime_binding_drift: session runtime manifest missing: /workspace/.megaplan/demo-session.json\n').returncode

tests/cloud/test_watchdog_wrappers.py:3343: AssertionError
_ test_persisted_foreign_per_epic_marker_command_is_regenerated[/workspace/runtime-candidates/arnold-old/bin/python -P -m arnold_pipelines.megaplan chain start --spec chain.yaml-watchdog] _

tmp_path = PosixPath('/private/var/folders/_w/b3tthv192m77c760dbyzvk200000gn/T/pytest-of-peteromalley/pytest-6/test_persisted_foreign_per_epi2')
wrapper_kind = 'watchdog'
persisted_command = '/workspace/runtime-candidates/arnold-old/bin/python -P -m arnold_pipelines.megaplan chain start --spec chain.yaml'

    @pytest.mark.parametrize("wrapper_kind", ["watchdog"])
    @pytest.mark.parametrize(
        "persisted_command",
        (
            "PYTHONPATH=/workspace/runtime-candidates/arnold-old:${PYTHONPATH:-} "
            "python -P -m arnold_pipelines.megaplan chain start --spec chain.yaml",
            "cd /workspace/runtime-candidates/arnold-old && "
            "python -P -m arnold_pipelines.megaplan chain start --spec chain.yaml",
            "/workspace/runtime-candidates/arnold-old/bin/python -P -m "
            "arnold_pipelines.megaplan chain start --spec chain.yaml",
        ),
    )
    def test_persisted_foreign_per_epic_marker_command_is_regenerated(
        tmp_path: Path,
        wrapper_kind: str,
        persisted_command: str,
    ) -> None:
        """G5 round-14 finding 1: a persisted command referencing a per-epic
        runtime path OTHER than the accepted manifest root (here arnold-old
        while the accepted root is the tmp runtime) is never returned verbatim
        — both relaunch wrappers regenerate the clean manifest-runtime chain
        start from the preflight-accepted root.
        """
        workspace = tmp_path / "workspace"
        spec = workspace / ".megaplan" / "initiatives" / "demo" / "chain.yaml"
        # G5 (round-17 finding 1c): the watchdog preflight compares against the
        # real import root, so the watchdog half pins the manifest/recorded root
        # to the live import root itself (REPO_ROOT); the repair half keeps its
        # own tmp runtime.
        runtime_root = (
            REPO_ROOT
            if wrapper_kind == "watchdog"
            else _relaunch_runtime_root(tmp_path)
        )
        _write_runtime_bound_chain_state(workspace, spec, runtime_root)
        extract = _extract_wrapper_function
        source_var = "SRC_DIR" if wrapper_kind == "watchdog" else "ARNOLD_SRC"
        script = "\n\n".join(
            [
                extract("chain_engine_root_preflight"),
                extract("default_plan_relaunch_command"),
                extract("resume_plan_relaunch_command"),
                extract("chain_resume_plan_relaunch_command_if_needed"),
                extract("stale_marker_relaunch_command"),
                extract("default_chain_relaunch_command"),
                extract("resolve_relaunch_command"),
                f"{source_var}={str(runtime_root)!r}",
                f"MANIFEST_RUNTIME_ROOT={str(runtime_root)!r}",
                f"LIVE_IMPORT_ROOT={str(runtime_root)!r}",
                "PYTHONPATH=" + repr(str(REPO_ROOT)),
                *(
                    [f"WRAPPER_REPO_ROOT={str(REPO_ROOT)!r}"]
                    if wrapper_kind == "repair"
                    else []
                ),
                "SYNC_BRANCH=editible-install",
                (
                    f"resolve_relaunch_command demo-session {str(workspace)!r} "
                    f"{str(spec)!r} chain '' {shlex.quote(persisted_command)}"
                ),
            ]
        )
        result = _run_watchdog_shell(script)
>       assert result.returncode == 0, result.stderr
E       AssertionError: chain_runtime_binding_drift: session runtime manifest missing: /workspace/.megaplan/demo-session.json
E         
E       assert 24 == 0
E        +  where 24 = CompletedProcess(args=['bash', '-c', 'chain_engine_root_preflight() {\n  local workspace="$1"\n  local remote_spec="$2...t='', stderr='chain_runtime_binding_drift: session runtime manifest missing: /workspace/.megaplan/demo-session.json\n').returncode

tests/cloud/test_watchdog_wrappers.py:3343: AssertionError
_ test_persisted_accepted_root_marker_command_is_preserved[cd {root} && python -P -m arnold_pipelines.megaplan chain start --spec chain.yaml-watchdog] _

tmp_path = PosixPath('/private/var/folders/_w/b3tthv192m77c760dbyzvk200000gn/T/pytest-of-peteromalley/pytest-6/test_persisted_accepted_root_m0')
wrapper_kind = 'watchdog'
persisted_command_fmt = 'cd {root} && python -P -m arnold_pipelines.megaplan chain start --spec chain.yaml'

    @pytest.mark.parametrize("wrapper_kind", ["watchdog"])
    @pytest.mark.parametrize(
        "persisted_command_fmt",
        (
            "cd {root} && python -P -m arnold_pipelines.megaplan chain start --spec chain.yaml",
            "PYTHONPATH={root}:${{PYTHONPATH:-}} python -P -m arnold_pipelines.megaplan chain start --spec chain.yaml",
            "{root}/bin/python -P -m arnold_pipelines.megaplan chain start --spec chain.yaml",
        ),
    )
    def test_persisted_accepted_root_marker_command_is_preserved(
        tmp_path: Path,
        wrapper_kind: str,
        persisted_command_fmt: str,
    ) -> None:
        """G5 round-14 finding 1: a persisted command whose runtime-path
        references are the ACCEPTED manifest root stays admissible and is
        returned unchanged by both relaunch wrappers.
        """
        workspace = tmp_path / "workspace"
        spec = workspace / ".megaplan" / "initiatives" / "demo" / "chain.yaml"
        # G5 (round-17 finding 1c): the watchdog preflight compares against the
        # real import root, so the watchdog half pins the manifest/recorded root
        # to the live import root itself (REPO_ROOT); the repair half keeps its
        # own tmp runtime.
        runtime_root = (
            REPO_ROOT
            if wrapper_kind == "watchdog"
            else _relaunch_runtime_root(tmp_path)
        )
        _write_runtime_bound_chain_state(workspace, spec, runtime_root)
        persisted_command = persisted_command_fmt.format(root=runtime_root)
        extract = _extract_wrapper_function
        source_var = "SRC_DIR" if wrapper_kind == "watchdog" else "ARNOLD_SRC"
        script = "\n\n".join(
            [
                extract("chain_engine_root_preflight"),
                extract("default_plan_relaunch_command"),
                extract("resume_plan_relaunch_command"),
                extract("chain_resume_plan_relaunch_command_if_needed"),
                extract("stale_marker_relaunch_command"),
                extract("default_chain_relaunch_command"),
                extract("resolve_relaunch_command"),
                f"{source_var}={str(runtime_root)!r}",
                f"MANIFEST_RUNTIME_ROOT={str(runtime_root)!r}",
                f"LIVE_IMPORT_ROOT={str(runtime_root)!r}",
                "PYTHONPATH=" + repr(str(REPO_ROOT)),
                *(
                    [f"WRAPPER_REPO_ROOT={str(REPO_ROOT)!r}"]
                    if wrapper_kind == "repair"
                    else []
                ),
                "SYNC_BRANCH=editible-install",
                (
                    f"resolve_relaunch_command demo-session {str(workspace)!r} "
                    f"{str(spec)!r} chain '' {shlex.quote(persisted_command)}"
                ),
            ]
        )
        result = _run_watchdog_shell(script)
>       assert result.returncode == 0, result.stderr
E       AssertionError: chain_runtime_binding_drift: session runtime manifest missing: /workspace/.megaplan/demo-session.json
E         
E       assert 24 == 0
E        +  where 24 = CompletedProcess(args=['bash', '-c', 'chain_engine_root_preflight() {\n  local workspace="$1"\n  local remote_spec="$2...t='', stderr='chain_runtime_binding_drift: session runtime manifest missing: /workspace/.megaplan/demo-session.json\n').returncode

tests/cloud/test_watchdog_wrappers.py:3411: AssertionError
_ test_persisted_accepted_root_marker_command_is_preserved[PYTHONPATH={root}:${{PYTHONPATH:-}} python -P -m arnold_pipelines.megaplan chain start --spec chain.yaml-watchdog] _

tmp_path = PosixPath('/private/var/folders/_w/b3tthv192m77c760dbyzvk200000gn/T/pytest-of-peteromalley/pytest-6/test_persisted_accepted_root_m1')
wrapper_kind = 'watchdog'
persisted_command_fmt = 'PYTHONPATH={root}:${{PYTHONPATH:-}} python -P -m arnold_pipelines.megaplan chain start --spec chain.yaml'

    @pytest.mark.parametrize("wrapper_kind", ["watchdog"])
    @pytest.mark.parametrize(
        "persisted_command_fmt",
        (
            "cd {root} && python -P -m arnold_pipelines.megaplan chain start --spec chain.yaml",
            "PYTHONPATH={root}:${{PYTHONPATH:-}} python -P -m arnold_pipelines.megaplan chain start --spec chain.yaml",
            "{root}/bin/python -P -m arnold_pipelines.megaplan chain start --spec chain.yaml",
        ),
    )
    def test_persisted_accepted_root_marker_command_is_preserved(
        tmp_path: Path,
        wrapper_kind: str,
        persisted_command_fmt: str,
    ) -> None:
        """G5 round-14 finding 1: a persisted command whose runtime-path
        references are the ACCEPTED manifest root stays admissible and is
        returned unchanged by both relaunch wrappers.
        """
        workspace = tmp_path / "workspace"
        spec = workspace / ".megaplan" / "initiatives" / "demo" / "chain.yaml"
        # G5 (round-17 finding 1c): the watchdog preflight compares against the
        # real import root, so the watchdog half pins the manifest/recorded root
        # to the live import root itself (REPO_ROOT); the repair half keeps its
        # own tmp runtime.
        runtime_root = (
            REPO_ROOT
            if wrapper_kind == "watchdog"
            else _relaunch_runtime_root(tmp_path)
        )
        _write_runtime_bound_chain_state(workspace, spec, runtime_root)
        persisted_command = persisted_command_fmt.format(root=runtime_root)
        extract = _extract_wrapper_function
        source_var = "SRC_DIR" if wrapper_kind == "watchdog" else "ARNOLD_SRC"
        script = "\n\n".join(
            [
                extract("chain_engine_root_preflight"),
                extract("default_plan_relaunch_command"),
                extract("resume_plan_relaunch_command"),
                extract("chain_resume_plan_relaunch_command_if_needed"),
                extract("stale_marker_relaunch_command"),
                extract("default_chain_relaunch_command"),
                extract("resolve_relaunch_command"),
                f"{source_var}={str(runtime_root)!r}",
                f"MANIFEST_RUNTIME_ROOT={str(runtime_root)!r}",
                f"LIVE_IMPORT_ROOT={str(runtime_root)!r}",
                "PYTHONPATH=" + repr(str(REPO_ROOT)),
                *(
                    [f"WRAPPER_REPO_ROOT={str(REPO_ROOT)!r}"]
                    if wrapper_kind == "repair"
                    else []
                ),
                "SYNC_BRANCH=editible-install",
                (
                    f"resolve_relaunch_command demo-session {str(workspace)!r} "
                    f"{str(spec)!r} chain '' {shlex.quote(persisted_command)}"
                ),
            ]
        )
        result = _run_watchdog_shell(script)
>       assert result.returncode == 0, result.stderr
E       AssertionError: chain_runtime_binding_drift: session runtime manifest missing: /workspace/.megaplan/demo-session.json
E         
E       assert 24 == 0
E        +  where 24 = CompletedProcess(args=['bash', '-c', 'chain_engine_root_preflight() {\n  local workspace="$1"\n  local remote_spec="$2...t='', stderr='chain_runtime_binding_drift: session runtime manifest missing: /workspace/.megaplan/demo-session.json\n').returncode

tests/cloud/test_watchdog_wrappers.py:3411: AssertionError
_ test_persisted_accepted_root_marker_command_is_preserved[{root}/bin/python -P -m arnold_pipelines.megaplan chain start --spec chain.yaml-watchdog] _

tmp_path = PosixPath('/private/var/folders/_w/b3tthv192m77c760dbyzvk200000gn/T/pytest-of-peteromalley/pytest-6/test_persisted_accepted_root_m2')
wrapper_kind = 'watchdog'
persisted_command_fmt = '{root}/bin/python -P -m arnold_pipelines.megaplan chain start --spec chain.yaml'

    @pytest.mark.parametrize("wrapper_kind", ["watchdog"])
    @pytest.mark.parametrize(
        "persisted_command_fmt",
        (
            "cd {root} && python -P -m arnold_pipelines.megaplan chain start --spec chain.yaml",
            "PYTHONPATH={root}:${{PYTHONPATH:-}} python -P -m arnold_pipelines.megaplan chain start --spec chain.yaml",
            "{root}/bin/python -P -m arnold_pipelines.megaplan chain start --spec chain.yaml",
        ),
    )
    def test_persisted_accepted_root_marker_command_is_preserved(
        tmp_path: Path,
        wrapper_kind: str,
        persisted_command_fmt: str,
    ) -> None:
        """G5 round-14 finding 1: a persisted command whose runtime-path
        references are the ACCEPTED manifest root stays admissible and is
        returned unchanged by both relaunch wrappers.
        """
        workspace = tmp_path / "workspace"
        spec = workspace / ".megaplan" / "initiatives" / "demo" / "chain.yaml"
        # G5 (round-17 finding 1c): the watchdog preflight compares against the
        # real import root, so the watchdog half pins the manifest/recorded root
        # to the live import root itself (REPO_ROOT); the repair half keeps its
        # own tmp runtime.
        runtime_root = (
            REPO_ROOT
            if wrapper_kind == "watchdog"
            else _relaunch_runtime_root(tmp_path)
        )
        _write_runtime_bound_chain_state(workspace, spec, runtime_root)
        persisted_command = persisted_command_fmt.format(root=runtime_root)
        extract = _extract_wrapper_function
        source_var = "SRC_DIR" if wrapper_kind == "watchdog" else "ARNOLD_SRC"
        script = "\n\n".join(
            [
                extract("chain_engine_root_preflight"),
                extract("default_plan_relaunch_command"),
                extract("resume_plan_relaunch_command"),
                extract("chain_resume_plan_relaunch_command_if_needed"),
                extract("stale_marker_relaunch_command"),
                extract("default_chain_relaunch_command"),
                extract("resolve_relaunch_command"),
                f"{source_var}={str(runtime_root)!r}",
                f"MANIFEST_RUNTIME_ROOT={str(runtime_root)!r}",
                f"LIVE_IMPORT_ROOT={str(runtime_root)!r}",
                "PYTHONPATH=" + repr(str(REPO_ROOT)),
                *(
                    [f"WRAPPER_REPO_ROOT={str(REPO_ROOT)!r}"]
                    if wrapper_kind == "repair"
                    else []
                ),
                "SYNC_BRANCH=editible-install",
                (
                    f"resolve_relaunch_command demo-session {str(workspace)!r} "
                    f"{str(spec)!r} chain '' {shlex.quote(persisted_command)}"
                ),
            ]
        )
        result = _run_watchdog_shell(script)
>       assert result.returncode == 0, result.stderr
E       AssertionError: chain_runtime_binding_drift: session runtime manifest missing: /workspace/.megaplan/demo-session.json
E         
E       assert 24 == 0
E        +  where 24 = CompletedProcess(args=['bash', '-c', 'chain_engine_root_preflight() {\n  local workspace="$1"\n  local remote_spec="$2...t='', stderr='chain_runtime_binding_drift: session runtime manifest missing: /workspace/.megaplan/demo-session.json\n').returncode

tests/cloud/test_watchdog_wrappers.py:3411: AssertionError
_ test_watchdog_chain_relaunch_prefers_plan_resume_for_external_resume_required _

tmp_path = PosixPath('/private/var/folders/_w/b3tthv192m77c760dbyzvk200000gn/T/pytest-of-peteromalley/pytest-6/test_watchdog_chain_relaunch_p0')

    def test_watchdog_chain_relaunch_prefers_plan_resume_for_external_resume_required(tmp_path: Path) -> None:
        workspace = tmp_path / "workspace"
        plan_dir = workspace / ".megaplan" / "plans" / "demo-plan"
        plan_dir.mkdir(parents=True)
        (workspace / ".megaplan" / "cloud-logs").mkdir(parents=True)
        (plan_dir / "state.json").write_text(
            json.dumps(
                {
                    "current_state": "blocked",
                    "resume_cursor": {"phase": "plan", "retry_strategy": "check_provider_and_retry"},
                    "latest_failure": {
                        "kind": "external_error_resume_required",
                        "phase": "recover-blocked",
                    },
                }
            ),
            encoding="utf-8",
        )
        _write_runtime_bound_chain_state(workspace, "/tmp/chain.yaml", REPO_ROOT)
        script = "\n\n".join(
            [
                *_extract_relaunch_functions("watchdog"),
                f"SRC_DIR={str(REPO_ROOT)!r}",
                f"MANIFEST_RUNTIME_ROOT={str(REPO_ROOT)!r}",
                "LIVE_IMPORT_ROOT=" + repr(str(REPO_ROOT)),
                "SYNC_BRANCH=editible-install",
                (
                    f"resolve_relaunch_command demo-session {shlex.quote(str(workspace))} "
                    f"/tmp/chain.yaml chain demo-plan ''"
                ),
            ]
        )
        result = _run_watchdog_shell(script)
>       assert result.returncode == 0, result.stderr
E       AssertionError: chain_runtime_binding_drift: session runtime manifest missing: /workspace/.megaplan/demo-session.json
E         
E       assert 24 == 0
E        +  where 24 = CompletedProcess(args=['bash', '-c', 'chain_engine_root_preflight() {\n  local workspace="$1"\n  local remote_spec="$2...t='', stderr='chain_runtime_binding_drift: session runtime manifest missing: /workspace/.megaplan/demo-session.json\n').returncode

tests/cloud/test_watchdog_wrappers.py:3448: AssertionError
_____ test_watchdog_done_plan_reports_complete_without_repair_or_relaunch ______

tmp_path = PosixPath('/private/var/folders/_w/b3tthv192m77c760dbyzvk200000gn/T/pytest-of-peteromalley/pytest-6/test_watchdog_done_plan_report0')

    def test_watchdog_done_plan_reports_complete_without_repair_or_relaunch(tmp_path: Path) -> None:
        marker_dir = tmp_path / "markers"
        marker_dir.mkdir()
        workspace = tmp_path / "ws"
        plan_name = "demo-plan"
        _write_plan(
            workspace / ".megaplan" / "plans" / plan_name,
            {"iteration": 1, "current_state": "done", "active_step": None},
            events_body="{}\n",
        )
    
        marker_path = marker_dir / "demo-session.json"
        marker_path.write_text("marker\n", encoding="utf-8")
        progress_path = marker_dir / f"{plan_name}.progress.json"
        progress_path.write_text("{}\n", encoding="utf-8")
        report_path = tmp_path / "report.tsv"
    
        script = "\n\n".join(
            [
                _extract_wrapper_function("kimi_dispatch_marker_path"),
                _extract_wrapper_function("kimi_pgid_path"),
                _extract_wrapper_function("session_marker_path"),
                _extract_wrapper_function("kimi_dispatch_marker_clear"),
                _extract_wrapper_function("clear_session_tracking_artifacts"),
                _extract_wrapper_function("plan_attention_status_env"),
                _extract_wrapper_function("plan_terminal_status"),
                _extract_wrapper_function("launch_chain_tick"),
                "chain_engine_root_preflight() { return 0; }",
                f"MARKER_DIR={str(marker_dir)!r}",
                """
    report_item() {
      printf '%s\t%s\t%s\t%s\t%s\t%s\t%s\n' "$1" "$2" "$3" "$4" "$5" "$6" "$7" >> "$1"
    }
    log() { :; }
    session_health_status() { echo stopped; }
    plan_phase_health_status() { echo ok; }
    plan_progress_stall_status() { echo ok; }
    kimi_operator_running() { return 1; }
    kimi_dispatch_marker_set() { :; }
    mechanical_relaunch_attempted_previously() { return 1; }
    kimi_dispatch_failed_previously() { return 1; }
    dispatch_kimi_repair() { echo DISPATCH >&2; return 0; }
    repair_unhealthy_session() { echo REPAIR >&2; return 0; }
    ensure_install_or_repair() { return 0; }
    resolve_relaunch_command() { echo RELAUNCH; }
    safe_name() { printf '%s\n' "$1"; }
    tmux() { echo TMUX >&2; return 1; }
    plan_attention_status_env() {
      cat <<'EOF'
    PLAN_STATUS_FOUND='1'
    PLAN_STATUS_PLAN_NAME='demo-plan'
    PLAN_STATUS_CURRENT_STATE=''
    PLAN_STATUS_RETRY_STRATEGY=''
    PLAN_STATUS_FAILURE_KIND=''
    PLAN_STATUS_FAILURE_MESSAGE=''
    PLAN_STATUS_FAILURE_PHASE=''
    PLAN_STATUS_FAILURE_RECORDED_AT=''
    PLAN_STATUS_TIERS_TRIED=''
    PLAN_STATUS_PUSHED_COMMITS=''
    PLAN_STATUS_MANUAL_REVIEW='0'
    EOF
    }
    """.strip(),
                f"launch_chain_tick demo-session {str(workspace)!r} .megaplan/initiatives/demo/briefs/demo.md {str(report_path)!r} chain {plan_name!r} ''",
            ]
        )
        result = _run_watchdog_shell(script)
>       assert result.returncode == 0, result.stderr
E       AssertionError: bash: -c: line 924: syntax error: unexpected end of file
E         
E       assert 2 == 0
E        +  where 2 = CompletedProcess(args=['bash', '-c', 'kimi_dispatch_marker_path() {\n  printf \'%s/%s.kimi-dispatch\' "$MARKER_DIR" "$...ain \'demo-plan\' \'\''], returncode=2, stdout='', stderr='bash: -c: line 924: syntax error: unexpected end of file\n').returncode

tests/cloud/test_watchdog_wrappers.py:3520: AssertionError
____ test_watchdog_done_plan_without_marker_plan_name_uses_newest_plan_dir _____

tmp_path = PosixPath('/private/var/folders/_w/b3tthv192m77c760dbyzvk200000gn/T/pytest-of-peteromalley/pytest-6/test_watchdog_done_plan_withou0')

    def test_watchdog_done_plan_without_marker_plan_name_uses_newest_plan_dir(tmp_path: Path) -> None:
        marker_dir = tmp_path / "markers"
        marker_dir.mkdir()
        workspace = tmp_path / "ws"
        older_plan = workspace / ".megaplan" / "plans" / "older-plan"
        newer_plan = workspace / ".megaplan" / "plans" / "newer-plan"
        _write_plan(older_plan, {"iteration": 1, "current_state": "planning", "active_step": None})
        _write_plan(newer_plan, {"iteration": 1, "current_state": "done", "active_step": None})
        old_ts = time.time() - 60
        new_ts = time.time()
        os.utime(older_plan / "state.json", (old_ts, old_ts))
        os.utime(newer_plan / "state.json", (new_ts, new_ts))
        report_path = tmp_path / "report.tsv"
    
        script = "\n\n".join(
            [
                _extract_wrapper_function("plan_attention_status_env"),
                _extract_wrapper_function("plan_terminal_status"),
                _extract_wrapper_function("launch_chain_tick"),
                "chain_engine_root_preflight() { return 0; }",
                f"MARKER_DIR={str(marker_dir)!r}",
                """
    report_item() {
      printf '%s\t%s\t%s\t%s\t%s\t%s\t%s\n' "$1" "$2" "$3" "$4" "$5" "$6" "$7" >> "$1"
    }
    log() { :; }
    session_health_status() { echo stopped; }
    plan_phase_health_status() { echo ok; }
    plan_progress_stall_status() { echo ok; }
    kimi_operator_running() { return 1; }
    kimi_dispatch_marker_set() { :; }
    mechanical_relaunch_attempted_previously() { return 1; }
    kimi_dispatch_failed_previously() { return 1; }
    dispatch_kimi_repair() { echo DISPATCH >&2; return 0; }
    repair_unhealthy_session() { echo REPAIR >&2; return 0; }
    ensure_install_or_repair() { return 0; }
    safe_name() { printf '%s\n' "$1"; }
    tmux() { echo TMUX >&2; return 1; }
    plan_attention_status_env() {
      cat <<'EOF'
    PLAN_STATUS_FOUND='1'
    PLAN_STATUS_PLAN_NAME='newer-plan'
    PLAN_STATUS_CURRENT_STATE=''
    PLAN_STATUS_RETRY_STRATEGY=''
    PLAN_STATUS_FAILURE_KIND=''
    PLAN_STATUS_FAILURE_MESSAGE=''
    PLAN_STATUS_FAILURE_PHASE=''
    PLAN_STATUS_FAILURE_RECORDED_AT=''
    PLAN_STATUS_TIERS_TRIED=''
    PLAN_STATUS_PUSHED_COMMITS=''
    PLAN_STATUS_MANUAL_REVIEW='0'
    EOF
    }
    """.strip(),
                f"launch_chain_tick demo-session {str(workspace)!r} .megaplan/initiatives/demo/briefs/demo.md {str(report_path)!r} plan '' ''",
            ]
        )
        result = _run_watchdog_shell(script)
>       assert result.returncode == 0, result.stderr
E       AssertionError: bash: -c: line 882: syntax error: unexpected end of file
E         
E       assert 2 == 0
E        +  where 2 = CompletedProcess(args=['bash', '-c', 'plan_attention_status_env() {\n  local workspace="$1"\n  local remote_spec_path=...t.tsv\' plan \'\' \'\''], returncode=2, stdout='', stderr='bash: -c: line 882: syntax error: unexpected end of file\n').returncode

tests/cloud/test_watchdog_wrappers.py:3588: AssertionError
___ test_watchdog_manual_review_plan_state_reports_needs_human_not_complete ____

tmp_path = PosixPath('/private/var/folders/_w/b3tthv192m77c760dbyzvk200000gn/T/pytest-of-peteromalley/pytest-6/test_watchdog_manual_review_pl0')

    def test_watchdog_manual_review_plan_state_reports_needs_human_not_complete(tmp_path: Path) -> None:
        marker_dir = tmp_path / "markers"
        marker_dir.mkdir()
        workspace = tmp_path / "ws"
        plan_name = "demo-plan"
        _write_live_session_marker(
            marker_dir,
            "demo-session",
            workspace,
            ".megaplan/initiatives/demo/briefs/demo.md",
            run_kind="plan",
            plan_name=plan_name,
        )
        _write_plan(
            workspace / ".megaplan" / "plans" / plan_name,
            {
                "iteration": 3,
                "current_state": "manual_review",
                "resume_cursor": {"retry_strategy": "manual_review"},
                "latest_failure": {"kind": "iteration_cap", "message": "review required"},
            },
            events_body="{}\n",
        )
        report_path = tmp_path / "report.tsv"
        log_path = tmp_path / "watchdog.log"
    
        script = "\n\n".join(
            [
                _extract_wrapper_function("plan_attention_status_env"),
                _extract_wrapper_function_until("notify_needs_human", "adopt_unmarked_tmux_sessions"),
                _extract_wrapper_function("plan_terminal_status"),
                _extract_wrapper_function("launch_chain_tick"),
                "chain_engine_root_preflight() { return 0; }",
                f"MARKER_DIR={str(marker_dir)!r}",
                f"LOG={str(log_path)!r}",
                """
    report_item() {
      printf '%s\t%s\t%s\t%s\t%s\t%s\t%s\n' "$1" "$2" "$3" "$4" "$5" "$6" "$7" >> "$1"
    }
    log() { printf '%s\n' "$*" >> "$LOG"; }
    session_health_status() { echo stopped; }
    session_terminal_status() { return 0; }
    plan_phase_health_status() { echo ok; }
    plan_progress_stall_status() { echo ok; }
    kimi_operator_running() { return 1; }
    resolve_existing_remote_spec() { printf '%s\n' "$3"; }
    dispatch_kimi_repair() { echo DISPATCH >&2; return 0; }
    repair_unhealthy_session() { echo REPAIR >&2; return 0; }
    ensure_install_or_repair() { return 0; }
    resolve_relaunch_command() { echo RELAUNCH >&2; return 1; }
    notify_needs_human() {
      report_item "$1" "$2" "observe" "needs_human" "$7" "$3" "$4"
      log "needs-human webhook unset"
    }
    safe_name() { printf '%s\n' "$1"; }
    tmux() { echo TMUX >&2; return 1; }
    """.strip(),
                f"launch_chain_tick demo-session {str(workspace)!r} .megaplan/initiatives/demo/briefs/demo.md {str(report_path)!r} plan {plan_name!r} ''",
            ]
        )
        result = _run_watchdog_shell(script)
>       assert result.returncode == 0, result.stderr
E       AssertionError: bash: -c: line 2456: syntax error: unexpected end of file
E         
E       assert 2 == 0
E        +  where 2 = CompletedProcess(args=['bash', '-c', 'plan_attention_status_env() {\n  local workspace="$1"\n  local remote_spec_path=...an \'demo-plan\' \'\''], returncode=2, stdout='', stderr='bash: -c: line 2456: syntax error: unexpected end of file\n').returncode

tests/cloud/test_watchdog_wrappers.py:3658: AssertionError
_ test_watchdog_blocked_recovery_manual_review_dispatches_repair_before_needs_human _

tmp_path = PosixPath('/private/var/folders/_w/b3tthv192m77c760dbyzvk200000gn/T/pytest-of-peteromalley/pytest-6/test_watchdog_blocked_recovery0')

    def test_watchdog_blocked_recovery_manual_review_dispatches_repair_before_needs_human(
        tmp_path: Path,
    ) -> None:
        marker_dir = tmp_path / "markers"
        marker_dir.mkdir()
        workspace = tmp_path / "ws"
        plan_name = "demo-plan"
        _write_live_session_marker(
            marker_dir,
            "demo-session",
            workspace,
            ".megaplan/initiatives/demo/briefs/demo.md",
            run_kind="plan",
            plan_name=plan_name,
        )
        _write_plan(
            workspace / ".megaplan" / "plans" / plan_name,
            {
                "iteration": 10,
                "current_state": "blocked",
                "resume_cursor": {"phase": "review", "retry_strategy": "manual_review"},
                "latest_failure": {
                    "kind": "blocked_recovery_not_resolved",
                    "message": "recover-blocked requires every current blocker to be explicitly resolved as non-terminal",
                    "phase": "recover-blocked",
                },
            },
            events_body="{}\n",
        )
        report_path = tmp_path / "report.tsv"
        log_path = tmp_path / "watchdog.log"
    
        script = "\n\n".join(
            [
                _extract_wrapper_function("plan_attention_status_env"),
                _extract_wrapper_function_until("notify_needs_human", "adopt_unmarked_tmux_sessions"),
                _extract_wrapper_function("plan_terminal_status"),
                _extract_wrapper_function("launch_chain_tick"),
                "chain_engine_root_preflight() { return 0; }",
                f"MARKER_DIR={str(marker_dir)!r}",
                f"LOG={str(log_path)!r}",
                """
    report_item() {
      printf '%s\t%s\t%s\t%s\t%s\t%s\t%s\n' "$1" "$2" "$3" "$4" "$5" "$6" "$7" >> "$1"
    }
    log() { printf '%s\n' "$*" >> "$LOG"; }
    session_health_status() { echo stopped; }
    plan_phase_health_status() { echo ok; }
    plan_progress_stall_status() { echo ok; }
    babysitter_effective_mode() { printf 'superfixer\t\n'; }
    babysitter_occurrence_digest() { echo a9c062b1cfe5; }
    babysitter_running_for_occurrence() { return 1; }
    babysitter_after_elapsed() { return 0; }
    launch_status_trigger_babysitter() { echo BABYSITTER >&2; return 0; }
    babysitter_policy_dispatch() {
      launch_status_trigger_babysitter "$@"
      report_item "$6" "$1" "repair" "babysitter_scheduled" "single-flash babysitter dispatched: $7" "$2" "$3"
    }
    ensure_install_or_repair() { return 0; }
    resolve_relaunch_command() { echo RELAUNCH >&2; return 1; }
    safe_name() { printf '%s\n' "$1"; }
    tmux() { echo TMUX >&2; return 1; }
    """.strip(),
                f"launch_chain_tick demo-session {str(workspace)!r} .megaplan/initiatives/demo/briefs/demo.md {str(report_path)!r} plan {plan_name!r} ''",
            ]
        )
        result = _run_watchdog_shell(script)
>       assert result.returncode == 0, result.stderr
E       AssertionError: bash: -c: line 2456: syntax error: unexpected end of file
E         
E       assert 2 == 0
E        +  where 2 = CompletedProcess(args=['bash', '-c', 'plan_attention_status_env() {\n  local workspace="$1"\n  local remote_spec_path=...an \'demo-plan\' \'\''], returncode=2, stdout='', stderr='bash: -c: line 2456: syntax error: unexpected end of file\n').returncode

tests/cloud/test_watchdog_wrappers.py:3736: AssertionError
_ test_watchdog_auto_stall_manual_review_dispatches_repair_before_needs_human __

tmp_path = PosixPath('/private/var/folders/_w/b3tthv192m77c760dbyzvk200000gn/T/pytest-of-peteromalley/pytest-6/test_watchdog_auto_stall_manua0')

    def test_watchdog_auto_stall_manual_review_dispatches_repair_before_needs_human(
        tmp_path: Path,
    ) -> None:
        marker_dir = tmp_path / "markers"
        marker_dir.mkdir()
        workspace = tmp_path / "ws"
        plan_name = "demo-plan"
        _write_live_session_marker(
            marker_dir,
            "demo-session",
            workspace,
            ".megaplan/initiatives/demo/briefs/demo.md",
            run_kind="plan",
            plan_name=plan_name,
        )
        _write_plan(
            workspace / ".megaplan" / "plans" / plan_name,
            {
                "iteration": 6,
                "current_state": "critiqued",
                "resume_cursor": {"retry_strategy": "manual_review"},
                "latest_failure": {
                    "kind": "stalled",
                    "message": "stalled at 'critiqued' for 5 iterations",
                    "metadata": {"manual_review_origin": "auto_stall"},
                },
            },
            events_body="{}\n",
        )
        report_path = tmp_path / "report.tsv"
        log_path = tmp_path / "watchdog.log"
    
        script = "\n\n".join(
            [
                _extract_wrapper_function("plan_attention_status_env"),
                _extract_wrapper_function_until("notify_needs_human", "adopt_unmarked_tmux_sessions"),
                _extract_wrapper_function("repair_needs_human_path"),
                _extract_wrapper_function("plan_terminal_status"),
                _extract_wrapper_function("launch_chain_tick"),
                "chain_engine_root_preflight() { return 0; }",
                f"MARKER_DIR={str(marker_dir)!r}",
                f"LOG={str(log_path)!r}",
                """
    report_item() {
      printf '%s\t%s\t%s\t%s\t%s\t%s\t%s\n' "$1" "$2" "$3" "$4" "$5" "$6" "$7" >> "$1"
    }
    log() { printf '%s\n' "$*" >> "$LOG"; }
    session_health_status() { echo stopped; }
    plan_phase_health_status() { echo ok; }
    plan_progress_stall_status() { echo ok; }
    babysitter_effective_mode() { printf 'superfixer\t\n'; }
    babysitter_occurrence_digest() { echo a9c062b1cfe5; }
    babysitter_running_for_occurrence() { return 1; }
    babysitter_after_elapsed() { return 0; }
    launch_status_trigger_babysitter() { echo BABYSITTER >&2; return 0; }
    babysitter_policy_dispatch() {
      launch_status_trigger_babysitter "$@"
      report_item "$6" "$1" "repair" "babysitter_scheduled" "single-flash babysitter dispatched: $7" "$2" "$3"
    }
    ensure_install_or_repair() { return 0; }
    resolve_relaunch_command() { echo RELAUNCH >&2; return 1; }
    safe_name() { printf '%s\n' "$1"; }
    tmux() { echo TMUX >&2; return 1; }
    """.strip(),
                f"launch_chain_tick demo-session {str(workspace)!r} .megaplan/initiatives/demo/briefs/demo.md {str(report_path)!r} plan {plan_name!r} ''",
            ]
        )
        result = _run_watchdog_shell(script)
>       assert result.returncode == 0, result.stderr
E       AssertionError: bash: -c: line 2461: syntax error: unexpected end of file
E         
E       assert 2 == 0
E        +  where 2 = CompletedProcess(args=['bash', '-c', 'plan_attention_status_env() {\n  local workspace="$1"\n  local remote_spec_path=...an \'demo-plan\' \'\''], returncode=2, stdout='', stderr='bash: -c: line 2461: syntax error: unexpected end of file\n').returncode

tests/cloud/test_watchdog_wrappers.py:3815: AssertionError
_ test_watchdog_legacy_stalled_manual_review_dispatches_repair_before_needs_human _

tmp_path = PosixPath('/private/var/folders/_w/b3tthv192m77c760dbyzvk200000gn/T/pytest-of-peteromalley/pytest-6/test_watchdog_legacy_stalled_m0')

    def test_watchdog_legacy_stalled_manual_review_dispatches_repair_before_needs_human(
        tmp_path: Path,
    ) -> None:
        marker_dir = tmp_path / "markers"
        marker_dir.mkdir()
        workspace = tmp_path / "ws"
        plan_name = "demo-plan"
        _write_live_session_marker(
            marker_dir,
            "demo-session",
            workspace,
            ".megaplan/initiatives/demo/briefs/demo.md",
            run_kind="plan",
            plan_name=plan_name,
        )
        _write_plan(
            workspace / ".megaplan" / "plans" / plan_name,
            {
                "iteration": 9,
                "current_state": "critiqued",
                "resume_cursor": {"phase": "override add-note", "retry_strategy": "manual_review"},
                "latest_failure": {
                    "kind": "stalled",
                    "message": "stalled at 'critiqued' for 5 iterations",
                    "phase": "override add-note",
                    "metadata": {"stall_count": 5, "iteration": 9},
                },
            },
            events_body="{}\n",
        )
        report_path = tmp_path / "report.tsv"
        log_path = tmp_path / "watchdog.log"
    
        script = "\n\n".join(
            [
                _extract_wrapper_function("plan_attention_status_env"),
                _extract_wrapper_function_until("notify_needs_human", "adopt_unmarked_tmux_sessions"),
                _extract_wrapper_function("repair_needs_human_path"),
                _extract_wrapper_function("plan_terminal_status"),
                _extract_wrapper_function("launch_chain_tick"),
                "chain_engine_root_preflight() { return 0; }",
                f"MARKER_DIR={str(marker_dir)!r}",
                f"LOG={str(log_path)!r}",
                """
    report_item() {
      printf '%s\t%s\t%s\t%s\t%s\t%s\t%s\n' "$1" "$2" "$3" "$4" "$5" "$6" "$7" >> "$1"
    }
    log() { printf '%s\n' "$*" >> "$LOG"; }
    session_health_status() { echo stopped; }
    plan_phase_health_status() { echo ok; }
    plan_progress_stall_status() { echo ok; }
    babysitter_effective_mode() { printf 'superfixer\t\n'; }
    babysitter_occurrence_digest() { echo a9c062b1cfe5; }
    babysitter_running_for_occurrence() { return 1; }
    babysitter_after_elapsed() { return 0; }
    launch_status_trigger_babysitter() { echo BABYSITTER >&2; return 0; }
    babysitter_policy_dispatch() {
      launch_status_trigger_babysitter "$@"
      report_item "$6" "$1" "repair" "babysitter_scheduled" "single-flash babysitter dispatched: $7" "$2" "$3"
    }
    ensure_install_or_repair() { return 0; }
    resolve_relaunch_command() { echo RELAUNCH >&2; return 1; }
    safe_name() { printf '%s\n' "$1"; }
    tmux() { echo TMUX >&2; return 1; }
    """.strip(),
                f"launch_chain_tick demo-session {str(workspace)!r} .megaplan/initiatives/demo/briefs/demo.md {str(report_path)!r} plan {plan_name!r} ''",
            ]
        )
        result = _run_watchdog_shell(script)
>       assert result.returncode == 0, result.stderr
E       AssertionError: bash: -c: line 2461: syntax error: unexpected end of file
E         
E       assert 2 == 0
E        +  where 2 = CompletedProcess(args=['bash', '-c', 'plan_attention_status_env() {\n  local workspace="$1"\n  local remote_spec_path=...an \'demo-plan\' \'\''], returncode=2, stdout='', stderr='bash: -c: line 2461: syntax error: unexpected end of file\n').returncode

tests/cloud/test_watchdog_wrappers.py:3895: AssertionError
__ test_watchdog_awaiting_human_plan_state_routes_to_notification_not_repair ___

tmp_path = PosixPath('/private/var/folders/_w/b3tthv192m77c760dbyzvk200000gn/T/pytest-of-peteromalley/pytest-6/test_watchdog_awaiting_human_p0')

    def test_watchdog_awaiting_human_plan_state_routes_to_notification_not_repair(
        tmp_path: Path,
    ) -> None:
        marker_dir = tmp_path / "markers"
        marker_dir.mkdir()
        workspace = tmp_path / "ws"
        plan_name = "demo-plan"
        _write_live_session_marker(
            marker_dir,
            "demo-session",
            workspace,
            ".megaplan/initiatives/demo/briefs/demo.md",
            run_kind="plan",
            plan_name=plan_name,
        )
        _write_plan(
            workspace / ".megaplan" / "plans" / plan_name,
            {
                "iteration": 3,
                "current_state": "awaiting_human",
                "latest_failure": {
                    "kind": "blocked_by_prereq",
                    "message": "execute reported blocked tasks awaiting user action: T1",
                },
            },
            events_body="{}\n",
        )
        report_path = tmp_path / "report.tsv"
        log_path = tmp_path / "watchdog.log"
    
        script = "\n\n".join(
            [
                _extract_wrapper_function("plan_attention_status_env"),
                _extract_wrapper_function_until("notify_needs_human", "adopt_unmarked_tmux_sessions"),
                _extract_wrapper_function("repair_needs_human_path"),
                _extract_wrapper_function("plan_terminal_status"),
                _extract_wrapper_function("launch_chain_tick"),
                "chain_engine_root_preflight() { return 0; }",
                f"MARKER_DIR={str(marker_dir)!r}",
                f"LOG={str(log_path)!r}",
                """
    report_item() {
      printf '%s\t%s\t%s\t%s\t%s\t%s\t%s\n' "$1" "$2" "$3" "$4" "$5" "$6" "$7" >> "$1"
    }
    log() { printf '%s\n' "$*" >> "$LOG"; }
    session_health_status() { echo stopped; }
    plan_phase_health_status() { echo ok; }
    plan_progress_stall_status() { echo ok; }
    babysitter_effective_mode() { printf 'superfixer\t\n'; }
    babysitter_occurrence_digest() { echo a9c062b1cfe5; }
    babysitter_running_for_occurrence() { return 1; }
    babysitter_after_elapsed() { return 0; }
    launch_status_trigger_babysitter() { echo BABYSITTER >&2; return 0; }
    babysitter_policy_dispatch() {
      launch_status_trigger_babysitter "$@"
      report_item "$6" "$1" "repair" "babysitter_scheduled" "single-flash babysitter dispatched: $7" "$2" "$3"
    }
    ensure_install_or_repair() { return 0; }
    resolve_relaunch_command() { echo RELAUNCH >&2; return 1; }
    safe_name() { printf '%s\n' "$1"; }
    tmux() { echo TMUX >&2; return 1; }
    """.strip(),
                f"launch_chain_tick demo-session {str(workspace)!r} .megaplan/initiatives/demo/briefs/demo.md {str(report_path)!r} plan {plan_name!r} ''",
            ]
        )
        result = _run_watchdog_shell(script)
>       assert result.returncode == 0, result.stderr
E       AssertionError: bash: -c: line 2461: syntax error: unexpected end of file
E         
E       assert 2 == 0
E        +  where 2 = CompletedProcess(args=['bash', '-c', 'plan_attention_status_env() {\n  local workspace="$1"\n  local remote_spec_path=...an \'demo-plan\' \'\''], returncode=2, stdout='', stderr='bash: -c: line 2461: syntax error: unexpected end of file\n').returncode

tests/cloud/test_watchdog_wrappers.py:3971: AssertionError
__ test_watchdog_awaiting_human_verify_prep_routes_to_notification_not_repair __

tmp_path = PosixPath('/private/var/folders/_w/b3tthv192m77c760dbyzvk200000gn/T/pytest-of-peteromalley/pytest-6/test_watchdog_awaiting_human_v0')

    def test_watchdog_awaiting_human_verify_prep_routes_to_notification_not_repair(
        tmp_path: Path,
    ) -> None:
        marker_dir = tmp_path / "markers"
        marker_dir.mkdir()
        workspace = tmp_path / "ws"
        plan_name = "demo-plan"
        _write_live_session_marker(
            marker_dir,
            "demo-session",
            workspace,
            ".megaplan/initiatives/demo/briefs/demo.md",
            run_kind="plan",
            plan_name=plan_name,
        )
        _write_plan(
            workspace / ".megaplan" / "plans" / plan_name,
            {
                "iteration": 3,
                "current_state": "awaiting_human_verify",
                "clarification": {
                    "source": "prep",
                    "questions": ["Which schema is authoritative?", "Which artifact should be backfilled?"],
                },
            },
            events_body="{}\n",
        )
        report_path = tmp_path / "report.tsv"
        log_path = tmp_path / "watchdog.log"
    
        script = "\n\n".join(
            [
                _extract_wrapper_function("plan_attention_status_env"),
                _extract_wrapper_function_until("notify_needs_human", "adopt_unmarked_tmux_sessions"),
                _extract_wrapper_function("repair_needs_human_path"),
                _extract_wrapper_function("plan_terminal_status"),
                _extract_wrapper_function("launch_chain_tick"),
                "chain_engine_root_preflight() { return 0; }",
                f"MARKER_DIR={str(marker_dir)!r}",
                f"LOG={str(log_path)!r}",
                """
    report_item() {
      printf '%s\t%s\t%s\t%s\t%s\t%s\t%s\n' "$1" "$2" "$3" "$4" "$5" "$6" "$7" >> "$1"
    }
    log() { printf '%s\n' "$*" >> "$LOG"; }
    session_health_status() { echo alive; }
    plan_phase_health_status() { echo ok; }
    plan_progress_stall_status() { echo ok; }
    babysitter_effective_mode() { printf 'superfixer\t\n'; }
    babysitter_occurrence_digest() { echo a9c062b1cfe5; }
    babysitter_running_for_occurrence() { return 1; }
    babysitter_after_elapsed() { return 0; }
    launch_status_trigger_babysitter() { echo BABYSITTER >&2; return 0; }
    babysitter_policy_dispatch() {
      launch_status_trigger_babysitter "$@"
      report_item "$6" "$1" "repair" "babysitter_scheduled" "single-flash babysitter dispatched: $7" "$2" "$3"
    }
    ensure_install_or_repair() { return 0; }
    resolve_relaunch_command() { echo RELAUNCH >&2; return 1; }
    safe_name() { printf '%s\n' "$1"; }
    tmux() { echo TMUX >&2; return 1; }
    """.strip(),
                f"launch_chain_tick demo-session {str(workspace)!r} .megaplan/initiatives/demo/briefs/demo.md {str(report_path)!r} plan {plan_name!r} ''",
            ]
        )
        result = _run_watchdog_shell(script)
>       assert result.returncode == 0, result.stderr
E       AssertionError: bash: -c: line 2461: syntax error: unexpected end of file
E         
E       assert 2 == 0
E        +  where 2 = CompletedProcess(args=['bash', '-c', 'plan_attention_status_env() {\n  local workspace="$1"\n  local remote_spec_path=...an \'demo-plan\' \'\''], returncode=2, stdout='', stderr='bash: -c: line 2461: syntax error: unexpected end of file\n').returncode

tests/cloud/test_watchdog_wrappers.py:4049: AssertionError
___ test_watchdog_nonterminal_plan_state_mechanically_relaunches_before_kimi ___

tmp_path = PosixPath('/private/var/folders/_w/b3tthv192m77c760dbyzvk200000gn/T/pytest-of-peteromalley/pytest-6/test_watchdog_nonterminal_plan0')

    def test_watchdog_nonterminal_plan_state_mechanically_relaunches_before_kimi(tmp_path: Path) -> None:
        marker_dir = tmp_path / "markers"
        marker_dir.mkdir()
        workspace = tmp_path / "ws"
        plan_name = "demo-plan"
        _write_live_session_marker(
            marker_dir,
            "demo-session",
            workspace,
            ".megaplan/initiatives/demo/briefs/demo.md",
            run_kind="plan",
            plan_name=plan_name,
        )
        _write_plan(
            workspace / ".megaplan" / "plans" / plan_name,
            {"iteration": 1, "current_state": "planning", "active_step": None},
            events_body="{}\n",
        )
        report_path = tmp_path / "report.tsv"
    
        script = "\n\n".join(
            [
                _extract_wrapper_function("kimi_dispatch_marker_path"),
                _extract_wrapper_function("kimi_pgid_path"),
                _extract_wrapper_function("kimi_dispatch_marker_set"),
                _extract_wrapper_function("mechanical_relaunch_attempted_previously"),
                _extract_wrapper_function("kimi_dispatch_failed_previously"),
                _extract_wrapper_function("plan_attention_status_env"),
                _extract_wrapper_function("plan_terminal_status"),
                _extract_wrapper_function("launch_chain_tick"),
                "chain_engine_root_preflight() { return 0; }",
                f"MARKER_DIR={str(marker_dir)!r}",
                """
    report_item() {
      printf '%s\t%s\t%s\t%s\t%s\t%s\t%s\n' "$1" "$2" "$3" "$4" "$5" "$6" "$7" >> "$1"
    }
    log() { :; }
    session_health_status() { echo stopped; }
    plan_phase_health_status() { echo ok; }
    plan_progress_stall_status() { echo ok; }
    kimi_operator_running() { return 1; }
    dispatch_kimi_repair() { echo DISPATCH >&2; return 0; }
    repair_unhealthy_session() { echo REPAIR >&2; return 0; }
    ensure_install_or_repair() { return 0; }
    resolve_relaunch_command() { echo RELAUNCH; }
    safe_name() { printf '%s\n' "$1"; }
    tmux() {
      if [[ "$1" == "has-session" ]]; then
        return 1
      fi
      if [[ "$1" == "new-session" ]]; then
        echo TMUX_NEW >&2
        return 0
      fi
      echo "TMUX_$1" >&2
      return 0
    }
    """.strip(),
                f"launch_chain_tick demo-session {str(workspace)!r} .megaplan/initiatives/demo/briefs/demo.md {str(report_path)!r} plan {plan_name!r} ''",
            ]
        )
        result = _run_watchdog_shell(script)
>       assert result.returncode == 0, result.stderr
E       AssertionError: bash: -c: line 912: syntax error: unexpected end of file
E         
E       assert 2 == 0
E        +  where 2 = CompletedProcess(args=['bash', '-c', 'kimi_dispatch_marker_path() {\n  printf \'%s/%s.kimi-dispatch\' "$MARKER_DIR" "$...lan \'demo-plan\' \'\''], returncode=2, stdout='', stderr='bash: -c: line 912: syntax error: unexpected end of file\n').returncode

tests/cloud/test_watchdog_wrappers.py:4121: AssertionError
______ test_watchdog_direct_relaunch_emits_fallback_events_before_launch _______

tmp_path = PosixPath('/private/var/folders/_w/b3tthv192m77c760dbyzvk200000gn/T/pytest-of-peteromalley/pytest-6/test_watchdog_direct_relaunch_0')

    def test_watchdog_direct_relaunch_emits_fallback_events_before_launch(tmp_path: Path) -> None:
        """G3 third-run bypass: the stopped-session direct mechanical relaunch must
        journal fallback_considered + fallback_taken BEFORE the kimi-dispatch
        marker write and the tmux launch, and succeed (no relaunch when the ledger
        write fails).  This half proves the events are emitted and ordered before
        the launch side effects."""
        marker_dir = tmp_path / "markers"
        marker_dir.mkdir()
        workspace = tmp_path / "ws"
        workspace.mkdir()
        spec_path = workspace / "chain.yaml"
        spec_path.write_text("milestones: []\n", encoding="utf-8")
        _write_live_session_marker(
            marker_dir,
            "demo-session",
            workspace,
            str(spec_path),
            run_kind="chain",
        )
        report_path = tmp_path / "report.tsv"
        log_path = tmp_path / "watchdog.log"
        call_log = tmp_path / "call.log"
    
        paths = {
            "marker_dir": marker_dir,
            "workspace": workspace,
            "spec_path": spec_path,
            "report_path": report_path,
            "log_path": log_path,
            "call_log": call_log,
        }
        script = _build_direct_relaunch_tick_script(paths, emit_fails=False)
        result = _run_watchdog_shell(script)
>       assert result.returncode == 0, result.stderr
E       AssertionError: bash: -c: line 319: syntax error: unexpected end of file
E         
E       assert 2 == 0
E        +  where 2 = CompletedProcess(args=['bash', '-c', 'kimi_dispatch_marker_path() {\n  printf \'%s/%s.kimi-dispatch\' "$MARKER_DIR" "$....tsv\' chain \'\' \'\''], returncode=2, stdout='', stderr='bash: -c: line 319: syntax error: unexpected end of file\n').returncode

tests/cloud/test_watchdog_wrappers.py:4251: AssertionError
____ test_watchdog_direct_relaunch_ledger_failure_blocks_marker_and_launch _____

tmp_path = PosixPath('/private/var/folders/_w/b3tthv192m77c760dbyzvk200000gn/T/pytest-of-peteromalley/pytest-6/test_watchdog_direct_relaunch_1')

    def test_watchdog_direct_relaunch_ledger_failure_blocks_marker_and_launch(tmp_path: Path) -> None:
        """G3 third-run bypass, fail-closed half: when the runtime transition
        ledger write fails, the direct mechanical relaunch must NOT write the
        kimi-dispatch marker and must NOT execute the relaunch command or tmux
        launch (no event = no side effect)."""
        marker_dir = tmp_path / "markers"
        marker_dir.mkdir()
        workspace = tmp_path / "ws"
        workspace.mkdir()
        spec_path = workspace / "chain.yaml"
        spec_path.write_text("milestones: []\n", encoding="utf-8")
        _write_live_session_marker(
            marker_dir,
            "demo-session",
            workspace,
            str(spec_path),
            run_kind="chain",
        )
        report_path = tmp_path / "report.tsv"
        log_path = tmp_path / "watchdog.log"
        call_log = tmp_path / "call.log"
    
        paths = {
            "marker_dir": marker_dir,
            "workspace": workspace,
            "spec_path": spec_path,
            "report_path": report_path,
            "log_path": log_path,
            "call_log": call_log,
        }
        script = _build_direct_relaunch_tick_script(paths, emit_fails=True)
        result = _run_watchdog_shell(script)
>       assert result.returncode == 0, result.stderr
E       AssertionError: bash: -c: line 319: syntax error: unexpected end of file
E         
E       assert 2 == 0
E        +  where 2 = CompletedProcess(args=['bash', '-c', 'kimi_dispatch_marker_path() {\n  printf \'%s/%s.kimi-dispatch\' "$MARKER_DIR" "$....tsv\' chain \'\' \'\''], returncode=2, stdout='', stderr='bash: -c: line 319: syntax error: unexpected end of file\n').returncode

tests/cloud/test_watchdog_wrappers.py:4303: AssertionError
_ test_watchdog_launch_tick_missing_manifest_pin_fails_closed_before_install_and_tmux _

tmp_path = PosixPath('/private/var/folders/_w/b3tthv192m77c760dbyzvk200000gn/T/pytest-of-peteromalley/pytest-6/test_watchdog_launch_tick_miss0')

    def test_watchdog_launch_tick_missing_manifest_pin_fails_closed_before_install_and_tmux(
        tmp_path: Path,
    ) -> None:
        """G5 round-2 finding 1 / round-6 finding 1b: the watchdog's engine-root
        preflight is the FIRST mutation-gating step in the tick — it runs BEFORE
        the current-target subprocesses and before any marker/install-repair/tmux
        side effect.  With no manifest pin the tick fails closed (typed drift,
        exit 24) and the spies record ZERO python3 subprocesses, ZERO install-
        repair calls, ZERO tmux calls, and no marker/relaunch/dispatch writes."""
        marker_dir = tmp_path / "markers"
        marker_dir.mkdir()
        workspace = tmp_path / "ws"
        workspace.mkdir()
        spec_path = workspace / "chain.yaml"
        spec_path.write_text("milestones: []\n", encoding="utf-8")
        _write_live_session_marker(
            marker_dir,
            "demo-session",
            workspace,
            str(spec_path),
            run_kind="chain",
        )
        report_path = tmp_path / "report.tsv"
        log_path = tmp_path / "watchdog.log"
        call_log = tmp_path / "call.log"
    
        script = "\n\n".join(
            [
                _extract_wrapper_function("kimi_dispatch_marker_path"),
                _extract_wrapper_function("kimi_pgid_path"),
                _extract_wrapper_function("kimi_dispatch_marker_set"),
                _extract_wrapper_function("mechanical_relaunch_attempted_previously"),
                _extract_wrapper_function("kimi_dispatch_failed_previously"),
                _extract_wrapper_function("chain_engine_root_preflight"),
                _extract_wrapper_function("launch_chain_tick"),
                "LIVE_IMPORT_ROOT=" + repr(str(REPO_ROOT)),
                "unset MANIFEST_RUNTIME_ROOT",
                f"MARKER_DIR={str(marker_dir)!r}",
                f"WRAPPER_REPO_ROOT={str(REPO_ROOT)!r}",
                f"SRC_DIR={str(REPO_ROOT)!r}",
                f"LOG={str(log_path)!r}",
                f"CALL_LOG={str(call_log)!r}",
                """
    python3() {
      printf 'python3:%s\\n' "$*" >> "$CALL_LOG"
      return 0
    }
    report_item() {
      printf '%s\\t%s\\t%s\\t%s\\t%s\\t%s\\t%s\\n' "$1" "$2" "$3" "$4" "$5" "$6" "$7" >> "$1"
    }
    log() { printf '%s\\n' "$*" >> "$LOG"; }
    plan_attention_status_env() { return 0; }
    plan_terminal_status() { return 1; }
    session_health_status() { echo stopped; }
    plan_phase_health_status() { echo ok; }
    plan_progress_stall_status() { echo ok; }
    chain_health_status() {
      CHAIN_HEALTH_STATUS=ok
      CHAIN_HEALTH_SUMMARY=
      CHAIN_HEALTH_ARTIFACT_PATH=
      CHAIN_HEALTH_LOG_MESSAGE=
    }
    kimi_operator_running() { return 1; }
    emit_runtime_transition_event() { printf 'event:%s\\n' "$1" >> "$CALL_LOG"; return 0; }
    dispatch_kimi_repair() { echo DISPATCH >&2; return 0; }
    repair_unhealthy_session() { echo REPAIR >&2; return 0; }
    ensure_install_or_repair() { echo INSTALL >&2; return 0; }
    resolve_relaunch_command() { echo RELAUNCH >&2; }
    safe_name() { printf '%s\\n' "$1"; }
    tmux() {
      if [[ "$1" == "has-session" ]]; then
        return 0
      fi
      printf 'tmux:%s\\n' "$*" >> "$CALL_LOG"
      echo TMUX >&2
      return 0
    }
    """.strip(),
                (
                    f"launch_chain_tick demo-session {str(workspace)!r} "
                    f"{str(spec_path)!r} {str(report_path)!r} chain '' ''"
                ),
            ]
        )
        result = _run_watchdog_shell(script)
>       assert result.returncode == 24, result.stderr
E       AssertionError: bash: -c: line 419: syntax error: unexpected end of file
E         
E       assert 2 == 24
E        +  where 2 = CompletedProcess(args=['bash', '-c', 'kimi_dispatch_marker_path() {\n  printf \'%s/%s.kimi-dispatch\' "$MARKER_DIR" "$....tsv\' chain \'\' \'\''], returncode=2, stdout='', stderr='bash: -c: line 419: syntax error: unexpected end of file\n').returncode

tests/cloud/test_watchdog_wrappers.py:4404: AssertionError
_____ test_watchdog_fences_mechanical_relaunch_for_phase_contract_failure ______

tmp_path = PosixPath('/private/var/folders/_w/b3tthv192m77c760dbyzvk200000gn/T/pytest-of-peteromalley/pytest-6/test_watchdog_fences_mechanica0')

    def test_watchdog_fences_mechanical_relaunch_for_phase_contract_failure(tmp_path: Path) -> None:
        marker_dir = tmp_path / "markers"
        marker_dir.mkdir()
        workspace = tmp_path / "ws"
        plan_name = "m6-exact-contract"
        _write_live_session_marker(
            marker_dir,
            "demo-session",
            workspace,
            ".megaplan/initiatives/demo/briefs/demo.md",
            run_kind="plan",
            plan_name=plan_name,
        )
        _write_plan(
            workspace / ".megaplan" / "plans" / plan_name,
            {
                "iteration": 5,
                "current_state": "blocked",
                "active_step": None,
                "resume_cursor": {
                    "phase": "critique",
                    "retry_strategy": "repair_phase_contract",
                },
                "latest_failure": {
                    "kind": "deterministic_phase_failure",
                    "phase": "critique",
                    "message": "critique contract failed three times",
                },
            },
            events_body="{}\n",
        )
        report_path = tmp_path / "report.tsv"
        log_path = tmp_path / "watchdog.log"
    
        script = "\n\n".join(
            [
                _extract_wrapper_function("plan_attention_status_env"),
                _extract_wrapper_function("plan_terminal_status"),
                _extract_wrapper_function("launch_chain_tick"),
                "chain_engine_root_preflight() { return 0; }",
                f"MARKER_DIR={str(marker_dir)!r}",
                f"LOG={str(log_path)!r}",
                """
    report_item() {
      printf '%s\t%s\t%s\t%s\t%s\t%s\t%s\n' "$1" "$2" "$3" "$4" "$5" "$6" "$7" >> "$1"
    }
    log() { printf '%s\n' "$*" >> "$LOG"; }
    session_health_status() { echo stopped; }
    plan_phase_health_status() { echo ok; }
    plan_progress_stall_status() { echo ok; }
    babysitter_effective_mode() { printf 'superfixer\\t\\n'; }
    babysitter_occurrence_digest() { echo a9c062b1cfe5; }
    babysitter_running_for_occurrence() { return 1; }
    babysitter_after_elapsed() { return 0; }
    launch_status_trigger_babysitter() {
      echo BABYSITTER >&2
      return 0
    }
    babysitter_policy_dispatch() {
      launch_status_trigger_babysitter "$@"
      report_item "$6" "$1" "repair" "babysitter_scheduled" \
        "single-flash babysitter dispatched: $7" "$2" "$3"
    }
    ensure_install_or_repair() { echo INSTALL >&2; return 0; }
    resolve_relaunch_command() { echo RELAUNCH >&2; return 0; }
    tmux() { echo TMUX >&2; return 1; }
    """.strip(),
                f"launch_chain_tick demo-session {str(workspace)!r} .megaplan/initiatives/demo/briefs/demo.md {str(report_path)!r} plan {plan_name!r} ''",
            ]
        )
    
        result = _run_watchdog_shell(script)
    
>       assert result.returncode == 0, result.stderr
E       AssertionError: bash: -c: line 875: syntax error: unexpected end of file
E         
E       assert 2 == 0
E        +  where 2 = CompletedProcess(args=['bash', '-c', 'plan_attention_status_env() {\n  local workspace="$1"\n  local remote_spec_path=...-exact-contract\' \'\''], returncode=2, stdout='', stderr='bash: -c: line 875: syntax error: unexpected end of file\n').returncode

tests/cloud/test_watchdog_wrappers.py:4901: AssertionError
__ test_watchdog_manual_review_superfixer_resolves_renderer_from_live_engine ___

tmp_path = PosixPath('/private/var/folders/_w/b3tthv192m77c760dbyzvk200000gn/T/pytest-of-peteromalley/pytest-6/test_watchdog_manual_review_su2')

    def test_watchdog_manual_review_superfixer_resolves_renderer_from_live_engine(
        tmp_path: Path,
    ) -> None:
        """The status trigger resolves the goal renderer from the LIVE engine
        (the manifest runtime root), never the hardcoded stale arnold-r7 tree."""
        paths = _prepare_watchdog_superfixer_fixture(tmp_path)
        live_root = tmp_path / "live-engine"
        renderer_dir = (
            live_root
            / "arnold_pipelines"
            / "megaplan"
            / "skills"
            / "babysitter"
            / "scripts"
        )
        renderer_dir.mkdir(parents=True)
        marker_file = tmp_path / "renderer-marker.txt"
        (renderer_dir / "render_babysitter_goal.py").write_text(
            "#!/usr/bin/env python3\n"
            "from pathlib import Path\n"
            "import os\n"
            "def render_babysitter_goal(target, *, workspace='', plan='', run_kind='', "
            "latest_failure=None, planner_repair=None, occurrence_digest=''):\n"
            "    Path(os.environ['LIVE_RENDERER_MARKER']).write_text(target + '\\n')\n"
            "    return '/goal live-engine babysitter swarm Sol recovery_handoff\\n'\n",
            encoding="utf-8",
        )
        script = "\n\n".join(
            [
                _extract_wrapper_function("babysitter_occurrence_digest"),
                _extract_wrapper_function("launch_status_trigger_babysitter"),
                f"MARKER_DIR={str(paths['marker_dir'])!r}",
                f"REPAIR_DATA_DIR={str(paths['repair_data_dir'])!r}",
                f"WRAPPER_REPO_ROOT={str(REPO_ROOT)!r}",
                f"SRC_DIR={str(REPO_ROOT)!r}",
                f"MANIFEST_RUNTIME_ROOT={str(live_root)!r}",
                "export CLOUD_WATCHDOG_BABYSITTER_BIN=" + shlex.quote(str(paths['stub_bin'])) + "",
                "export ARNOLD_BABYSITTER_LAUNCH_GRACE_SECS=0.2",
                f"export LIVE_RENDERER_MARKER={str(marker_file)!r}",
                (
                    "digest=\"$(babysitter_occurrence_digest "
                    f"{shlex.quote(paths['session'])} {shlex.quote(str(paths['workspace']))} "
                    f"{shlex.quote(str(paths['spec_path']))} plan {shlex.quote(paths['plan_name'])})\""
                ),
                (
                    "launch_status_trigger_babysitter "
                    f"{shlex.quote(paths['session'])} {shlex.quote(str(paths['workspace']))} "
                    f"{shlex.quote(str(paths['spec_path']))} plan {shlex.quote(paths['plan_name'])} "
                    f"{shlex.quote(str(tmp_path / 'report.tsv'))} \"$digest\""
                ),
                'echo "RC=$?"',
            ]
        )
    
        result = _run_watchdog_shell(script)
        assert result.returncode == 0, result.stderr
>       assert "RC=0" in result.stdout, result.stdout
E       AssertionError: RC=1
E         
E       assert 'RC=0' in 'RC=1\n'
E        +  where 'RC=1\n' = CompletedProcess(args=['bash', '-c', 'babysitter_occurrence_digest() {\n  local session="$1"\n  local workspace="$2"\n...er launch failed session=critique-r5 err=render_babysitter_goal() got an unexpected keyword argument 'recovery_dir'\n").stdout

tests/cloud/test_watchdog_wrappers.py:5256: AssertionError
____ test_watchdog_chain_session_is_not_short_circuited_by_done_plan_state _____

tmp_path = PosixPath('/private/var/folders/_w/b3tthv192m77c760dbyzvk200000gn/T/pytest-of-peteromalley/pytest-6/test_watchdog_chain_session_is0')

    def test_watchdog_chain_session_is_not_short_circuited_by_done_plan_state(tmp_path: Path) -> None:
        marker_dir = tmp_path / "markers"
        marker_dir.mkdir()
        workspace = tmp_path / "ws"
        plan_name = "demo-plan"
        spec_path = workspace / ".megaplan" / "initiatives" / "demo-chain" / "chain.yaml"
        spec_path.parent.mkdir(parents=True, exist_ok=True)
        spec_path.write_text("milestones: []\n", encoding="utf-8")
        _write_live_session_marker(
            marker_dir,
            "demo-chain",
            workspace,
            ".megaplan/initiatives/demo-chain/chain.yaml",
            run_kind="chain",
        )
        _write_plan(
            workspace / ".megaplan" / "plans" / plan_name,
            {"iteration": 1, "current_state": "done", "active_step": None},
            events_body="{}\n",
        )
        report_path = tmp_path / "report.tsv"
    
        script = "\n\n".join(
            [
                _extract_wrapper_function("plan_attention_status_env"),
                _extract_wrapper_function("plan_terminal_status"),
                _extract_wrapper_function("launch_chain_tick"),
                "chain_engine_root_preflight() { return 0; }",
                f"MARKER_DIR={str(marker_dir)!r}",
                """
    report_item() {
      printf '%s\t%s\t%s\t%s\t%s\t%s\t%s\n' "$1" "$2" "$3" "$4" "$5" "$6" "$7" >> "$1"
    }
    log() { :; }
    session_health_status() { echo stopped; }
    plan_phase_health_status() { echo ok; }
    plan_progress_stall_status() { echo ok; }
    kimi_operator_running() { return 1; }
    kimi_dispatch_marker_set() { :; }
    mechanical_relaunch_attempted_previously() { return 1; }
    kimi_dispatch_failed_previously() { return 1; }
    dispatch_kimi_repair() { echo DISPATCH >&2; return 0; }
    repair_unhealthy_session() { echo REPAIR >&2; return 0; }
    ensure_install_or_repair() { return 0; }
    resolve_relaunch_command() { echo RELAUNCH; }
    safe_name() { printf '%s\n' "$1"; }
    tmux() {
      if [[ "$1" == "has-session" ]]; then
        return 1
      fi
      if [[ "$1" == "new-session" ]]; then
        echo TMUX_NEW >&2
        return 0
      fi
      echo "TMUX_$1" >&2
      return 0
    }
    plan_attention_status_env() {
      cat <<'EOF'
    PLAN_STATUS_FOUND='0'
    PLAN_STATUS_PLAN_NAME=''
    PLAN_STATUS_CURRENT_STATE=''
    PLAN_STATUS_RETRY_STRATEGY=''
    PLAN_STATUS_FAILURE_KIND=''
    PLAN_STATUS_FAILURE_MESSAGE=''
    PLAN_STATUS_FAILURE_PHASE=''
    PLAN_STATUS_FAILURE_RECORDED_AT=''
    PLAN_STATUS_TIERS_TRIED=''
    PLAN_STATUS_PUSHED_COMMITS=''
    PLAN_STATUS_MANUAL_REVIEW='0'
    EOF
    }
    """.strip(),
                f"launch_chain_tick demo-chain {str(workspace)!r} .megaplan/initiatives/demo-chain/chain.yaml {str(report_path)!r} chain '' ''",
            ]
        )
        result = _run_watchdog_shell(script)
>       assert result.returncode == 0, result.stderr
E       AssertionError: bash: -c: line 893: syntax error: unexpected end of file
E         
E       assert 2 == 0
E        +  where 2 = CompletedProcess(args=['bash', '-c', 'plan_attention_status_env() {\n  local workspace="$1"\n  local remote_spec_path=....tsv\' chain \'\' \'\''], returncode=2, stdout='', stderr='bash: -c: line 893: syntax error: unexpected end of file\n').returncode

tests/cloud/test_watchdog_wrappers.py:5393: AssertionError
__ test_watchdog_unreadable_plan_state_falls_through_to_existing_stopped_path __

tmp_path = PosixPath('/private/var/folders/_w/b3tthv192m77c760dbyzvk200000gn/T/pytest-of-peteromalley/pytest-6/test_watchdog_unreadable_plan_0')

    def test_watchdog_unreadable_plan_state_falls_through_to_existing_stopped_path(tmp_path: Path) -> None:
        marker_dir = tmp_path / "markers"
        marker_dir.mkdir()
        workspace = tmp_path / "ws"
        plan_name = "demo-plan"
        _write_live_session_marker(
            marker_dir,
            "demo-session",
            workspace,
            ".megaplan/initiatives/demo/briefs/demo.md",
            run_kind="plan",
            plan_name=plan_name,
        )
        plan_dir = workspace / ".megaplan" / "plans" / plan_name
        plan_dir.mkdir(parents=True, exist_ok=True)
        (plan_dir / "state.json").write_text("{not-json\n", encoding="utf-8")
        report_path = tmp_path / "report.tsv"
    
        script = "\n\n".join(
            [
                _extract_wrapper_function("kimi_dispatch_marker_path"),
                _extract_wrapper_function("kimi_pgid_path"),
                _extract_wrapper_function("kimi_dispatch_marker_set"),
                _extract_wrapper_function("mechanical_relaunch_attempted_previously"),
                _extract_wrapper_function("kimi_dispatch_failed_previously"),
                _extract_wrapper_function("plan_attention_status_env"),
                _extract_wrapper_function("plan_terminal_status"),
                _extract_wrapper_function("launch_chain_tick"),
                "chain_engine_root_preflight() { return 0; }",
                f"MARKER_DIR={str(marker_dir)!r}",
                """
    report_item() {
      printf '%s\t%s\t%s\t%s\t%s\t%s\t%s\n' "$1" "$2" "$3" "$4" "$5" "$6" "$7" >> "$1"
    }
    log() { :; }
    session_health_status() { echo stopped; }
    plan_phase_health_status() { echo ok; }
    plan_progress_stall_status() { echo ok; }
    kimi_operator_running() { return 1; }
    dispatch_kimi_repair() { echo DISPATCH >&2; return 0; }
    repair_unhealthy_session() { echo REPAIR >&2; return 0; }
    ensure_install_or_repair() { return 0; }
    resolve_relaunch_command() { echo RELAUNCH; }
    safe_name() { printf '%s\n' "$1"; }
    tmux() {
      if [[ "$1" == "has-session" ]]; then
        return 1
      fi
      if [[ "$1" == "new-session" ]]; then
        echo TMUX_NEW >&2
        return 0
      fi
      echo "TMUX_$1" >&2
      return 0
    }
    """.strip(),
                f"launch_chain_tick demo-session {str(workspace)!r} .megaplan/initiatives/demo/briefs/demo.md {str(report_path)!r} chain {plan_name!r} ''",
            ]
        )
        result = _run_watchdog_shell(script)
>       assert result.returncode == 0, result.stderr
E       AssertionError: bash: -c: line 912: syntax error: unexpected end of file
E         
E       assert 2 == 0
E        +  where 2 = CompletedProcess(args=['bash', '-c', 'kimi_dispatch_marker_path() {\n  printf \'%s/%s.kimi-dispatch\' "$MARKER_DIR" "$...ain \'demo-plan\' \'\''], returncode=2, stdout='', stderr='bash: -c: line 912: syntax error: unexpected end of file\n').returncode

tests/cloud/test_watchdog_wrappers.py:5462: AssertionError
_ test_watchdog_manual_review_chain_state_reports_needs_human_without_relaunch_or_kimi _

tmp_path = PosixPath('/private/var/folders/_w/b3tthv192m77c760dbyzvk200000gn/T/pytest-of-peteromalley/pytest-6/test_watchdog_manual_review_ch0')

    def test_watchdog_manual_review_chain_state_reports_needs_human_without_relaunch_or_kimi(
        tmp_path: Path,
    ) -> None:
        marker_dir = tmp_path / "markers"
        marker_dir.mkdir()
        workspace = tmp_path / "ws"
        plan_name = "demo-plan"
        spec_path = workspace / ".megaplan" / "initiatives" / "demo-chain" / "chain.yaml"
        spec_path.parent.mkdir(parents=True, exist_ok=True)
        spec_path.write_text("milestones: []\n", encoding="utf-8")
        _write_live_session_marker(
            marker_dir,
            "demo-chain",
            workspace,
            ".megaplan/initiatives/demo-chain/chain.yaml",
            run_kind="chain",
            plan_name=plan_name,
        )
        _write_plan(
            workspace / ".megaplan" / "plans" / plan_name,
            {
                "iteration": 9,
                "current_state": "blocked",
                "resume_cursor": {"phase": "recover-blocked", "retry_strategy": "manual_review"},
                "latest_failure": {"kind": "iteration_cap", "message": "exceeded max_iterations=200"},
                "history": [
                    {
                        "step": "execute",
                        "result": "blocked",
                        "batch_to_tier": [
                            {"actual_agent": "codex", "actual_model": "gpt-5.4"},
                            {"tier_model_spec": "codex:gpt-5.5"},
                        ],
                    }
                ],
            },
            events_body="{}\n",
        )
        chain_dir = workspace / ".megaplan" / "plans" / ".chains"
        chain_dir.mkdir(parents=True, exist_ok=True)
        import hashlib
    
        digest = hashlib.sha1(str(spec_path.resolve()).encode("utf-8")).hexdigest()[:12]
        (chain_dir / f"{spec_path.stem}-{digest}.json").write_text(
            json.dumps(
                {
                    "current_plan_name": plan_name,
                    "last_state": "blocked",
                    "last_pushed_commit": "abc123def456",
                }
            ),
            encoding="utf-8",
        )
        report_path = tmp_path / "report.tsv"
        log_path = tmp_path / "watchdog.log"
    
        script = "\n\n".join(
            [
                _extract_wrapper_function("plan_attention_status_env"),
                _extract_wrapper_function_until("notify_needs_human", "adopt_unmarked_tmux_sessions"),
                _extract_wrapper_function("launch_chain_tick"),
                "chain_engine_root_preflight() { return 0; }",
                f"MARKER_DIR={str(marker_dir)!r}",
                f"LOG={str(log_path)!r}",
                """
    report_item() {
      printf '%s\t%s\t%s\t%s\t%s\t%s\t%s\n' "$1" "$2" "$3" "$4" "$5" "$6" "$7" >> "$1"
    }
    log() { printf '%s\n' "$*" >> "$LOG"; }
    session_health_status() { echo stopped; }
    session_terminal_status() { return 0; }
    plan_phase_health_status() { echo ok; }
    plan_progress_stall_status() { echo ok; }
    kimi_operator_running() { return 1; }
    resolve_existing_remote_spec() { printf '%s\n' "$3"; }
    dispatch_kimi_repair() { echo DISPATCH >&2; return 0; }
    repair_unhealthy_session() { echo REPAIR >&2; return 0; }
    ensure_install_or_repair() { return 0; }
    resolve_relaunch_command() { echo RELAUNCH; }
    notify_needs_human() {
      report_item "$1" "$2" "observe" "needs_human" "$7" "$3" "$4"
      log "needs-human webhook unset"
    }
    safe_name() { printf '%s\n' "$1"; }
    tmux() { echo TMUX >&2; return 1; }
    """.strip(),
                f"launch_chain_tick demo-chain {str(workspace)!r} .megaplan/initiatives/demo-chain/chain.yaml {str(report_path)!r} chain '' ''",
            ]
        )
        result = _run_watchdog_shell(script)
>       assert result.returncode == 0, result.stderr
E       AssertionError: bash: -c: line 2409: syntax error: unexpected end of file
E         
E       assert 2 == 0
E        +  where 2 = CompletedProcess(args=['bash', '-c', 'plan_attention_status_env() {\n  local workspace="$1"\n  local remote_spec_path=...tsv\' chain \'\' \'\''], returncode=2, stdout='', stderr='bash: -c: line 2409: syntax error: unexpected end of file\n').returncode

tests/cloud/test_watchdog_wrappers.py:5561: AssertionError
_ test_watchdog_manual_review_repairable_fixture_dispatches_l1_without_needs_human _

tmp_path = PosixPath('/private/var/folders/_w/b3tthv192m77c760dbyzvk200000gn/T/pytest-of-peteromalley/pytest-6/test_watchdog_manual_review_re0')

    def test_watchdog_manual_review_repairable_fixture_dispatches_l1_without_needs_human(
        tmp_path: Path,
    ) -> None:
        marker_dir = tmp_path / "markers"
        repair_data_dir = marker_dir / "repair-data"
        marker_dir.mkdir()
        repair_data_dir.mkdir()
        workspace = tmp_path / "ws"
        plan_name = "agentic-replay-viewer"
        spec_path = workspace / ".megaplan" / "initiatives" / "demo-chain" / "chain.yaml"
        spec_path.parent.mkdir(parents=True, exist_ok=True)
        spec_path.write_text("milestones: []\n", encoding="utf-8")
        _write_plan(
            workspace / ".megaplan" / "plans" / plan_name,
            {
                "iteration": 4,
                "name": plan_name,
                "current_state": "blocked",
                "resume_cursor": {"phase": "execute", "retry_strategy": "manual_review"},
                "latest_failure": {
                    "kind": "blocked_recovery_not_resolved",
                    "message": "repairable blocker",
                    "phase": "execute",
                    "metadata": {"blocked_task_id": "T1"},
                },
            },
            events_body="{}\n",
        )
        chain_dir = workspace / ".megaplan" / "plans" / ".chains"
        chain_dir.mkdir(parents=True, exist_ok=True)
        import hashlib
    
        digest = hashlib.sha1(str(spec_path.resolve()).encode("utf-8")).hexdigest()[:12]
        (chain_dir / f"{spec_path.stem}-{digest}.json").write_text(
            json.dumps({"current_plan_name": plan_name, "last_state": "blocked"}),
            encoding="utf-8",
        )
        _write_live_session_marker(
            marker_dir,
            "demo-chain",
            workspace,
            str(spec_path),
            run_kind="chain",
            plan_name=plan_name,
        )
        report_path = tmp_path / "report.tsv"
        log_path = tmp_path / "watchdog.log"
    
        script = "\n\n".join(
            [
                _extract_wrapper_function("plan_attention_status_env"),
                _extract_wrapper_function_until("notify_needs_human", "adopt_unmarked_tmux_sessions"),
                _extract_wrapper_function("launch_chain_tick"),
                "chain_engine_root_preflight() { return 0; }",
                f"MARKER_DIR={str(marker_dir)!r}",
                f"REPAIR_DATA_DIR={str(repair_data_dir)!r}",
                f"LOG={str(log_path)!r}",
                """
    report_item() {
      printf '%s\t%s\t%s\t%s\t%s\t%s\t%s\n' "$1" "$2" "$3" "$4" "$5" "$6" "$7" >> "$1"
    }
    log() { printf '%s\n' "$*" >> "$LOG"; }
    session_health_status() { echo stopped; }
    session_terminal_status() { return 0; }
    plan_phase_health_status() { echo ok; }
    plan_progress_stall_status() { echo ok; }
    kimi_operator_running() { return 1; }
    repair_loop_busy_state() { echo none; }
    resolve_existing_remote_spec() { printf '%s\n' "$3"; }
    babysitter_effective_mode() { printf 'superfixer\t\n'; }
    babysitter_occurrence_digest() { echo a9c062b1cfe5; }
    babysitter_running_for_occurrence() { return 1; }
    babysitter_after_elapsed() { return 0; }
    launch_status_trigger_babysitter() { echo BABYSITTER >&2; return 0; }
    babysitter_policy_dispatch() {
      launch_status_trigger_babysitter "$@"
      report_item "$6" "$1" "repair" "babysitter_scheduled" "single-flash babysitter dispatched: $7" "$2" "$3"
    }
    repair_unhealthy_session() { echo REPAIR >&2; return 0; }
    ensure_install_or_repair() { return 0; }
    resolve_relaunch_command() { echo RELAUNCH; }
    notify_needs_human() {
      report_item "$1" "$2" "observe" "needs_human" "$7" "$3" "$4"
      log "needs-human webhook unset"
    }
    safe_name() { printf '%s\n' "$1"; }
    tmux() { echo TMUX >&2; return 1; }
    """.strip(),
                f"launch_chain_tick demo-chain {str(workspace)!r} .megaplan/initiatives/demo-chain/chain.yaml {str(report_path)!r} chain '' ''",
            ]
        )
        result = _run_watchdog_shell(script)
    
>       assert result.returncode == 0, result.stderr
E       AssertionError: bash: -c: line 2421: syntax error: unexpected end of file
E         
E       assert 2 == 0
E        +  where 2 = CompletedProcess(args=['bash', '-c', 'plan_attention_status_env() {\n  local workspace="$1"\n  local remote_spec_path=...tsv\' chain \'\' \'\''], returncode=2, stdout='', stderr='bash: -c: line 2421: syntax error: unexpected end of file\n').returncode

tests/cloud/test_watchdog_wrappers.py:5665: AssertionError
_ test_watchdog_execution_blocked_manual_review_dispatches_l1_without_needs_human _

tmp_path = PosixPath('/private/var/folders/_w/b3tthv192m77c760dbyzvk200000gn/T/pytest-of-peteromalley/pytest-6/test_watchdog_execution_blocke0')

    def test_watchdog_execution_blocked_manual_review_dispatches_l1_without_needs_human(
        tmp_path: Path,
    ) -> None:
        marker_dir = tmp_path / "markers"
        repair_data_dir = marker_dir / "repair-data"
        marker_dir.mkdir()
        repair_data_dir.mkdir()
        workspace = tmp_path / "ws"
        plan_name = "progress-auditor-stage-20260704-1400"
        spec_path = workspace / ".megaplan" / "initiatives" / "demo-chain" / "chain.yaml"
        spec_path.parent.mkdir(parents=True, exist_ok=True)
        spec_path.write_text("milestones: []\n", encoding="utf-8")
        _write_plan(
            workspace / ".megaplan" / "plans" / plan_name,
            {
                "iteration": 8,
                "name": plan_name,
                "current_state": "blocked",
                "resume_cursor": {"phase": "execute", "retry_strategy": "manual_review"},
                "latest_failure": {
                    "kind": "blocked_recovery_not_resolved",
                    "message": "execute reported prerequisite-blocked tasks: T4",
                    "phase": "execute",
                    "metadata": {"blocking_reasons": ["T4 fixture evidence not surfaced"]},
                },
            },
            events_body="{}\n",
        )
        chain_dir = workspace / ".megaplan" / "plans" / ".chains"
        chain_dir.mkdir(parents=True, exist_ok=True)
        import hashlib
    
        digest = hashlib.sha1(str(spec_path.resolve()).encode("utf-8")).hexdigest()[:12]
        (chain_dir / f"{spec_path.stem}-{digest}.json").write_text(
            json.dumps({"current_plan_name": plan_name, "last_state": "blocked"}),
            encoding="utf-8",
        )
        _write_live_session_marker(
            marker_dir,
            "demo-chain",
            workspace,
            str(spec_path),
            run_kind="chain",
            plan_name=plan_name,
        )
        report_path = tmp_path / "report.tsv"
        log_path = tmp_path / "watchdog.log"
    
        script = "\n\n".join(
            [
                _extract_wrapper_function("plan_attention_status_env"),
                _extract_wrapper_function_until("notify_needs_human", "adopt_unmarked_tmux_sessions"),
                _extract_wrapper_function("launch_chain_tick"),
                "chain_engine_root_preflight() { return 0; }",
                f"MARKER_DIR={str(marker_dir)!r}",
                f"REPAIR_DATA_DIR={str(repair_data_dir)!r}",
                f"LOG={str(log_path)!r}",
                """
    report_item() {
      printf '%s\t%s\t%s\t%s\t%s\t%s\t%s\n' "$1" "$2" "$3" "$4" "$5" "$6" "$7" >> "$1"
    }
    log() { printf '%s\n' "$*" >> "$LOG"; }
    session_health_status() { echo stopped; }
    session_terminal_status() { return 0; }
    plan_phase_health_status() { echo ok; }
    plan_progress_stall_status() { echo ok; }
    kimi_operator_running() { return 1; }
    repair_loop_busy_state() { echo none; }
    resolve_existing_remote_spec() { printf '%s\n' "$3"; }
    babysitter_effective_mode() { printf 'superfixer\t\n'; }
    babysitter_occurrence_digest() { echo a9c062b1cfe5; }
    babysitter_running_for_occurrence() { return 1; }
    babysitter_after_elapsed() { return 0; }
    launch_status_trigger_babysitter() { echo BABYSITTER >&2; return 0; }
    babysitter_policy_dispatch() {
      launch_status_trigger_babysitter "$@"
      report_item "$6" "$1" "repair" "babysitter_scheduled" "single-flash babysitter dispatched: $7" "$2" "$3"
    }
    repair_unhealthy_session() { echo REPAIR >&2; return 0; }
    ensure_install_or_repair() { return 0; }
    resolve_relaunch_command() { echo RELAUNCH; }
    notify_needs_human() {
      report_item "$1" "$2" "observe" "needs_human" "$7" "$3" "$4"
      log "needs-human webhook unset"
    }
    safe_name() { printf '%s\n' "$1"; }
    tmux() { echo TMUX >&2; return 1; }
    """.strip(),
                f"launch_chain_tick demo-chain {str(workspace)!r} .megaplan/initiatives/demo-chain/chain.yaml {str(report_path)!r} chain '' ''",
            ]
        )
        result = _run_watchdog_shell(script)
    
>       assert result.returncode == 0, result.stderr
E       AssertionError: bash: -c: line 2421: syntax error: unexpected end of file
E         
E       assert 2 == 0
E        +  where 2 = CompletedProcess(args=['bash', '-c', 'plan_attention_status_env() {\n  local workspace="$1"\n  local remote_spec_path=...tsv\' chain \'\' \'\''], returncode=2, stdout='', stderr='bash: -c: line 2421: syntax error: unexpected end of file\n').returncode

tests/cloud/test_watchdog_wrappers.py:5766: AssertionError
_ test_watchdog_awaiting_human_chain_state_dispatches_repair_before_needs_human _

tmp_path = PosixPath('/private/var/folders/_w/b3tthv192m77c760dbyzvk200000gn/T/pytest-of-peteromalley/pytest-6/test_watchdog_awaiting_human_c0')

    def test_watchdog_awaiting_human_chain_state_dispatches_repair_before_needs_human(
        tmp_path: Path,
    ) -> None:
        marker_dir = tmp_path / "markers"
        marker_dir.mkdir()
        workspace = tmp_path / "ws"
        plan_name = "demo-plan"
        spec_path = workspace / ".megaplan" / "initiatives" / "demo-chain" / "chain.yaml"
        spec_path.parent.mkdir(parents=True, exist_ok=True)
        spec_path.write_text("milestones: []\n", encoding="utf-8")
        _write_live_session_marker(
            marker_dir,
            "demo-chain",
            workspace,
            ".megaplan/initiatives/demo-chain/chain.yaml",
            run_kind="chain",
            plan_name=plan_name,
        )
        plan_dir = workspace / ".megaplan" / "plans" / plan_name
        _write_plan(
            plan_dir,
            {
                "iteration": 9,
                "current_state": "finalized",
            },
            events_body="{}\n",
        )
        (plan_dir / "finalize.json").write_text(
            json.dumps(
                {
                    "tasks": [
                        {
                            "id": "m7-06-runtime-deletion-target-purge",
                            "description": "Delete runtime targets.",
                            "status": "blocked",
                        }
                    ],
                    "user_actions": [
                        {
                            "id": "ua-01-reclassify-deletion-targets",
                            "phase": "before_execute",
                            "blocks_task_ids": ["m7-06-runtime-deletion-target-purge"],
                        }
                    ],
                }
            ),
            encoding="utf-8",
        )
        chain_dir = workspace / ".megaplan" / "plans" / ".chains"
        chain_dir.mkdir(parents=True, exist_ok=True)
        import hashlib
    
        digest = hashlib.sha1(str(spec_path.resolve()).encode("utf-8")).hexdigest()[:12]
        (chain_dir / f"{spec_path.stem}-{digest}.json").write_text(
            json.dumps(
                {
                    "current_plan_name": plan_name,
                    "last_state": "awaiting_human",
                }
            ),
            encoding="utf-8",
        )
        report_path = tmp_path / "report.tsv"
        log_path = tmp_path / "watchdog.log"
    
        script = "\n\n".join(
            [
                _extract_wrapper_function("plan_attention_status_env"),
                _extract_wrapper_function_until("notify_needs_human", "adopt_unmarked_tmux_sessions"),
                _extract_wrapper_function("repair_needs_human_path"),
                _extract_wrapper_function("launch_chain_tick"),
                "chain_engine_root_preflight() { return 0; }",
                f"MARKER_DIR={str(marker_dir)!r}",
                f"LOG={str(log_path)!r}",
                """
    report_item() {
      printf '%s\t%s\t%s\t%s\t%s\t%s\t%s\n' "$1" "$2" "$3" "$4" "$5" "$6" "$7" >> "$1"
    }
    log() { printf '%s\n' "$*" >> "$LOG"; }
    session_health_status() { echo stopped; }
    plan_phase_health_status() { echo ok; }
    plan_progress_stall_status() { echo ok; }
    babysitter_effective_mode() { printf 'superfixer\t\n'; }
    babysitter_occurrence_digest() { echo a9c062b1cfe5; }
    babysitter_running_for_occurrence() { return 1; }
    babysitter_after_elapsed() { return 0; }
    launch_status_trigger_babysitter() { echo BABYSITTER >&2; return 0; }
    babysitter_policy_dispatch() {
      launch_status_trigger_babysitter "$@"
      report_item "$6" "$1" "repair" "babysitter_scheduled" "single-flash babysitter dispatched: $7" "$2" "$3"
    }
    ensure_install_or_repair() { return 0; }
    resolve_relaunch_command() { echo RELAUNCH; }
    safe_name() { printf '%s\n' "$1"; }
    tmux() { echo TMUX >&2; return 1; }
    """.strip(),
                f"launch_chain_tick demo-chain {str(workspace)!r} .megaplan/initiatives/demo-chain/chain.yaml {str(report_path)!r} chain '' ''",
            ]
        )
        result = _run_watchdog_shell(script)
>       assert result.returncode == 0, result.stderr
E       AssertionError: bash: -c: line 2414: syntax error: unexpected end of file
E         
E       assert 2 == 0
E        +  where 2 = CompletedProcess(args=['bash', '-c', 'plan_attention_status_env() {\n  local workspace="$1"\n  local remote_spec_path=...tsv\' chain \'\' \'\''], returncode=2, stdout='', stderr='bash: -c: line 2414: syntax error: unexpected end of file\n').returncode

tests/cloud/test_watchdog_wrappers.py:5874: AssertionError
_ test_watchdog_awaiting_human_verify_chain_state_routes_to_notification_before_relaunch _

tmp_path = PosixPath('/private/var/folders/_w/b3tthv192m77c760dbyzvk200000gn/T/pytest-of-peteromalley/pytest-6/test_watchdog_awaiting_human_v1')

    def test_watchdog_awaiting_human_verify_chain_state_routes_to_notification_before_relaunch(
        tmp_path: Path,
    ) -> None:
        marker_dir = tmp_path / "markers"
        marker_dir.mkdir()
        workspace = tmp_path / "ws"
        plan_name = "demo-plan"
        spec_path = workspace / ".megaplan" / "initiatives" / "demo-chain" / "chain.yaml"
        spec_path.parent.mkdir(parents=True, exist_ok=True)
        spec_path.write_text("milestones: []\n", encoding="utf-8")
        _write_live_session_marker(
            marker_dir,
            "demo-session",
            workspace,
            ".megaplan/initiatives/demo-chain/chain.yaml",
            run_kind="chain",
            plan_name=plan_name,
        )
        _write_plan(
            workspace / ".megaplan" / "plans" / plan_name,
            {
                "iteration": 1,
                "current_state": "awaiting_human_verify",
                "clarification": {
                    "intent_summary": "prep surfaced 2 blocking ambiguities; answer and resume",
                    "questions": ["Q1", "Q2"],
                    "source": "prep",
                },
            },
            events_body="{}\n",
        )
        chain_dir = workspace / ".megaplan" / "plans" / ".chains"
        chain_dir.mkdir(parents=True, exist_ok=True)
        import hashlib
    
        digest = hashlib.sha1(str(spec_path.resolve()).encode("utf-8")).hexdigest()[:12]
        (chain_dir / f"{spec_path.stem}-{digest}.json").write_text(
            json.dumps(
                {
                    "current_plan_name": plan_name,
                    "last_state": "awaiting_human_verify",
                }
            ),
            encoding="utf-8",
        )
        report_path = tmp_path / "report.tsv"
        log_path = tmp_path / "watchdog.log"
    
        script = "\n\n".join(
            [
                _extract_wrapper_function("plan_attention_status_env"),
                _extract_wrapper_function_until("notify_needs_human", "adopt_unmarked_tmux_sessions"),
                _extract_wrapper_function("repair_needs_human_path"),
                _extract_wrapper_function("launch_chain_tick"),
                "chain_engine_root_preflight() { return 0; }",
                f"MARKER_DIR={str(marker_dir)!r}",
                f"LOG={str(log_path)!r}",
                """
    report_item() {
      printf '%s\t%s\t%s\t%s\t%s\t%s\t%s\n' "$1" "$2" "$3" "$4" "$5" "$6" "$7" >> "$1"
    }
    log() { printf '%s\n' "$*" >> "$LOG"; }
    session_health_status() { echo stopped; }
    plan_phase_health_status() { echo ok; }
    plan_progress_stall_status() { echo ok; }
    babysitter_effective_mode() { printf 'superfixer\t\n'; }
    babysitter_occurrence_digest() { echo a9c062b1cfe5; }
    babysitter_running_for_occurrence() { return 1; }
    babysitter_after_elapsed() { return 0; }
    launch_status_trigger_babysitter() { echo BABYSITTER >&2; return 0; }
    babysitter_policy_dispatch() {
      launch_status_trigger_babysitter "$@"
      report_item "$6" "$1" "repair" "babysitter_scheduled" "single-flash babysitter dispatched: $7" "$2" "$3"
    }
    ensure_install_or_repair() { return 0; }
    resolve_relaunch_command() { echo RELAUNCH >&2; return 1; }
    safe_name() { printf '%s\n' "$1"; }
    tmux() { echo TMUX >&2; return 1; }
    chain_health_status() {
      CHAIN_HEALTH_STATUS=ok
      CHAIN_HEALTH_SUMMARY=
      CHAIN_HEALTH_ARTIFACT_PATH=
      CHAIN_HEALTH_LOG_MESSAGE=
    }
    """.strip(),
                f"launch_chain_tick demo-session {str(workspace)!r} {str(spec_path)!r} {str(report_path)!r} chain '' ''",
            ]
        )
        result = _run_watchdog_shell(script)
>       assert result.returncode == 0, result.stderr
E       AssertionError: bash: -c: line 2420: syntax error: unexpected end of file
E         
E       assert 2 == 0
E        +  where 2 = CompletedProcess(args=['bash', '-c', 'plan_attention_status_env() {\n  local workspace="$1"\n  local remote_spec_path=...tsv\' chain \'\' \'\''], returncode=2, stdout='', stderr='bash: -c: line 2420: syntax error: unexpected end of file\n').returncode

tests/cloud/test_watchdog_wrappers.py:5974: AssertionError
_____ test_watchdog_completed_chain_state_reports_complete_without_repair ______

tmp_path = PosixPath('/private/var/folders/_w/b3tthv192m77c760dbyzvk200000gn/T/pytest-of-peteromalley/pytest-6/test_watchdog_completed_chain_0')

    def test_watchdog_completed_chain_state_reports_complete_without_repair(tmp_path: Path) -> None:
        marker_dir = tmp_path / "markers"
        marker_dir.mkdir()
        workspace = tmp_path / "ws"
        spec_path = workspace / ".megaplan" / "initiatives" / "demo-chain" / "chain.yaml"
        spec_path.parent.mkdir(parents=True, exist_ok=True)
        spec_path.write_text("milestones: []\n", encoding="utf-8")
        chain_dir = workspace / ".megaplan" / "plans" / ".chains"
        chain_dir.mkdir(parents=True, exist_ok=True)
        import hashlib
    
        digest = hashlib.sha1(str(spec_path.resolve()).encode("utf-8")).hexdigest()[:12]
        (chain_dir / f"{spec_path.stem}-{digest}.json").write_text(
            json.dumps(
                {
                    "current_plan_name": "",
                    "current_state": "",
                    "last_state": "done",
                    "events": [{"msg": "all milestones complete"}],
                }
            ),
            encoding="utf-8",
        )
        report_path = tmp_path / "report.tsv"
        log_path = tmp_path / "watchdog.log"
    
        script = "\n\n".join(
            [
                _extract_wrapper_function("plan_attention_status_env"),
                _extract_wrapper_function_until("notify_needs_human", "adopt_unmarked_tmux_sessions"),
                _extract_wrapper_function("launch_chain_tick"),
                "chain_engine_root_preflight() { return 0; }",
                f"MARKER_DIR={str(marker_dir)!r}",
                f"LOG={str(log_path)!r}",
                """
    report_item() {
      printf '%s\t%s\t%s\t%s\t%s\t%s\t%s\n' "$1" "$2" "$3" "$4" "$5" "$6" "$7" >> "$1"
    }
    log() { printf '%s\n' "$*" >> "$LOG"; }
    session_health_status() { echo stopped; }
    plan_phase_health_status() { echo ok; }
    plan_progress_stall_status() { echo ok; }
    babysitter_effective_mode() { printf 'superfixer\t\n'; }
    babysitter_occurrence_digest() { echo a9c062b1cfe5; }
    babysitter_running_for_occurrence() { return 1; }
    babysitter_after_elapsed() { return 0; }
    launch_status_trigger_babysitter() { echo BABYSITTER >&2; return 0; }
    babysitter_policy_dispatch() {
      launch_status_trigger_babysitter "$@"
      report_item "$6" "$1" "repair" "babysitter_scheduled" "single-flash babysitter dispatched: $7" "$2" "$3"
    }
    ensure_install_or_repair() { return 0; }
    resolve_relaunch_command() { echo RELAUNCH >&2; return 1; }
    safe_name() { printf '%s\n' "$1"; }
    tmux() { echo TMUX >&2; return 1; }
    """.strip(),
                f"launch_chain_tick demo-chain {str(workspace)!r} .megaplan/initiatives/demo-chain/chain.yaml {str(report_path)!r} chain '' ''",
            ]
        )
        result = _run_watchdog_shell(script)
>       assert result.returncode == 0, result.stderr
E       AssertionError: bash: -c: line 2409: syntax error: unexpected end of file
E         
E       assert 2 == 0
E        +  where 2 = CompletedProcess(args=['bash', '-c', 'plan_attention_status_env() {\n  local workspace="$1"\n  local remote_spec_path=...tsv\' chain \'\' \'\''], returncode=2, stdout='', stderr='bash: -c: line 2409: syntax error: unexpected end of file\n').returncode

tests/cloud/test_watchdog_wrappers.py:6045: AssertionError
_______ test_watchdog_partial_done_chain_state_relaunches_next_milestone _______

tmp_path = PosixPath('/private/var/folders/_w/b3tthv192m77c760dbyzvk200000gn/T/pytest-of-peteromalley/pytest-6/test_watchdog_partial_done_cha0')

    def test_watchdog_partial_done_chain_state_relaunches_next_milestone(tmp_path: Path) -> None:
        marker_dir = tmp_path / "markers"
        marker_dir.mkdir()
        repair_data_dir = marker_dir / "repair-data"
        repair_data_dir.mkdir()
        workspace = tmp_path / "ws"
        spec_path = workspace / ".megaplan" / "initiatives" / "demo-chain" / "chain.yaml"
        spec_path.parent.mkdir(parents=True, exist_ok=True)
        spec_path.write_text(
            "milestones:\n"
            "- label: m1\n"
            "- label: m2\n"
            "- label: m3\n"
            "- label: m4\n"
            "- label: m5\n",
            encoding="utf-8",
        )
        _write_live_session_marker(
            marker_dir,
            "demo-chain",
            workspace,
            str(spec_path),
            run_kind="chain",
        )
        chain_dir = workspace / ".megaplan" / "plans" / ".chains"
        chain_dir.mkdir(parents=True, exist_ok=True)
        import hashlib
    
        digest = hashlib.sha1(str(spec_path.resolve()).encode("utf-8")).hexdigest()[:12]
        (chain_dir / f"{spec_path.stem}-{digest}.json").write_text(
            json.dumps(
                {
                    "current_milestone_index": 3,
                    "current_plan_name": None,
                    "last_state": "done",
                    "pr_number": None,
                    "pr_state": None,
                    "completed": [
                        {"label": "m1", "status": "done"},
                        {"label": "m2", "status": "done"},
                        {"label": "m3", "status": "done"},
                    ],
                }
            ),
            encoding="utf-8",
        )
        (chain_dir / "chain-stale-complete.json").write_text(
            json.dumps(
                {
                    "current_plan_name": "",
                    "last_state": "done",
                    "events": [{"msg": "all milestones complete"}],
                }
            ),
            encoding="utf-8",
        )
        report_path = tmp_path / "report.tsv"
        log_path = tmp_path / "watchdog.log"
    
        script = "\n\n".join(
            [
                _extract_wrapper_function("plan_attention_status_env"),
                _extract_wrapper_function("session_terminal_status"),
                _extract_wrapper_function_until("notify_needs_human", "adopt_unmarked_tmux_sessions"),
                _extract_wrapper_function("launch_chain_tick"),
                "chain_engine_root_preflight() { return 0; }",
                f"MARKER_DIR={str(marker_dir)!r}",
                f"REPAIR_DATA_DIR={str(repair_data_dir)!r}",
                f"LOG={str(log_path)!r}",
                """
    report_item() {
      printf '%s\t%s\t%s\t%s\t%s\t%s\t%s\n' "$1" "$2" "$3" "$4" "$5" "$6" "$7" >> "$1"
    }
    log() { printf '%s\n' "$*" >> "$LOG"; }
    session_health_status() { echo stopped; }
    plan_phase_health_status() { echo ok; }
    plan_progress_stall_status() { echo ok; }
    chain_health_status() { CHAIN_HEALTH_STATUS=ok; CHAIN_HEALTH_KIND=; CHAIN_HEALTH_SUMMARY=; return 0; }
    kimi_operator_running() { return 1; }
    repair_loop_busy_state() { echo none; }
    repair_needs_human_path() { printf '%s\n' /no/such/repair-needs-human.json; }
    dispatch_kimi_repair() { echo DISPATCH >&2; return 0; }
    repair_unhealthy_session() { echo REPAIR >&2; return 0; }
    ensure_install_or_repair() { return 0; }
    mechanical_relaunch_attempted_previously() { return 1; }
    kimi_dispatch_failed_previously() { return 1; }
    kimi_dispatch_marker_set() { return 0; }
    resolve_relaunch_command() { echo RELAUNCH >&2; return 0; }
    safe_name() { printf '%s\n' "$1"; }
    tmux() { echo TMUX >&2; return 0; }
    """.strip(),
                f"launch_chain_tick demo-chain {str(workspace)!r} .megaplan/initiatives/demo-chain/chain.yaml {str(report_path)!r} chain '' ''",
            ]
        )
        result = _run_watchdog_shell(script)
>       assert result.returncode == 0, result.stderr
E       AssertionError: bash: -c: line 2691: syntax error: unexpected end of file
E         
E       assert 2 == 0
E        +  where 2 = CompletedProcess(args=['bash', '-c', 'plan_attention_status_env() {\n  local workspace="$1"\n  local remote_spec_path=...tsv\' chain \'\' \'\''], returncode=2, stdout='', stderr='bash: -c: line 2691: syntax error: unexpected end of file\n').returncode

tests/cloud/test_watchdog_wrappers.py:6149: AssertionError
__ test_watchdog_missing_chain_spec_uses_terminal_chain_state_without_repair ___

tmp_path = PosixPath('/private/var/folders/_w/b3tthv192m77c760dbyzvk200000gn/T/pytest-of-peteromalley/pytest-6/test_watchdog_missing_chain_sp0')

    def test_watchdog_missing_chain_spec_uses_terminal_chain_state_without_repair(
        tmp_path: Path,
    ) -> None:
        marker_dir = tmp_path / "markers"
        marker_dir.mkdir()
        workspace = tmp_path / "ws"
        chain_dir = workspace / ".megaplan" / "plans" / ".chains"
        chain_dir.mkdir(parents=True, exist_ok=True)
        spec_path = workspace / ".megaplan" / "initiatives" / "demo-chain" / "chain.yaml"
        spec_path.parent.mkdir(parents=True, exist_ok=True)
        import hashlib
    
        digest = hashlib.sha1(str(spec_path.resolve()).encode("utf-8")).hexdigest()[:12]
        (chain_dir / f"{spec_path.stem}-{digest}.json").write_text(
            json.dumps(
                {
                    "current_plan_name": "",
                    "current_state": "",
                    "last_state": "done",
                    "events": [{"msg": "all milestones complete"}],
                }
            ),
            encoding="utf-8",
        )
        report_path = tmp_path / "report.tsv"
        log_path = tmp_path / "watchdog.log"
    
        script = "\n\n".join(
            [
                _extract_wrapper_function("session_terminal_status"),
                _extract_wrapper_function("plan_attention_status_env"),
                _extract_wrapper_function_until("notify_needs_human", "adopt_unmarked_tmux_sessions"),
                _extract_wrapper_function("launch_chain_tick"),
                "chain_engine_root_preflight() { return 0; }",
                f"MARKER_DIR={str(marker_dir)!r}",
                f"REPAIR_DATA_DIR={str(marker_dir / 'repair-data')!r}",
                f"LOG={str(log_path)!r}",
                """
    report_item() {
      printf '%s\t%s\t%s\t%s\t%s\t%s\t%s\n' "$1" "$2" "$3" "$4" "$5" "$6" "$7" >> "$1"
    }
    log() { printf '%s\n' "$*" >> "$LOG"; }
    session_health_status() { echo stopped; }
    plan_phase_health_status() { echo ok; }
    plan_progress_stall_status() { echo ok; }
    babysitter_effective_mode() { printf 'superfixer\t\n'; }
    babysitter_occurrence_digest() { echo a9c062b1cfe5; }
    babysitter_running_for_occurrence() { return 1; }
    babysitter_after_elapsed() { return 0; }
    launch_status_trigger_babysitter() { echo BABYSITTER >&2; return 0; }
    babysitter_policy_dispatch() {
      launch_status_trigger_babysitter "$@"
      report_item "$6" "$1" "repair" "babysitter_scheduled" "single-flash babysitter dispatched: $7" "$2" "$3"
    }
    ensure_install_or_repair() { return 0; }
    resolve_relaunch_command() { echo RELAUNCH >&2; return 1; }
    safe_name() { printf '%s\n' "$1"; }
    tmux() { echo TMUX >&2; return 1; }
    """.strip(),
                f"launch_chain_tick demo-chain {str(workspace)!r} .megaplan/initiatives/demo-chain/chain.yaml {str(report_path)!r} chain '' ''",
            ]
        )
        result = _run_watchdog_shell(script)
>       assert result.returncode == 0, result.stderr
E       AssertionError: bash: -c: line 2691: syntax error: unexpected end of file
E         
E       assert 2 == 0
E        +  where 2 = CompletedProcess(args=['bash', '-c', 'session_terminal_status() {\n  local session="$1"\n  local workspace="$2"\n  loc...tsv\' chain \'\' \'\''], returncode=2, stdout='', stderr='bash: -c: line 2691: syntax error: unexpected end of file\n').returncode

tests/cloud/test_watchdog_wrappers.py:6219: AssertionError
_ test_watchdog_missing_workspace_uses_completed_repair_history_without_repair _

tmp_path = PosixPath('/private/var/folders/_w/b3tthv192m77c760dbyzvk200000gn/T/pytest-of-peteromalley/pytest-6/test_watchdog_missing_workspac0')

    def test_watchdog_missing_workspace_uses_completed_repair_history_without_repair(
        tmp_path: Path,
    ) -> None:
        marker_dir = tmp_path / "markers"
        repair_data_dir = marker_dir / "repair-data"
        marker_dir.mkdir()
        repair_data_dir.mkdir()
        workspace = tmp_path / "missing-ws"
        report_path = tmp_path / "report.tsv"
        log_path = tmp_path / "watchdog.log"
        (repair_data_dir / "demo-chain.repair-data.json").write_text(
            json.dumps(
                {
                    "session": "demo-chain",
                    "attempts": [
                        {
                            "failure_classification": "chain_completed",
                            "chain_state_summary": {
                                "current_plan_name": "",
                                "current_state": "",
                                "last_state": "done",
                                "events": [{"msg": "all milestones complete"}],
                            },
                            "failure_context": {
                                "failure_classification": "chain_completed",
                                "chain_state_summary": {
                                    "current_plan_name": "",
                                    "current_state": "",
                                    "last_state": "done",
                                },
                            },
                        }
                    ],
                }
            ),
            encoding="utf-8",
        )
    
        script = "\n\n".join(
            [
                _extract_wrapper_function("session_terminal_status"),
                _extract_wrapper_function("plan_attention_status_env"),
                _extract_wrapper_function_until("notify_needs_human", "adopt_unmarked_tmux_sessions"),
                _extract_wrapper_function("launch_chain_tick"),
                "chain_engine_root_preflight() { return 0; }",
                f"MARKER_DIR={str(marker_dir)!r}",
                f"REPAIR_DATA_DIR={str(repair_data_dir)!r}",
                f"LOG={str(log_path)!r}",
                """
    report_item() {
      printf '%s\t%s\t%s\t%s\t%s\t%s\t%s\n' "$1" "$2" "$3" "$4" "$5" "$6" "$7" >> "$1"
    }
    log() { printf '%s\n' "$*" >> "$LOG"; }
    session_health_status() { echo stopped; }
    plan_phase_health_status() { echo ok; }
    plan_progress_stall_status() { echo ok; }
    babysitter_effective_mode() { printf 'superfixer\t\n'; }
    babysitter_occurrence_digest() { echo a9c062b1cfe5; }
    babysitter_running_for_occurrence() { return 1; }
    babysitter_after_elapsed() { return 0; }
    launch_status_trigger_babysitter() { echo BABYSITTER >&2; return 0; }
    babysitter_policy_dispatch() {
      launch_status_trigger_babysitter "$@"
      report_item "$6" "$1" "repair" "babysitter_scheduled" "single-flash babysitter dispatched: $7" "$2" "$3"
    }
    ensure_install_or_repair() { return 0; }
    resolve_relaunch_command() { echo RELAUNCH >&2; return 1; }
    safe_name() { printf '%s\n' "$1"; }
    tmux() { echo TMUX >&2; return 1; }
    """.strip(),
                f"launch_chain_tick demo-chain {str(workspace)!r} /missing/demo-chain.yaml {str(report_path)!r} chain '' ''",
            ]
        )
        result = _run_watchdog_shell(script)
>       assert result.returncode == 0, result.stderr
E       AssertionError: bash: -c: line 2691: syntax error: unexpected end of file
E         
E       assert 2 == 0
E        +  where 2 = CompletedProcess(args=['bash', '-c', 'session_terminal_status() {\n  local session="$1"\n  local workspace="$2"\n  loc...tsv\' chain \'\' \'\''], returncode=2, stdout='', stderr='bash: -c: line 2691: syntax error: unexpected end of file\n').returncode

tests/cloud/test_watchdog_wrappers.py:6302: AssertionError
_______ test_watchdog_env_gone_clears_artifacts_after_strikes_threshold ________

tmp_path = PosixPath('/private/var/folders/_w/b3tthv192m77c760dbyzvk200000gn/T/pytest-of-peteromalley/pytest-6/test_watchdog_env_gone_clears_0')

    def test_watchdog_env_gone_clears_artifacts_after_strikes_threshold(tmp_path: Path) -> None:
        marker_dir = tmp_path / "markers"
        repair_data_dir = marker_dir / "repair-data"
        marker_dir.mkdir()
        repair_data_dir.mkdir()
        workspace = tmp_path / "wiped-ws"  # intentionally absent
        marker_file = _write_live_session_marker(
            marker_dir,
            "demo-chain",
            workspace,
            "/missing/demo-chain.yaml",
            run_kind="chain",
        )
        report_path = tmp_path / "report.tsv"
        log_path = tmp_path / "watchdog.log"
    
        script = "\n\n".join(
            _env_gone_script_blocks(
                marker_dir=marker_dir,
                log_path=log_path,
                report_path=report_path,
                workspace=str(workspace),
                remote_spec="/missing/demo-chain.yaml",
            )
            + [
                "ENV_GONE_STRIKES=1",
                f"launch_chain_tick demo-chain {str(workspace)!r} /missing/demo-chain.yaml {str(report_path)!r} chain '' ''",
            ]
        )
        result = _run_watchdog_shell(script)
>       assert result.returncode == 0, result.stderr
E       AssertionError: bash: -c: line 2838: syntax error: unexpected end of file
E         
E       assert 2 == 0
E        +  where 2 = CompletedProcess(args=['bash', '-c', 'session_terminal_status() {\n  local session="$1"\n  local workspace="$2"\n  loc...tsv\' chain \'\' \'\''], returncode=2, stdout='', stderr='bash: -c: line 2838: syntax error: unexpected end of file\n').returncode

tests/cloud/test_watchdog_wrappers.py:6390: AssertionError
____________ test_watchdog_env_gone_below_threshold_does_not_clear _____________

tmp_path = PosixPath('/private/var/folders/_w/b3tthv192m77c760dbyzvk200000gn/T/pytest-of-peteromalley/pytest-6/test_watchdog_env_gone_below_t0')

    def test_watchdog_env_gone_below_threshold_does_not_clear(tmp_path: Path) -> None:
        marker_dir = tmp_path / "markers"
        repair_data_dir = marker_dir / "repair-data"
        marker_dir.mkdir()
        repair_data_dir.mkdir()
        workspace = tmp_path / "wiped-ws"  # intentionally absent
        marker_file = _write_live_session_marker(
            marker_dir,
            "demo-chain",
            workspace,
            "/missing/demo-chain.yaml",
            run_kind="chain",
        )
        report_path = tmp_path / "report.tsv"
        log_path = tmp_path / "watchdog.log"
    
        script = "\n\n".join(
            _env_gone_script_blocks(
                marker_dir=marker_dir,
                log_path=log_path,
                report_path=report_path,
                workspace=str(workspace),
                remote_spec="/missing/demo-chain.yaml",
            )
            + [
                "ENV_GONE_STRIKES=3",
                f"launch_chain_tick demo-chain {str(workspace)!r} /missing/demo-chain.yaml {str(report_path)!r} chain '' ''",
            ]
        )
        result = _run_watchdog_shell(script)
>       assert result.returncode == 0, result.stderr
E       AssertionError: bash: -c: line 2838: syntax error: unexpected end of file
E         
E       assert 2 == 0
E        +  where 2 = CompletedProcess(args=['bash', '-c', 'session_terminal_status() {\n  local session="$1"\n  local workspace="$2"\n  loc...tsv\' chain \'\' \'\''], returncode=2, stdout='', stderr='bash: -c: line 2838: syntax error: unexpected end of file\n').returncode

tests/cloud/test_watchdog_wrappers.py:6433: AssertionError
___ test_watchdog_env_gone_with_completed_history_still_treated_as_complete ____

tmp_path = PosixPath('/private/var/folders/_w/b3tthv192m77c760dbyzvk200000gn/T/pytest-of-peteromalley/pytest-6/test_watchdog_env_gone_with_co0')

    def test_watchdog_env_gone_with_completed_history_still_treated_as_complete(tmp_path: Path) -> None:
        """Regression guard: the env-gone gate is strictly below the terminal
        short-circuit, so a completed repair-data fixture wins over a wiped env."""
        marker_dir = tmp_path / "markers"
        repair_data_dir = marker_dir / "repair-data"
        marker_dir.mkdir()
        repair_data_dir.mkdir()
        workspace = tmp_path / "wiped-ws"  # intentionally absent
        (repair_data_dir / "demo-chain.repair-data.json").write_text(
            json.dumps(
                {
                    "session": "demo-chain",
                    "attempts": [
                        {
                            "failure_classification": "chain_completed",
                            "chain_state_summary": {
                                "current_plan_name": "",
                                "current_state": "",
                                "last_state": "done",
                                "events": [{"msg": "all milestones complete"}],
                            },
                            "failure_context": {
                                "failure_classification": "chain_completed",
                                "chain_state_summary": {
                                    "current_plan_name": "",
                                    "current_state": "",
                                    "last_state": "done",
                                },
                            },
                        }
                    ],
                }
            ),
            encoding="utf-8",
        )
        report_path = tmp_path / "report.tsv"
        log_path = tmp_path / "watchdog.log"
    
        script = "\n\n".join(
            _env_gone_script_blocks(
                marker_dir=marker_dir,
                log_path=log_path,
                report_path=report_path,
                workspace=str(workspace),
                remote_spec="/missing/demo-chain.yaml",
            )
            + [
                "ENV_GONE_STRIKES=1",
                f"launch_chain_tick demo-chain {str(workspace)!r} /missing/demo-chain.yaml {str(report_path)!r} chain '' ''",
            ]
        )
        result = _run_watchdog_shell(script)
>       assert result.returncode == 0, result.stderr
E       AssertionError: bash: -c: line 2838: syntax error: unexpected end of file
E         
E       assert 2 == 0
E        +  where 2 = CompletedProcess(args=['bash', '-c', 'session_terminal_status() {\n  local session="$1"\n  local workspace="$2"\n  loc...tsv\' chain \'\' \'\''], returncode=2, stdout='', stderr='bash: -c: line 2838: syntax error: unexpected end of file\n').returncode

tests/cloud/test_watchdog_wrappers.py:6500: AssertionError
____________ test_watchdog_env_gone_recovers_when_workspace_returns ____________

tmp_path = PosixPath('/private/var/folders/_w/b3tthv192m77c760dbyzvk200000gn/T/pytest-of-peteromalley/pytest-6/test_watchdog_env_gone_recover0')

    def test_watchdog_env_gone_recovers_when_workspace_returns(tmp_path: Path) -> None:
        """A transient deploy gap records strikes; when the workspace reappears the
        sidecar is cleared and the check signals present (fall-through to normal
        processing). Exercises environment_gone_check directly so the recovery
        contract is isolated from the terminal short-circuit above the gate."""
        marker_dir = tmp_path / "markers"
        marker_dir.mkdir()
        workspace = tmp_path / "ws"
        workspace.mkdir()
        spec_path = workspace / ".megaplan" / "initiatives" / "demo-chain" / "chain.yaml"
        spec_path.parent.mkdir(parents=True, exist_ok=True)
        spec_path.write_text("milestones: []\n", encoding="utf-8")
        sidecar = marker_dir / "demo-chain.env-gone"
        sidecar.write_text("2\n", encoding="utf-8")
        log_path = tmp_path / "watchdog.log"
    
        script = "\n\n".join(
            [
                _extract_wrapper_function("safe_name"),
                _extract_wrapper_function("env_gone_sidecar_path"),
                _extract_wrapper_function("environment_gone_check"),
                f"MARKER_DIR={str(marker_dir)!r}",
                f"LOG={str(log_path)!r}",
                """
    log() { printf '%s\\n' "$*" >> "$LOG"; }
    safe_name() { printf '%s\\n' "$1"; }
    """.strip(),
                f"ENV_GONE_STRIKES=3",
                f"environment_gone_check demo-chain {str(workspace)!r} {str(spec_path)!r}",
            ]
        )
        result = _run_watchdog_shell(script)
        assert result.returncode == 1, result.stderr
        assert result.stdout.strip() == "present"
        # Env present: the prior strike sidecar is cleared (transient-deploy recovery).
>       assert not sidecar.exists()
E       AssertionError: assert not True
E        +  where True = exists()
E        +    where exists = PosixPath('/private/var/folders/_w/b3tthv192m77c760dbyzvk200000gn/T/pytest-of-peteromalley/pytest-6/test_watchdog_env_gone_recover0/markers/demo-chain.env-gone').exists

tests/cloud/test_watchdog_wrappers.py:6542: AssertionError
_ test_watchdog_missing_base_ref_chain_state_reports_needs_human_without_plan_state _

tmp_path = PosixPath('/private/var/folders/_w/b3tthv192m77c760dbyzvk200000gn/T/pytest-of-peteromalley/pytest-6/test_watchdog_missing_base_ref0')

    def test_watchdog_missing_base_ref_chain_state_reports_needs_human_without_plan_state(
        tmp_path: Path,
    ) -> None:
        marker_dir = tmp_path / "markers"
        marker_dir.mkdir()
        workspace = tmp_path / "ws"
        spec_path = workspace / ".megaplan" / "initiatives" / "demo-chain" / "chain.yaml"
        spec_path.parent.mkdir(parents=True, exist_ok=True)
        spec_path.write_text("milestones: []\n", encoding="utf-8")
        chain_dir = workspace / ".megaplan" / "plans" / ".chains"
        chain_dir.mkdir(parents=True, exist_ok=True)
        import hashlib
    
        digest = hashlib.sha1(str(spec_path.resolve()).encode("utf-8")).hexdigest()[:12]
        (chain_dir / f"{spec_path.stem}-{digest}.json").write_text(
            json.dumps(
                {
                    "current_plan_name": None,
                    "last_state": "missing_base_ref",
                    "metadata": {
                        "missing_base_ref": {
                            "base_branch": "stack/base",
                            "last_known_sha": "abc123def456",
                            "message": "Base branch 'stack/base' is missing on origin and no local ref is available to restore it.",
                            "recorded_at": "2026-06-28T00:00:00Z",
                            "retry_strategy": "manual_review",
                        }
                    },
                }
            ),
            encoding="utf-8",
        )
        report_path = tmp_path / "report.tsv"
        log_path = tmp_path / "watchdog.log"
    
        script = "\n\n".join(
            [
                _extract_wrapper_function("plan_attention_status_env"),
                _extract_wrapper_function_until("notify_needs_human", "adopt_unmarked_tmux_sessions"),
                _extract_wrapper_function("launch_chain_tick"),
                "chain_engine_root_preflight() { return 0; }",
                f"MARKER_DIR={str(marker_dir)!r}",
                f"LOG={str(log_path)!r}",
                """
    report_item() {
      printf '%s\t%s\t%s\t%s\t%s\t%s\t%s\n' "$1" "$2" "$3" "$4" "$5" "$6" "$7" >> "$1"
    }
    log() { printf '%s\n' "$*" >> "$LOG"; }
    session_health_status() { echo stopped; }
    plan_phase_health_status() { echo ok; }
    plan_progress_stall_status() { echo ok; }
    kimi_operator_running() { return 1; }
    dispatch_kimi_repair() { echo DISPATCH >&2; return 0; }
    repair_unhealthy_session() { echo REPAIR >&2; return 0; }
    ensure_install_or_repair() { return 0; }
    resolve_relaunch_command() { echo RELAUNCH; }
    safe_name() { printf '%s\n' "$1"; }
    tmux() { echo TMUX >&2; return 1; }
    """.strip(),
                f"launch_chain_tick demo-chain {str(workspace)!r} .megaplan/initiatives/demo-chain/chain.yaml {str(report_path)!r} chain '' ''",
            ]
        )
        result = _run_watchdog_shell(script)
>       assert result.returncode == 0, result.stderr
E       AssertionError: bash: -c: line 2402: syntax error: unexpected end of file
E         
E       assert 2 == 0
E        +  where 2 = CompletedProcess(args=['bash', '-c', 'plan_attention_status_env() {\n  local workspace="$1"\n  local remote_spec_path=...tsv\' chain \'\' \'\''], returncode=2, stdout='', stderr='bash: -c: line 2402: syntax error: unexpected end of file\n').returncode

tests/cloud/test_watchdog_wrappers.py:6608: AssertionError
_______ test_watchdog_scan_once_completes_when_chain_state_is_unreadable _______

tmp_path = PosixPath('/private/var/folders/_w/b3tthv192m77c760dbyzvk200000gn/T/pytest-of-peteromalley/pytest-6/test_watchdog_scan_once_comple0')

    def test_watchdog_scan_once_completes_when_chain_state_is_unreadable(tmp_path: Path) -> None:
        marker_dir = tmp_path / "markers"
        marker_dir.mkdir()
        workspace = tmp_path / "ws"
        spec_path = workspace / ".megaplan" / "initiatives" / "demo-chain" / "chain.yaml"
        spec_path.parent.mkdir(parents=True, exist_ok=True)
        spec_path.write_text("milestones: []\n", encoding="utf-8")
        chain_dir = workspace / ".megaplan" / "plans" / ".chains"
        chain_dir.mkdir(parents=True, exist_ok=True)
        marker_path = marker_dir / "demo-session.json"
        marker_path.write_text(
            json.dumps(
                {
                    "session": "demo-session",
                    "workspace": str(workspace),
                    "remote_spec": ".megaplan/initiatives/demo-chain/chain.yaml",
                    "run_kind": "chain",
                }
            ),
            encoding="utf-8",
        )
        import hashlib
    
        digest = hashlib.sha1(str(spec_path.resolve()).encode("utf-8")).hexdigest()[:12]
        (chain_dir / f"{spec_path.stem}-{digest}.json").write_text("{not-json\n", encoding="utf-8")
        report_path = tmp_path / "report.tsv"
        log_path = tmp_path / "watchdog.log"
    
        script = "\n\n".join(
            [
                _extract_wrapper_function("json_field"),
                _extract_wrapper_function("plan_attention_status_env"),
                _extract_wrapper_function("launch_chain_tick"),
                "chain_engine_root_preflight() { return 0; }",
                _extract_wrapper_function("scan_once_unlocked"),
                _extract_wrapper_function("scan_once"),
                f"MARKER_DIR={str(marker_dir)!r}",
                f"LOG={str(log_path)!r}",
                f"SCAN_LOCK_FILE={str(tmp_path / 'watchdog-scan.lock')!r}",
                "SCAN_LOCK_WAIT_SECS=0",
                "COOPERATIVE_ONCE=0",
                "WATCHDOG_BOOTSTRAP_RECOVERED=0",
                """
    report_item() {
      printf '%s\t%s\t%s\t%s\t%s\t%s\t%s\n' "$1" "$2" "$3" "$4" "$5" "$6" "$7" >> "$1"
    }
    log() { printf '%s\n' "$*" >> "$LOG"; }
    bootstrap_watchdog_observation() { return 0; }
    write_watchdog_sweep_health() { return 0; }
    write_watchdog_heartbeat() { :; }
    write_status_snapshot() { :; }
    repair_trigger_scan() { :; }
    run_repair_data_maintenance() { :; }
    maybe_reexec_updated_watchdog() { :; }
    sync_editable_source_branch() { return 0; }
    bootstrap_watchdog_observation() { return 0; }
    write_status_snapshot() { :; }
    adopt_unmarked_tmux_sessions() { return 0; }
    reap_stale_repairs() { return 0; }
    emit_report() { cp "$1" REPORT_PATH_PLACEHOLDER; }
    session_health_status() { echo stopped; }
    plan_phase_health_status() { echo ok; }
    plan_progress_stall_status() { echo ok; }
    kimi_operator_running() { return 1; }
    mechanical_relaunch_attempted_previously() { return 0; }
    dispatch_kimi_repair() { echo DISPATCH >&2; return 0; }
    kimi_dispatch_failed_previously() { return 1; }
    kimi_dispatch_marker_set() { :; }
    kimi_dispatch_marker_clear() { :; }
    repair_unhealthy_session() { echo REPAIR >&2; return 0; }
    ensure_install_or_repair() { return 0; }
    resolve_relaunch_command() { echo RELAUNCH; }
    safe_name() { printf '%s\n' "$1"; }
    tmux() { echo TMUX >&2; return 1; }
    """.replace("REPORT_PATH_PLACEHOLDER", str(report_path)).strip(),
                "scan_once_unlocked",
            ]
        )
    
        result = _run_watchdog_shell(script)
>       assert result.returncode == 0, result.stderr
E       AssertionError: bash: -c: line 895: syntax error near unexpected token `)'
E         bash: -c: line 895: `)'
E         
E       assert 2 == 0
E        +  where 2 = CompletedProcess(args=['bash', '-c', 'json_field() {\n  local marker="$1"\n  local field="$2"\n  python3 - "$marker" "...eturncode=2, stdout='', stderr="bash: -c: line 895: syntax error near unexpected token `)'\nbash: -c: line 895: `)'\n").returncode

tests/cloud/test_watchdog_wrappers.py:6736: AssertionError
________ test_watchdog_resolves_relative_chain_specs_against_workspace _________

tmp_path = PosixPath('/private/var/folders/_w/b3tthv192m77c760dbyzvk200000gn/T/pytest-of-peteromalley/pytest-6/test_watchdog_resolves_relativ0')

    def test_watchdog_resolves_relative_chain_specs_against_workspace(tmp_path: Path) -> None:
        workspace = tmp_path / "ws"
        spec_path = workspace / ".megaplan" / "initiatives" / "demo-chain" / "chain.yaml"
        spec_path.parent.mkdir(parents=True, exist_ok=True)
        spec_path.write_text("milestones: []\n", encoding="utf-8")
        report_path = tmp_path / "report.tsv"
    
        script = "\n\n".join(
            [
                _extract_wrapper_function("launch_chain_tick"),
                "chain_engine_root_preflight() { return 0; }",
                """
    report_item() {
      printf '%s\t%s\t%s\t%s\t%s\t%s\t%s\n' "$1" "$2" "$3" "$4" "$5" "$6" "$7" >> "$1"
    }
    log() { :; }
    session_health_status() { echo alive; }
    plan_phase_health_status() { echo ok; }
    plan_progress_stall_status() { echo ok; }
    kimi_dispatch_marker_clear() { :; }
    """.strip(),
                f"launch_chain_tick demo-chain {str(workspace)!r} .megaplan/initiatives/demo-chain/chain.yaml {str(report_path)!r} chain '' ''",
            ]
        )
        result = _run_watchdog_shell(script)
>       assert result.returncode == 0, result.stderr
E       AssertionError: bash: -c: line 238: syntax error: unexpected end of file
E         
E       assert 2 == 0
E        +  where 2 = CompletedProcess(args=['bash', '-c', 'launch_chain_tick() {\n  local session="$1"\n  local workspace="$2"\n  local rem....tsv\' chain \'\' \'\''], returncode=2, stdout='', stderr='bash: -c: line 238: syntax error: unexpected end of file\n').returncode

tests/cloud/test_watchdog_wrappers.py:7441: AssertionError
____ test_watchdog_repair_loop_needs_human_sidecar_short_circuits_relaunch _____

tmp_path = PosixPath('/private/var/folders/_w/b3tthv192m77c760dbyzvk200000gn/T/pytest-of-peteromalley/pytest-6/test_watchdog_repair_loop_need0')

    def test_watchdog_repair_loop_needs_human_sidecar_short_circuits_relaunch(tmp_path: Path) -> None:
        marker_dir = tmp_path / "markers"
        repair_data_dir = marker_dir / "repair-data"
        marker_dir.mkdir()
        repair_data_dir.mkdir()
        workspace = tmp_path / "ws"
        workspace.mkdir()
        spec_path = tmp_path / "spec.yaml"
        spec_path.write_text("milestones: []\n", encoding="utf-8")
        report_path = tmp_path / "report.tsv"
        (repair_data_dir / "demo-session.needs-human.json").write_text(
            json.dumps(
                {
                    "summary": "i1 dev=zhipu:glm-5.2 sha=abc mechanical=failed:stopped kimi=failed:bad-creds",
                    "repair_data_path": str(repair_data_dir / "demo-session.repair-data.json"),
                    "discord_status": "delivered",
                }
            ),
            encoding="utf-8",
        )
    
        script = "\n\n".join(
            [
                _extract_wrapper_function("repair_needs_human_path"),
                _extract_wrapper_function("repair_needs_human_summary"),
                _extract_wrapper_function("repair_needs_human_matches_current_plan"),
                _extract_wrapper_function("workspace_has_other_alive_session"),
                _extract_wrapper_function("launch_chain_tick"),
                "chain_engine_root_preflight() { return 0; }",
                f"MARKER_DIR={str(marker_dir)!r}",
                f"REPAIR_DATA_DIR={str(repair_data_dir)!r}",
                """
    report_item() {
      printf '%s\t%s\t%s\t%s\t%s\t%s\t%s\n' "$1" "$2" "$3" "$4" "$5" "$6" "$7" >> "$1"
    }
    log() { :; }
    session_health_status() { echo stopped; }
    plan_attention_status_env() { return 0; }
    kimi_operator_running() { return 1; }
    mechanical_relaunch_attempted_previously() { return 1; }
    kimi_dispatch_failed_previously() { return 1; }
    dispatch_kimi_repair() { echo DISPATCH >&2; return 0; }
    ensure_install_or_repair() { return 0; }
    resolve_relaunch_command() { echo RELAUNCH; }
    safe_name() { printf '%s\n' "$1"; }
    chain_current_pr_merged() { echo none; }
    tmux() { echo TMUX >&2; return 1; }
    """.strip(),
                f"launch_chain_tick demo-session {str(workspace)!r} {str(spec_path)!r} {str(report_path)!r} chain '' ''",
            ]
        )
    
        result = _run_watchdog_shell(script)
>       assert result.returncode == 0, result.stderr
E       AssertionError: bash: -c: line 404: syntax error: unexpected end of file
E         
E       assert 2 == 0
E        +  where 2 = CompletedProcess(args=['bash', '-c', 'repair_needs_human_path() {\n  printf \'%s/%s.needs-human.json\' "$REPAIR_DATA_D....tsv\' chain \'\' \'\''], returncode=2, stdout='', stderr='bash: -c: line 404: syntax error: unexpected end of file\n').returncode

tests/cloud/test_watchdog_wrappers.py:8168: AssertionError
______ test_watchdog_clears_stale_parent_sidecar_when_child_session_alive ______

tmp_path = PosixPath('/private/var/folders/_w/b3tthv192m77c760dbyzvk200000gn/T/pytest-of-peteromalley/pytest-6/test_watchdog_clears_stale_par0')

    def test_watchdog_clears_stale_parent_sidecar_when_child_session_alive(tmp_path: Path) -> None:
        marker_dir = tmp_path / "markers"
        repair_data_dir = marker_dir / "repair-data"
        marker_dir.mkdir()
        repair_data_dir.mkdir()
        workspace = tmp_path / "ws"
        workspace.mkdir()
        parent_spec = workspace / ".megaplan" / "initiatives" / "demo" / "assets" / "epic-chain.yaml"
        child_spec = workspace / ".megaplan" / "initiatives" / "demo" / "chain.yaml"
        parent_spec.parent.mkdir(parents=True)
        child_spec.parent.mkdir(parents=True, exist_ok=True)
        parent_spec.write_text("chains: []\n", encoding="utf-8")
        child_spec.write_text("milestones: []\n", encoding="utf-8")
        _write_live_session_marker(
            marker_dir,
            "parent-session",
            workspace,
            str(parent_spec),
            run_kind="chain",
        )
        report_path = tmp_path / "report.tsv"
        log_path = tmp_path / "watchdog.log"
        sidecar_path = repair_data_dir / "parent-session.needs-human.json"
        sidecar_path.write_text(
            json.dumps(
                {
                    "summary": "old parent repair exhaustion",
                    "repair_data_path": str(repair_data_dir / "parent-session.repair-data.json"),
                    "discord_status": "delivered",
                }
            ),
            encoding="utf-8",
        )
        (marker_dir / "child-session.json").write_text(
            json.dumps(
                {
                    "session": "child-session",
                    "workspace": str(workspace),
                    "remote_spec": str(child_spec),
                    "run_kind": "chain",
                }
            ),
            encoding="utf-8",
        )
    
        script = "\n\n".join(
            [
                _extract_wrapper_function("repair_needs_human_path"),
                _extract_wrapper_function("repair_needs_human_summary"),
                _extract_wrapper_function("repair_needs_human_matches_current_plan"),
                _extract_wrapper_function("workspace_has_other_alive_session"),
                _extract_wrapper_function("launch_chain_tick"),
                "chain_engine_root_preflight() { return 0; }",
                f"MARKER_DIR={str(marker_dir)!r}",
                f"REPAIR_DATA_DIR={str(repair_data_dir)!r}",
                f"LOG={str(log_path)!r}",
                """
    report_item() {
      printf '%s\t%s\t%s\t%s\t%s\t%s\t%s\n' "$1" "$2" "$3" "$4" "$5" "$6" "$7" >> "$1"
    }
    log() { printf '%s\n' "$*" >> "$LOG"; }
    session_health_status() {
      if [[ "$1" == "child-session" ]]; then
        echo alive
      else
        echo stopped
      fi
    }
    plan_attention_status_env() { return 0; }
    chain_health_status() {
      CHAIN_HEALTH_STATUS=ok
      CHAIN_HEALTH_SUMMARY=
      CHAIN_HEALTH_ARTIFACT_PATH=
      CHAIN_HEALTH_LOG_MESSAGE=
    }
    chain_current_pr_merged() { echo none; }
    kimi_operator_running() { return 1; }
    repair_loop_busy_state() { echo none; }
    mechanical_relaunch_attempted_previously() { return 0; }
    kimi_dispatch_failed_previously() { return 1; }
    kimi_dispatch_marker_set() { :; }
    kimi_dispatch_marker_clear() { :; }
    dispatch_kimi_repair() { echo DISPATCH >&2; return 0; }
    ensure_install_or_repair() { return 0; }
    resolve_relaunch_command() { echo RELAUNCH; }
    safe_name() { printf '%s\n' "$1"; }
    tmux() { echo TMUX >&2; return 1; }
    """.strip(),
                f"launch_chain_tick parent-session {str(workspace)!r} {str(parent_spec)!r} {str(report_path)!r} chain '' ''",
            ]
        )
    
        result = _run_watchdog_shell(script)
>       assert result.returncode == 0, result.stderr
E       AssertionError: bash: -c: line 422: syntax error: unexpected end of file
E         
E       assert 2 == 0
E        +  where 2 = CompletedProcess(args=['bash', '-c', 'repair_needs_human_path() {\n  printf \'%s/%s.needs-human.json\' "$REPAIR_DATA_D....tsv\' chain \'\' \'\''], returncode=2, stdout='', stderr='bash: -c: line 422: syntax error: unexpected end of file\n').returncode

tests/cloud/test_watchdog_wrappers.py:8569: AssertionError
______ test_watchdog_clears_stale_needs_human_sidecar_for_superseded_plan ______

tmp_path = PosixPath('/private/var/folders/_w/b3tthv192m77c760dbyzvk200000gn/T/pytest-of-peteromalley/pytest-6/test_watchdog_clears_stale_nee0')

    def test_watchdog_clears_stale_needs_human_sidecar_for_superseded_plan(tmp_path: Path) -> None:
        marker_dir = tmp_path / "markers"
        repair_data_dir = marker_dir / "repair-data"
        marker_dir.mkdir()
        repair_data_dir.mkdir()
        workspace = tmp_path / "ws"
        plan_name = "m3-current-plan"
        old_plan_name = "m1-old-plan"
        spec_path = workspace / ".megaplan" / "initiatives" / "demo" / "chain.yaml"
        spec_path.parent.mkdir(parents=True)
        spec_path.write_text("milestones: []\n", encoding="utf-8")
        _write_live_session_marker(
            marker_dir,
            "demo-session",
            workspace,
            str(spec_path),
            run_kind="chain",
            plan_name=plan_name,
        )
        digest = hashlib.sha1(str(spec_path.resolve()).encode("utf-8")).hexdigest()[:12]
        _write_chain_state(
            workspace / ".megaplan" / "plans" / ".chains" / f"chain-{digest}.json",
            {"current_plan_name": plan_name, "last_state": "awaiting_human"},
        )
        _write_plan(
            workspace / ".megaplan" / "plans" / plan_name,
            {
                "name": plan_name,
                "current_state": "awaiting_human",
                "latest_failure": {
                    "kind": "blocked_by_prereq",
                    "message": "execute reported blocked tasks awaiting user action: T1",
                },
            },
            events_body="{}\n",
        )
        repair_data_path = repair_data_dir / "demo-session.repair-data.json"
        repair_data_path.write_text(
            json.dumps(
                {
                    "session": "demo-session",
                    "iterations": [
                        {"i": 1, "chain_state_summary": {"current_plan_name": old_plan_name}}
                    ],
                }
            ),
            encoding="utf-8",
        )
        sidecar_path = repair_data_dir / "demo-session.needs-human.json"
        sidecar_path.write_text(
            json.dumps(
                {
                    "summary": "old repair exhaustion",
                    "repair_data_path": str(repair_data_path),
                    "chain_current_plan_name": old_plan_name,
                }
            ),
            encoding="utf-8",
        )
        report_path = tmp_path / "report.tsv"
        log_path = tmp_path / "watchdog.log"
    
        script = "\n\n".join(
            [
                _extract_wrapper_function("plan_attention_status_env"),
                _extract_wrapper_function("repair_needs_human_path"),
                _extract_wrapper_function("repair_needs_human_summary"),
                _extract_wrapper_function("repair_needs_human_matches_current_plan"),
                _extract_wrapper_function_until("notify_needs_human", "adopt_unmarked_tmux_sessions"),
                _extract_wrapper_function("plan_terminal_status"),
                _extract_wrapper_function("launch_chain_tick"),
                "chain_engine_root_preflight() { return 0; }",
                f"MARKER_DIR={str(marker_dir)!r}",
                f"REPAIR_DATA_DIR={str(repair_data_dir)!r}",
                f"SRC_DIR={str(REPO_ROOT)!r}",
                f"LOG={str(log_path)!r}",
                """
    report_item() {
      printf '%s\t%s\t%s\t%s\t%s\t%s\t%s\n' "$1" "$2" "$3" "$4" "$5" "$6" "$7" >> "$1"
    }
    log() { printf '%s\n' "$*" >> "$LOG"; }
    session_health_status() { echo stopped; }
    plan_phase_health_status() { echo ok; }
    plan_progress_stall_status() { echo ok; }
    babysitter_effective_mode() { printf 'superfixer\t\n'; }
    babysitter_occurrence_digest() { echo a9c062b1cfe5; }
    babysitter_running_for_occurrence() { return 1; }
    babysitter_after_elapsed() { return 0; }
    launch_status_trigger_babysitter() { echo BABYSITTER >&2; return 0; }
    babysitter_policy_dispatch() {
      launch_status_trigger_babysitter "$@"
      report_item "$6" "$1" "repair" "babysitter_scheduled" "single-flash babysitter dispatched: $7" "$2" "$3"
    }
    ensure_install_or_repair() { return 0; }
    resolve_relaunch_command() { echo RELAUNCH >&2; return 1; }
    safe_name() { printf '%s\n' "$1"; }
    tmux() { echo TMUX >&2; return 1; }
    chain_health_status() {
      CHAIN_HEALTH_STATUS=ok
      CHAIN_HEALTH_SUMMARY=
      CHAIN_HEALTH_ARTIFACT_PATH=
      CHAIN_HEALTH_LOG_MESSAGE=
    }
    """.strip(),
                f"launch_chain_tick demo-session {str(workspace)!r} {str(spec_path)!r} {str(report_path)!r} chain '' ''",
            ]
        )
        result = _run_watchdog_shell(script)
>       assert result.returncode == 0, result.stderr
E       AssertionError: bash: -c: line 2567: syntax error: unexpected end of file
E         
E       assert 2 == 0
E        +  where 2 = CompletedProcess(args=['bash', '-c', 'plan_attention_status_env() {\n  local workspace="$1"\n  local remote_spec_path=...tsv\' chain \'\' \'\''], returncode=2, stdout='', stderr='bash: -c: line 2567: syntax error: unexpected end of file\n').returncode

tests/cloud/test_watchdog_wrappers.py:8811: AssertionError
___________ test_launch_chain_tick_superfixer_skips_kimi_fallthrough ___________

tmp_path = PosixPath('/private/var/folders/_w/b3tthv192m77c760dbyzvk200000gn/T/pytest-of-peteromalley/pytest-6/test_launch_chain_tick_superfi0')

    def test_launch_chain_tick_superfixer_skips_kimi_fallthrough(tmp_path: Path) -> None:
        """A successful status-trigger babysitter dispatch in the phase-contract
        fence reports babysitter_scheduled and NEVER falls through to a layered
        L1/L2 path (deleted with the layered stack)."""
        paths = _prepare_meta_repair_launch_chain_tick_fixture(tmp_path)
        stub = tmp_path / "babysitter-stub.sh"
        stub.write_text("#!/usr/bin/env bash\nexit 0\n", encoding="utf-8")
        stub.chmod(0o755)
        script = "\n\n".join(
            [
                _extract_wrapper_function("babysitter_occurrence_digest"),
                _extract_wrapper_function("babysitter_effective_mode"),
                _extract_wrapper_function("babysitter_running_for_occurrence"),
                _extract_wrapper_function("babysitter_after_elapsed"),
                _extract_wrapper_function("launch_status_trigger_babysitter"),
                _extract_wrapper_function("babysitter_policy_dispatch"),
                _extract_wrapper_function("launch_chain_tick"),
                "chain_engine_root_preflight() { return 0; }",
                f"MARKER_DIR={str(paths['marker_dir'])!r}",
                f"REPAIR_DATA_DIR={str(paths['repair_data_dir'])!r}",
                f"SRC_DIR={str(REPO_ROOT)!r}",
                f"WRAPPER_REPO_ROOT={str(REPO_ROOT)!r}",
                f"LOG={str(paths['log_path'])!r}",
                "export CLOUD_WATCHDOG_BABYSITTER_BIN=" + shlex.quote(str(stub)) + "",
                "export ARNOLD_BABYSITTER_LAUNCH_GRACE_SECS=0.2",
                """
    report_item() {
      printf '%s\\t%s\\t%s\\t%s\\t%s\\t%s\\t%s\\n' "$1" "$2" "$3" "$4" "$5" "$6" "$7" >> "$1"
    }
    log() { printf '%s\\n' "$*" >> "$LOG"; }
    authority_gap_continue() { echo "AUTHORITY_GAP $*" >&2; }
    plan_attention_status_env() {
      printf '%s\\n' "PLAN_STATUS_FAILURE_KIND='deterministic_phase_failure'"
      printf '%s\\n' "PLAN_STATUS_RETRY_STRATEGY='repair_phase_contract'"
      printf '%s\\n' "PLAN_STATUS_PLAN_NAME='demo-plan'"
    }
    dispatch_kimi_repair() { echo SHOULD_NOT_DISPATCH_KIMI >&2; return 0; }
    emit_watchdog_incident_bridge_event() { :; }
    """.strip(),
                (
                    f"launch_chain_tick demo-session {str(paths['workspace'])!r} "
                    f"{str(paths['spec_path'])!r} {str(paths['report_path'])!r} chain '' ''"
                ),
            ]
        )
        result = _run_watchdog_shell(script)
>       assert result.returncode == 0, result.stderr
E       AssertionError: bash: -c: line 1238: syntax error: unexpected end of file
E         
E       assert 2 == 0
E        +  where 2 = CompletedProcess(args=['bash', '-c', 'babysitter_occurrence_digest() {\n  local session="$1"\n  local workspace="$2"\n...tsv\' chain \'\' \'\''], returncode=2, stdout='', stderr='bash: -c: line 1238: syntax error: unexpected end of file\n').returncode

tests/cloud/test_watchdog_wrappers.py:9000: AssertionError
________ test_watchdog_chain_health_short_circuits_plan_repair_dispatch ________

tmp_path = PosixPath('/private/var/folders/_w/b3tthv192m77c760dbyzvk200000gn/T/pytest-of-peteromalley/pytest-6/test_watchdog_chain_health_sho0')

    def test_watchdog_chain_health_short_circuits_plan_repair_dispatch(tmp_path: Path) -> None:
        marker_dir = tmp_path / "markers"
        repair_dir = tmp_path / "repair-data"
        marker_dir.mkdir()
        repair_dir.mkdir()
        workspace = tmp_path / "ws"
        workspace.mkdir()
        spec_path = workspace / "demo-spec.yaml"
        spec_path.write_text("milestones: []\n", encoding="utf-8")
        _write_live_session_marker(
            marker_dir,
            "demo-session",
            workspace,
            str(spec_path),
            run_kind="chain",
        )
        report_path = tmp_path / "report.tsv"
    
        script = "\n\n".join(
            [
                _extract_wrapper_function("launch_chain_tick"),
                "chain_engine_root_preflight() { return 0; }",
                f"MARKER_DIR={str(marker_dir)!r}",
                f"REPAIR_DATA_DIR={str(repair_dir)!r}",
                """
    report_item() {
      printf '%s\t%s\t%s\t%s\t%s\t%s\t%s\n' "$1" "$2" "$3" "$4" "$5" "$6" "$7" >> "$1"
    }
    log() { :; }
    session_health_status() { echo alive; }
    chain_health_status() {
      CHAIN_HEALTH_STATUS=chain_cycle
      CHAIN_HEALTH_SUMMARY='chain cycle detected'
      CHAIN_HEALTH_ARTIFACT_PATH=/tmp/chain-health.json
    }
    plan_phase_health_status() { echo phase_failure:should-not-run; }
    plan_progress_stall_status() { echo progress_stall:should-not-run; }
    plan_attention_status_env() { echo SHOULD_NOT_RUN >&2; }
    babysitter_effective_mode() { printf 'superfixer\t\n'; }
    babysitter_occurrence_digest() { echo a9c062b1cfe5; }
    babysitter_running_for_occurrence() { return 1; }
    babysitter_after_elapsed() { return 0; }
    launch_status_trigger_babysitter() { echo BABYSITTER >&2; return 0; }
    babysitter_policy_dispatch() {
      launch_status_trigger_babysitter "$@"
      report_item "$6" "$1" "repair" "babysitter_scheduled" "single-flash babysitter dispatched: $7" "$2" "$3"
    }
    mechanical_relaunch_attempted_previously() { return 1; }
    kimi_dispatch_failed_previously() { return 1; }
    ensure_install_or_repair() { return 0; }
    resolve_relaunch_command() { echo RELAUNCH; }
    safe_name() { printf '%s\n' "$1"; }
    tmux() { echo TMUX >&2; return 1; }
    """.strip(),
                f"launch_chain_tick demo-session {str(workspace)!r} {str(spec_path)!r} {str(report_path)!r} chain '' ''",
            ]
        )
    
        result = _run_watchdog_shell(script)
>       assert result.returncode == 0, result.stderr
E       AssertionError: bash: -c: line 264: syntax error: unexpected end of file
E         
E       assert 2 == 0
E        +  where 2 = CompletedProcess(args=['bash', '-c', 'launch_chain_tick() {\n  local session="$1"\n  local workspace="$2"\n  local rem....tsv\' chain \'\' \'\''], returncode=2, stdout='', stderr='bash: -c: line 264: syntax error: unexpected end of file\n').returncode

tests/cloud/test_watchdog_wrappers.py:9457: AssertionError
_______________ test_watchdog_alive_by_process_prevents_relaunch _______________

tmp_path = PosixPath('/private/var/folders/_w/b3tthv192m77c760dbyzvk200000gn/T/pytest-of-peteromalley/pytest-6/test_watchdog_alive_by_process0')

    def test_watchdog_alive_by_process_prevents_relaunch(
        tmp_path: Path,
    ) -> None:
        """When ``session_health_status`` returns *alive* via process detection the
        watchdog must skip relaunch for that session."""
        workspace = tmp_path / "ws"
        workspace.mkdir()
        spec_path = workspace / ".megaplan" / "initiatives" / "demo-chain" / "chain.yaml"
        spec_path.parent.mkdir(parents=True, exist_ok=True)
        spec_path.write_text("milestones: []\n", encoding="utf-8")
        marker_dir = tmp_path / "markers"
        marker_dir.mkdir()
        (marker_dir / "alive-session.json").write_text(
            json.dumps(
                {
                    "session": "alive-session",
                    "workspace": str(workspace),
                    "remote_spec": str(spec_path),
                    "run_kind": "chain",
                }
            ),
            encoding="utf-8",
        )
        report_path = tmp_path / "report.tsv"
        log_path = tmp_path / "watchdog.log"
    
        script = "\n\n".join(
            [
                _extract_wrapper_function("json_field"),
                _extract_wrapper_function("launch_chain_tick"),
                "chain_engine_root_preflight() { return 0; }",
                f"MARKER_DIR={str(marker_dir)!r}",
                f"REPAIR_DATA_DIR={str(tmp_path / 'repair-data')!r}",
                f"LOG={str(log_path)!r}",
                """
    report_item() {
      printf '%s\\t%s\\t%s\\t%s\\t%s\\t%s\\t%s\\n' \"$1\" \"$2\" \"$3\" \"$4\" \"$5\" \"$6\" \"$7\" >> \"$1\"
    }
    log() { printf '%s\\n' \"$*\" >> \"$LOG\"; }
    maybe_reexec_updated_watchdog() { :; }
    sync_editable_source_branch() { return 0; }
    adopt_unmarked_tmux_sessions() { :; }
    reap_stale_repairs() { :; }
    emit_report() { cp \"$1\" REPORT_PATH_PLACEHOLDER; }
    # session is alive via process detection (no tmux needed).
    session_health_status() { echo alive; }
    plan_phase_health_status() { echo ok; }
    plan_progress_stall_status() { echo ok; }
    chain_health_status() { CHAIN_HEALTH_STATUS=ok; }
    repair_loop_busy_state() { echo none; }
    dispatch_kimi_repair() { echo SHOULD_NOT_DISPATCH >&2; return 0; }
    repair_unhealthy_session() { echo SHOULD_NOT_REPAIR >&2; return 0; }
    mechanical_relaunch_attempted_previously() { return 0; }
    kimi_dispatch_failed_previously() { return 1; }
    kimi_dispatch_marker_set() { :; }
    kimi_dispatch_marker_clear() { :; }
    ensure_install_or_repair() { return 0; }
    resolve_relaunch_command() { echo RELAUNCH; }
    safe_name() { printf '%s\\n' \"$1\"; }
    tmux() { return 1; }
    """.replace("REPORT_PATH_PLACEHOLDER", str(report_path)).strip(),
                f"launch_chain_tick alive-session {str(workspace)!r} {str(spec_path)!r} {str(report_path)!r} chain '' ''",
            ]
        )
    
        result = _run_watchdog_shell(script)
>       assert result.returncode == 0, result.stderr
E       AssertionError: bash: -c: line 280: syntax error: unexpected end of file
E         
E       assert 2 == 0
E        +  where 2 = CompletedProcess(args=['bash', '-c', 'json_field() {\n  local marker="$1"\n  local field="$2"\n  python3 - "$marker" "....tsv\' chain \'\' \'\''], returncode=2, stdout='', stderr='bash: -c: line 280: syntax error: unexpected end of file\n').returncode

tests/cloud/test_watchdog_wrappers.py:11972: AssertionError
___ test_watchdog_marker_only_live_worker_session_prevents_duplicate_repair ____

tmp_path = PosixPath('/private/var/folders/_w/b3tthv192m77c760dbyzvk200000gn/T/pytest-of-peteromalley/pytest-6/test_watchdog_marker_only_live0')

    def test_watchdog_marker_only_live_worker_session_prevents_duplicate_repair(
        tmp_path: Path,
    ) -> None:
        """A session with only a marker (no tmux) whose live worker PID is found
        must be classified alive, preventing duplicate repair dispatch."""
        workspace = tmp_path / "ws"
        workspace.mkdir()
        spec_path = workspace / ".megaplan" / "initiatives" / "demo-chain" / "chain.yaml"
        spec_path.parent.mkdir(parents=True, exist_ok=True)
        spec_path.write_text("milestones: []\n", encoding="utf-8")
        digest = hashlib.sha1(str(spec_path.resolve()).encode("utf-8")).hexdigest()[:12]
        chain_state_path = workspace / ".megaplan" / "plans" / ".chains" / f"chain-{digest}.json"
        chain_state_path.parent.mkdir(parents=True, exist_ok=True)
        plan_name = "m3-demo-plan"
        chain_state_path.write_text(
            json.dumps({"current_plan_name": plan_name}),
            encoding="utf-8",
        )
        plan_dir = workspace / ".megaplan" / "plans" / plan_name
        plan_dir.mkdir(parents=True, exist_ok=True)
    
        worker = subprocess.Popen(["sleep", "30"])
        try:
            (plan_dir / "state.json").write_text(
                json.dumps({"active_step": {"phase": "execute", "worker_pid": worker.pid}}),
                encoding="utf-8",
            )
            marker_dir = tmp_path / "markers"
            marker_dir.mkdir()
            (marker_dir / "demo-session.json").write_text(
                json.dumps(
                    {
                        "session": "demo-session",
                        "workspace": str(workspace),
                        "remote_spec": str(spec_path),
                        "run_kind": "chain",
                    }
                ),
                encoding="utf-8",
            )
            report_path = tmp_path / "report.tsv"
            log_path = tmp_path / "watchdog.log"
    
            script = "\n\n".join(
                [
                    _extract_wrapper_function("json_field"),
                    _extract_wrapper_function("matching_runner_process_alive"),
                    _extract_wrapper_function("session_health_status"),
                    _extract_wrapper_function("launch_chain_tick"),
                    "chain_engine_root_preflight() { return 0; }",
                    f"MARKER_DIR={str(marker_dir)!r}",
                    f"REPAIR_DATA_DIR={str(tmp_path / 'repair-data')!r}",
                    f"LOG={str(log_path)!r}",
                    """
    report_item() {
      printf '%s\\t%s\\t%s\\t%s\\t%s\\t%s\\t%s\\n' \"$1\" \"$2\" \"$3\" \"$4\" \"$5\" \"$6\" \"$7\" >> \"$1\"
    }
    log() { printf '%s\\n' \"$*\" >> \"$LOG\"; }
    maybe_reexec_updated_watchdog() { :; }
    sync_editable_source_branch() { return 0; }
    adopt_unmarked_tmux_sessions() { :; }
    reap_stale_repairs() { :; }
    emit_report() { cp \"$1\" REPORT_PATH_PLACEHOLDER; }
    chain_wait_status() { echo none; }
    plan_phase_health_status() { echo ok; }
    plan_progress_stall_status() { echo ok; }
    chain_health_status() { CHAIN_HEALTH_STATUS=ok; }
    repair_loop_busy_state() { echo none; }
    dispatch_kimi_repair() { echo SHOULD_NOT_DISPATCH >&2; return 0; }
    repair_unhealthy_session() { echo SHOULD_NOT_REPAIR >&2; return 0; }
    mechanical_relaunch_attempted_previously() { return 0; }
    kimi_dispatch_failed_previously() { return 1; }
    kimi_dispatch_marker_set() { :; }
    kimi_dispatch_marker_clear() { :; }
    ensure_install_or_repair() { return 0; }
    resolve_relaunch_command() { echo RELAUNCH; }
    safe_name() { printf '%s\\n' \"$1\"; }
    tmux() {
      if [[ \"$1\" == \"has-session\" ]]; then
        return 1
      fi
      return 0
    }
    """.replace("REPORT_PATH_PLACEHOLDER", str(report_path)).strip(),
                    f"launch_chain_tick demo-session {str(workspace)!r} {str(spec_path)!r} {str(report_path)!r} chain '' ''",
                ]
            )
    
            result = _run_watchdog_shell(script)
>           assert result.returncode == 0, result.stderr
E           AssertionError: bash: -c: line 494: syntax error: unexpected end of file
E             
E           assert 2 == 0
E            +  where 2 = CompletedProcess(args=['bash', '-c', 'json_field() {\n  local marker="$1"\n  local field="$2"\n  python3 - "$marker" "....tsv\' chain \'\' \'\''], returncode=2, stdout='', stderr='bash: -c: line 494: syntax error: unexpected end of file\n').returncode

tests/cloud/test_watchdog_wrappers.py:12070: AssertionError
______ test_watchdog_observes_unowned_preserve_live_goal_without_dispatch ______

tmp_path = PosixPath('/private/var/folders/_w/b3tthv192m77c760dbyzvk200000gn/T/pytest-of-peteromalley/pytest-6/test_watchdog_observes_unowned0')

    def test_watchdog_observes_unowned_preserve_live_goal_without_dispatch(tmp_path: Path) -> None:
        marker_dir = tmp_path / "markers"
        repair_data_dir = marker_dir / "repair-data"
        marker_dir.mkdir()
        repair_data_dir.mkdir()
        report_path = tmp_path / "report.tsv"
        dispatch_path = tmp_path / "dispatch.log"
        log_path = tmp_path / "watchdog.log"
        script = "\n\n".join(
            [
                _extract_wrapper_function("launch_chain_tick"),
                "chain_engine_root_preflight() { return 0; }",
                f"MARKER_DIR={str(marker_dir)!r}",
                f"REPAIR_DATA_DIR={str(repair_data_dir)!r}",
                f"SRC_DIR={str(REPO_ROOT)!r}",
                f"MEGAPLAN_SUPERVISOR_PYTHON={sys.executable!r}",
                f"LOG={str(log_path)!r}",
                f"DISPATCH_PATH={str(dispatch_path)!r}",
                """
    log() { printf '%s\n' "$*" >> "$LOG"; }
    report_item() { printf '%s\t%s\t%s\t%s\t%s\t%s\n' "$2" "$3" "$4" "$5" "$6" "$7" >> "$1"; }
    repair_goal_watchdog_status() { printf 'active_unowned\tgoal-healthy\tfresh execute worker is still progressing\tpreserve_live\n'; }
    repair_unintended_stop() { printf 'dispatch\n' >> "$DISPATCH_PATH"; }
    """.strip(),
                f"launch_chain_tick custody-control-plane {str(tmp_path / 'workspace')!r} {str(tmp_path / 'chain.yaml')!r} {str(report_path)!r} chain '' ''",
            ]
        )
    
        result = _run_watchdog_shell(script)
    
>       assert result.returncode == 0, result.stderr
E       AssertionError: bash: -c: line 249: syntax error: unexpected end of file
E         
E       assert 2 == 0
E        +  where 2 = CompletedProcess(args=['bash', '-c', 'launch_chain_tick() {\n  local session="$1"\n  local workspace="$2"\n  local rem....tsv\' chain \'\' \'\''], returncode=2, stdout='', stderr='bash: -c: line 249: syntax error: unexpected end of file\n').returncode

tests/cloud/test_watchdog_wrappers.py:12234: AssertionError
_ test_watchdog_suppresses_unowned_goal_redispatch_for_authoritative_live_worker _

tmp_path = PosixPath('/private/var/folders/_w/b3tthv192m77c760dbyzvk200000gn/T/pytest-of-peteromalley/pytest-6/test_watchdog_suppresses_unown0')

    def test_watchdog_suppresses_unowned_goal_redispatch_for_authoritative_live_worker(
        tmp_path: Path,
    ) -> None:
        marker_dir = tmp_path / "markers"
        repair_data_dir = marker_dir / "repair-data"
        marker_dir.mkdir()
        repair_data_dir.mkdir()
        report_path = tmp_path / "report.tsv"
        dispatch_path = tmp_path / "dispatch.log"
        log_path = tmp_path / "watchdog.log"
        script = "\n\n".join(
            [
                _extract_wrapper_function("launch_chain_tick"),
                "chain_engine_root_preflight() { return 0; }",
                f"MARKER_DIR={str(marker_dir)!r}",
                f"REPAIR_DATA_DIR={str(repair_data_dir)!r}",
                f"SRC_DIR={str(REPO_ROOT)!r}",
                f"MEGAPLAN_SUPERVISOR_PYTHON={sys.executable!r}",
                f"LOG={str(log_path)!r}",
                f"DISPATCH_PATH={str(dispatch_path)!r}",
                """
    log() { printf '%s\n' "$*" >> "$LOG"; }
    report_item() { printf '%s\t%s\t%s\t%s\t%s\t%s\n' "$2" "$3" "$4" "$5" "$6" "$7" >> "$1"; }
    repair_goal_watchdog_status() { printf 'active_unowned\tgoal-live\towner terminalized before review finished\tinvestigate\n'; }
    current_target_has_live_worker() { return 0; }
    dispatch_meta_repair() { printf 'l2\n' >> "$DISPATCH_PATH"; }
    repair_unintended_stop() { printf 'l1\n' >> "$DISPATCH_PATH"; }
    """.strip(),
                f"launch_chain_tick custody-control-plane {str(tmp_path / 'workspace')!r} {str(tmp_path / 'chain.yaml')!r} {str(report_path)!r} chain '' ''",
            ]
        )
    
        result = _run_watchdog_shell(script)
    
>       assert result.returncode == 0, result.stderr
E       AssertionError: bash: -c: line 252: syntax error: unexpected end of file
E         
E       assert 2 == 0
E        +  where 2 = CompletedProcess(args=['bash', '-c', 'launch_chain_tick() {\n  local session="$1"\n  local workspace="$2"\n  local rem....tsv\' chain \'\' \'\''], returncode=2, stdout='', stderr='bash: -c: line 252: syntax error: unexpected end of file\n').returncode

tests/cloud/test_watchdog_wrappers.py:12274: AssertionError
_____ test_watchdog_suppresses_unowned_goal_while_runner_finishes_backstop _____

tmp_path = PosixPath('/private/var/folders/_w/b3tthv192m77c760dbyzvk200000gn/T/pytest-of-peteromalley/pytest-6/test_watchdog_suppresses_unown1')

    def test_watchdog_suppresses_unowned_goal_while_runner_finishes_backstop(
        tmp_path: Path,
    ) -> None:
        """A live canonical runner remains authoritative after active_step clears."""
    
        marker_dir = tmp_path / "markers"
        repair_data_dir = marker_dir / "repair-data"
        marker_dir.mkdir()
        repair_data_dir.mkdir()
        report_path = tmp_path / "report.tsv"
        dispatch_path = tmp_path / "dispatch.log"
        log_path = tmp_path / "watchdog.log"
        script = "\n\n".join(
            [
                _extract_wrapper_function("launch_chain_tick"),
                "chain_engine_root_preflight() { return 0; }",
                f"MARKER_DIR={str(marker_dir)!r}",
                f"REPAIR_DATA_DIR={str(repair_data_dir)!r}",
                f"SRC_DIR={str(REPO_ROOT)!r}",
                f"MEGAPLAN_SUPERVISOR_PYTHON={sys.executable!r}",
                f"LOG={str(log_path)!r}",
                f"DISPATCH_PATH={str(dispatch_path)!r}",
                """
    log() { printf '%s\n' "$*" >> "$LOG"; }
    report_item() { printf '%s\t%s\t%s\t%s\t%s\t%s\n' "$2" "$3" "$4" "$5" "$6" "$7" >> "$1"; }
    repair_goal_watchdog_status() { printf 'active_unowned\tgoal-live\tcited fix missing from target history\tinvestigate\ttrue\n'; }
    current_target_has_live_worker() { return 1; }
    dispatch_meta_repair() { printf 'l2\n' >> "$DISPATCH_PATH"; }
    repair_unintended_stop() { printf 'l1\n' >> "$DISPATCH_PATH"; }
    """.strip(),
                f"launch_chain_tick custody-control-plane {str(tmp_path / 'workspace')!r} {str(tmp_path / 'chain.yaml')!r} {str(report_path)!r} chain '' ''",
            ]
        )
    
        result = _run_watchdog_shell(script)
    
>       assert result.returncode == 0, result.stderr
E       AssertionError: bash: -c: line 252: syntax error: unexpected end of file
E         
E       assert 2 == 0
E        +  where 2 = CompletedProcess(args=['bash', '-c', 'launch_chain_tick() {\n  local session="$1"\n  local workspace="$2"\n  local rem....tsv\' chain \'\' \'\''], returncode=2, stdout='', stderr='bash: -c: line 252: syntax error: unexpected end of file\n').returncode

tests/cloud/test_watchdog_wrappers.py:12316: AssertionError
_________ test_watchdog_unknown_canonical_liveness_fences_all_dispatch _________

tmp_path = PosixPath('/private/var/folders/_w/b3tthv192m77c760dbyzvk200000gn/T/pytest-of-peteromalley/pytest-6/test_watchdog_unknown_canonica0')

    def test_watchdog_unknown_canonical_liveness_fences_all_dispatch(tmp_path: Path) -> None:
        marker_dir = tmp_path / "markers"
        marker_dir.mkdir()
        report_path = tmp_path / "report.tsv"
        dispatch_path = tmp_path / "dispatch"
        script = "\n\n".join(
            [
                _extract_wrapper_function("launch_chain_tick"),
                "chain_engine_root_preflight() { return 0; }",
                f"MARKER_DIR={str(marker_dir)!r}",
                f"REPAIR_DATA_DIR={str(marker_dir / 'repair-data')!r}",
                f"SRC_DIR={str(REPO_ROOT)!r}",
                f"DISPATCH_PATH={str(dispatch_path)!r}",
                """
    log() { :; }
    report_item() { printf '%s\t%s\t%s\t%s\n' "$2" "$3" "$4" "$5" >> "$1"; }
    dispatch_kimi_repair() { : > "$DISPATCH_PATH"; }
    dispatch_meta_repair() { : > "$DISPATCH_PATH"; }
    repair_unintended_stop() { : > "$DISPATCH_PATH"; }
    """.strip(),
                f"launch_chain_tick unbound {str(tmp_path / 'workspace')!r} {str(tmp_path / 'chain.yaml')!r} {str(report_path)!r} chain '' ''",
            ]
        )
    
        result = _run_watchdog_shell(script)
    
>       assert result.returncode == 0, result.stderr
E       AssertionError: bash: -c: line 243: syntax error: unexpected end of file
E         
E       assert 2 == 0
E        +  where 2 = CompletedProcess(args=['bash', '-c', 'launch_chain_tick() {\n  local session="$1"\n  local workspace="$2"\n  local rem....tsv\' chain \'\' \'\''], returncode=2, stdout='', stderr='bash: -c: line 243: syntax error: unexpected end of file\n').returncode

tests/cloud/test_watchdog_wrappers.py:12392: AssertionError
___________________ test_meta_repair_marker_and_pgid_helpers ___________________

tmp_path = PosixPath('/private/var/folders/_w/b3tthv192m77c760dbyzvk200000gn/T/pytest-of-peteromalley/pytest-6/test_meta_repair_marker_and_pg0')

    def test_meta_repair_marker_and_pgid_helpers(tmp_path: Path) -> None:
        """meta_dispatch_marker_path, meta_pgid_path, meta_dispatch_marker_set/clear work correctly."""
        marker_dir = tmp_path / "markers"
        marker_dir.mkdir()
    
        script = "\n\n".join(
            [
                _extract_wrapper_function("meta_dispatch_marker_path"),
                _extract_wrapper_function("meta_pgid_path"),
                _extract_wrapper_function("meta_dispatch_marker_set"),
                _extract_wrapper_function("meta_dispatch_marker_clear"),
                f"MARKER_DIR={str(marker_dir)!r}",
                "META_PATH=$(meta_dispatch_marker_path demo)",
                'echo "MARKER=$META_PATH"',
                "PGID_PATH=$(meta_pgid_path demo)",
                'echo "PGID=$PGID_PATH"',
                "meta_dispatch_marker_set demo managed-run /tmp/manifest.json",
                "test -f \"$META_PATH\" && echo MARKER_EXISTS",
                "meta_dispatch_marker_clear demo",
                "test ! -f \"$META_PATH\" && echo MARKER_CLEARED",
            ]
        )
    
        result = subprocess.run(
            ["bash", "-lc", script],
            capture_output=True,
            text=True,
            check=False,
        )
>       assert result.returncode == 0, f"stderr: {result.stderr}"
E       AssertionError: stderr: log: Unknown subcommand 'meta dispatch marker clear observe-only without minted MutationCapability session=demo'
E         usage:
E             log <command>
E         
E         global options:
E             -?, --help
E             -q, --quiet
E             -v, --verbose
E         
E         commands:
E             collect         gather system logs into a log archive
E             config          view/change logging system settings
E             erase           delete system logging data
E             repack          repack a log archive using a predicate
E             show            view/search system logs
E             stream          watch live system logs
E             stats           show system logging statistics
E         
E         further help:
E             log help <command>
E             log help predicates
E         
E       assert 1 == 0
E        +  where 1 = CompletedProcess(args=['bash', '-lc', 'meta_dispatch_marker_path() {\n  printf \'%s/%s.meta-dispatch\' "$MARKER_DIR" "...   stats           show system logging statistics\n\nfurther help:\n    log help <command>\n    log help predicates\n").returncode

tests/cloud/test_watchdog_wrappers.py:12426: AssertionError
_____ test_watchdog_phase_contract_path_dispatches_single_flash_babysitter _____

tmp_path = PosixPath('/private/var/folders/_w/b3tthv192m77c760dbyzvk200000gn/T/pytest-of-peteromalley/pytest-6/test_watchdog_phase_contract_p0')

    def test_watchdog_phase_contract_path_dispatches_single_flash_babysitter(
        tmp_path: Path,
    ) -> None:
        """The phase-contract fence dispatches the single-flash babysitter (the
        ONLY repair dispatch) and NEVER falls through to a mechanical relaunch
        or a layered claim/consumer path."""
        session = "fence-session"
        marker_dir = tmp_path / ".megaplan" / "cloud-sessions"
        marker_dir.mkdir(parents=True, exist_ok=True)
        workspace = tmp_path / "ws"
        plan_name = "adopt-plan"
        plan_dir = workspace / ".megaplan" / "plans" / plan_name
        _write_live_session_marker(
            marker_dir,
            session,
            workspace,
            ".megaplan/initiatives/demo/briefs/demo.md",
            run_kind="plan",
            plan_name=plan_name,
        )
        _write_plan(
            plan_dir,
            {
                "iteration": 5,
                "current_state": "blocked",
                "active_step": None,
                "resume_cursor": {
                    "phase": "gate",
                    "retry_strategy": "repair_phase_contract",
                },
                "latest_failure": {
                    "kind": "deterministic_phase_failure",
                    "phase": "gate",
                    "message": "gate contract failed",
                },
            },
            events_body="{}\n",
        )
        # The marker's remote_spec must exist for the runtime-transition ledger
        # (chain_spec_sha256) before the babysitter launch.
        spec_file = workspace / ".megaplan/initiatives/demo/briefs/demo.md"
        spec_file.parent.mkdir(parents=True, exist_ok=True)
        spec_file.write_text("milestones: []\n", encoding="utf-8")
        report_path = tmp_path / "report.tsv"
        log_path = tmp_path / "watchdog.log"
        claim_log = tmp_path / "claim.log"
        fake_py_log = tmp_path / "fake-python.log"
        fake_repair_log = tmp_path / "fake-repair.log"
        fake_repair_bin = tmp_path / "fake-repair-bin"
        fake_repair_bin.write_text(
            "#!/usr/bin/env bash\n"
            f'printf \'%s\\n\' "FAKE-REPAIR $*" >> {str(fake_repair_log)!r}\n'
            "exit 0\n",
            encoding="utf-8",
        )
        fake_repair_bin.chmod(fake_repair_bin.stat().st_mode | stat.S_IXUSR)
    
        script = _phase_contract_script(
            marker_dir=marker_dir,
            workspace=workspace,
            plan_name=plan_name,
            session=session,
            report_path=report_path,
            log_path=log_path,
            queue_root=tmp_path / "queue",
            claim_log=claim_log,
            fake_py_log=fake_py_log,
            fake_repair_bin=fake_repair_bin,
            fake_repair_log=fake_repair_log,
        )
        result = _run_watchdog_shell(script)
    
>       assert result.returncode == 0, result.stderr
E       AssertionError: bash: -c: line 1871: syntax error: unexpected end of file
E         
E       assert 2 == 0
E        +  where 2 = CompletedProcess(args=['bash', '-c', 'babysitter_occurrence_digest() {\n  local session="$1"\n  local workspace="$2"\n... plan adopt-plan \'\''], returncode=2, stdout='', stderr='bash: -c: line 1871: syntax error: unexpected end of file\n').returncode

tests/cloud/test_watchdog_wrappers.py:13551: AssertionError
_____ test_watchdog_phase_contract_babysitter_launch_failure_fails_closed ______

tmp_path = PosixPath('/private/var/folders/_w/b3tthv192m77c760dbyzvk200000gn/T/pytest-of-peteromalley/pytest-6/test_watchdog_phase_contract_b0')

    def test_watchdog_phase_contract_babysitter_launch_failure_fails_closed(
        tmp_path: Path,
    ) -> None:
        """A babysitter that dies immediately in the phase-contract path reports
        babysitter_launch_failed and NEVER falls through to a mechanical relaunch
        or a layered claim/consumer path."""
        session = "fence-session"
        marker_dir = tmp_path / ".megaplan" / "cloud-sessions"
        marker_dir.mkdir(parents=True, exist_ok=True)
        workspace = tmp_path / "ws"
        plan_name = "adopt-plan"
        plan_dir = workspace / ".megaplan" / "plans" / plan_name
        _write_live_session_marker(
            marker_dir,
            session,
            workspace,
            ".megaplan/initiatives/demo/briefs/demo.md",
            run_kind="plan",
            plan_name=plan_name,
        )
        _write_plan(
            plan_dir,
            {
                "iteration": 5,
                "current_state": "blocked",
                "active_step": None,
                "resume_cursor": {
                    "phase": "gate",
                    "retry_strategy": "repair_phase_contract",
                },
                "latest_failure": {
                    "kind": "deterministic_phase_failure",
                    "phase": "gate",
                    "message": "gate contract failed",
                },
            },
            events_body="{}\n",
        )
        report_path = tmp_path / "report.tsv"
        log_path = tmp_path / "watchdog.log"
        claim_log = tmp_path / "claim.log"
        fake_py_log = tmp_path / "fake-python.log"
        fake_repair_log = tmp_path / "fake-repair.log"
        fake_repair_bin = tmp_path / "fake-repair-bin"
        fake_repair_bin.write_text(
            "#!/usr/bin/env bash\n"
            f'printf \'%s\\n\' "FAKE-REPAIR $*" >> {str(fake_repair_log)!r}\n'
            "exit 1\n",
            encoding="utf-8",
        )
        fake_repair_bin.chmod(fake_repair_bin.stat().st_mode | stat.S_IXUSR)
    
        script = _phase_contract_script(
            marker_dir=marker_dir,
            workspace=workspace,
            plan_name=plan_name,
            session=session,
            report_path=report_path,
            log_path=log_path,
            queue_root=tmp_path / "queue",
            claim_log=claim_log,
            fake_py_log=fake_py_log,
            fake_repair_bin=fake_repair_bin,
            fake_repair_log=fake_repair_log,
        )
        result = _run_watchdog_shell(script)
    
>       assert result.returncode == 0, result.stderr
E       AssertionError: bash: -c: line 1871: syntax error: unexpected end of file
E         
E       assert 2 == 0
E        +  where 2 = CompletedProcess(args=['bash', '-c', 'babysitter_occurrence_digest() {\n  local session="$1"\n  local workspace="$2"\n... plan adopt-plan \'\''], returncode=2, stdout='', stderr='bash: -c: line 1871: syntax error: unexpected end of file\n').returncode

tests/cloud/test_watchdog_wrappers.py:13633: AssertionError
______ test_resume_plan_reenters_cursor_and_clears_failure_after_success _______

tmp_path = PosixPath('/private/var/folders/_w/b3tthv192m77c760dbyzvk200000gn/T/pytest-of-peteromalley/pytest-6/test_resume_plan_reenters_curs0')

    def test_resume_plan_reenters_cursor_and_clears_failure_after_success(tmp_path: Path) -> None:
        project = _project(tmp_path)
        plan_dir = _plan_dir(project, "blocked-plan")
        calls: list[list[str]] = []
    
        def runner(args: list[str], cwd: Path | None = None):
            calls.append(args)
            state = json.loads((plan_dir / "state.json").read_text(encoding="utf-8"))
            assert state["current_state"] == "finalized"
            assert state["latest_failure"] == {"kind": "execution_blocked"}
            (plan_dir / "finalize.json").write_text(
                json.dumps(
                    {
                        "tasks": [
                            {
                                "id": "T1",
                                "status": "done",
                                "commands_run": [
                                    "pytest tests/editorial_run_lifecycle.py"
                                ],
                            }
                        ]
                    }
                ),
                encoding="utf-8",
            )
            state["current_state"] = "executed"
            (plan_dir / "state.json").write_text(json.dumps(state), encoding="utf-8")
            return 0, "ok", ""
    
        result = resume_plan(project, "blocked-plan", runner=runner)
    
>       assert result["success"] is True
E       assert False is True

tests/editorial_run_lifecycle.py:80: AssertionError
_____________ test_revise_noop_detector_raises_cache_hit_suspected _____________
arnold_pipelines.megaplan.custody.common_worker_dispatch._FailureEvidenceRecorded: failure evidence recorded

The above exception was the direct cause of the following exception:

plan_fixture = PlanFixture(root=PosixPath('/private/var/folders/_w/b3tthv192m77c760dbyzvk200000gn/T/pytest-of-peteromalley/pytest-6/t...r_rais0/root/.megaplan/plans/fixture-plan'), make_args=<function make_args_factory.<locals>._make_args at 0x176451080>)
monkeypatch = <_pytest.monkeypatch.MonkeyPatch object at 0x17c94aed0>

    def test_revise_noop_detector_raises_cache_hit_suspected(
        plan_fixture: PlanFixture,
        monkeypatch: pytest.MonkeyPatch,
    ) -> None:
        make_args = plan_fixture.make_args
>       handle_plan(plan_fixture.root, make_args(plan=plan_fixture.plan_name))

tests/handlers/test_session_cache_noop.py:64: 
_ _ _ _ _ _ _ _ _ _ _ _ _ _ _ _ _ _ _ _ _ _ _ _ _ _ _ _ _ _ _ _ _ _ _ _ _ _ _ _ 
arnold_pipelines/megaplan/handlers/plan.py:167: in handle_plan
    worker, agent, mode, refreshed = _pkg._run_worker(
arnold_pipelines/megaplan/handlers/shared.py:414: in _run_worker
    return worker_module.run_step_with_worker(
arnold_pipelines/megaplan/workers/_impl.py:7505: in run_step_with_worker
    dispatch_result = wbc_dispatch.run(_dispatch_with_binding)
                      ^^^^^^^^^^^^^^^^^^^^^^^^^^^^^^^^^^^^^^^^
arnold_pipelines/megaplan/custody/common_worker_dispatch.py:119: in run
    raise exc from _FailureEvidenceRecorded(terminal)
arnold_pipelines/megaplan/custody/common_worker_dispatch.py:107: in run
    worker_result = dispatch(start)
                    ^^^^^^^^^^^^^^^
arnold_pipelines/megaplan/workers/_impl.py:7477: in _dispatch_with_binding
    return _run_step_with_worker_legacy(
arnold_pipelines/megaplan/workers/_impl.py:7667: in _run_step_with_worker_legacy
    require_bound_chain_spec(root, plan_name=plan_dir.name)
_ _ _ _ _ _ _ _ _ _ _ _ _ _ _ _ _ _ _ _ _ _ _ _ _ _ _ _ _ _ _ _ _ _ _ _ _ _ _ _ 

root = PosixPath('/private/var/folders/_w/b3tthv192m77c760dbyzvk200000gn/T/pytest-of-peteromalley/pytest-6/test_revise_noop_detector_rais0/root')

    def require_bound_chain_spec(root: Path, *, plan_name: str = "") -> Path:
        """Fail closed unless exactly one canonical execution binding owns the plan."""
    
        matches = bound_chain_spec_candidates(root, plan_name=plan_name)
        if len(matches) != 1:
            status = "missing" if not matches else "ambiguous"
>           raise CliError(
                "worker_launch_preflight_mismatch",
                f"Canonical worker runtime binding is {status} for plan "
                f"{plan_name or '<unspecified>'}: {len(matches)} candidates.",
                extra={
                    "canonical_runtime_binding": {
                        "status": status,
                        "plan_name": plan_name,
                        "candidates": [str(path.resolve(strict=False)) for path in matches],
                    }
                },
            )
E           arnold_pipelines.megaplan.types.CliError: Canonical worker runtime binding is missing for plan fixture-plan: 0 candidates.

arnold_pipelines/megaplan/chain/execution_binding.py:2176: CliError
_____________________ test_revise_cost_sanity_guard_aborts _____________________
arnold_pipelines.megaplan.custody.common_worker_dispatch._FailureEvidenceRecorded: failure evidence recorded

The above exception was the direct cause of the following exception:

plan_fixture = PlanFixture(root=PosixPath('/private/var/folders/_w/b3tthv192m77c760dbyzvk200000gn/T/pytest-of-peteromalley/pytest-6/t...guard_0/root/.megaplan/plans/fixture-plan'), make_args=<function make_args_factory.<locals>._make_args at 0x176411ee0>)
monkeypatch = <_pytest.monkeypatch.MonkeyPatch object at 0x17c52b0d0>

    def test_revise_cost_sanity_guard_aborts(
        plan_fixture: PlanFixture,
        monkeypatch: pytest.MonkeyPatch,
    ) -> None:
        make_args = plan_fixture.make_args
>       handle_plan(plan_fixture.root, make_args(plan=plan_fixture.plan_name))

tests/handlers/test_session_cache_noop.py:112: 
_ _ _ _ _ _ _ _ _ _ _ _ _ _ _ _ _ _ _ _ _ _ _ _ _ _ _ _ _ _ _ _ _ _ _ _ _ _ _ _ 
arnold_pipelines/megaplan/handlers/plan.py:167: in handle_plan
    worker, agent, mode, refreshed = _pkg._run_worker(
arnold_pipelines/megaplan/handlers/shared.py:414: in _run_worker
    return worker_module.run_step_with_worker(
arnold_pipelines/megaplan/workers/_impl.py:7505: in run_step_with_worker
    dispatch_result = wbc_dispatch.run(_dispatch_with_binding)
                      ^^^^^^^^^^^^^^^^^^^^^^^^^^^^^^^^^^^^^^^^
arnold_pipelines/megaplan/custody/common_worker_dispatch.py:119: in run
    raise exc from _FailureEvidenceRecorded(terminal)
arnold_pipelines/megaplan/custody/common_worker_dispatch.py:107: in run
    worker_result = dispatch(start)
                    ^^^^^^^^^^^^^^^
arnold_pipelines/megaplan/workers/_impl.py:7477: in _dispatch_with_binding
    return _run_step_with_worker_legacy(
arnold_pipelines/megaplan/workers/_impl.py:7667: in _run_step_with_worker_legacy
    require_bound_chain_spec(root, plan_name=plan_dir.name)
_ _ _ _ _ _ _ _ _ _ _ _ _ _ _ _ _ _ _ _ _ _ _ _ _ _ _ _ _ _ _ _ _ _ _ _ _ _ _ _ 

root = PosixPath('/private/var/folders/_w/b3tthv192m77c760dbyzvk200000gn/T/pytest-of-peteromalley/pytest-6/test_revise_cost_sanity_guard_0/root')

    def require_bound_chain_spec(root: Path, *, plan_name: str = "") -> Path:
        """Fail closed unless exactly one canonical execution binding owns the plan."""
    
        matches = bound_chain_spec_candidates(root, plan_name=plan_name)
        if len(matches) != 1:
            status = "missing" if not matches else "ambiguous"
>           raise CliError(
                "worker_launch_preflight_mismatch",
                f"Canonical worker runtime binding is {status} for plan "
                f"{plan_name or '<unspecified>'}: {len(matches)} candidates.",
                extra={
                    "canonical_runtime_binding": {
                        "status": status,
                        "plan_name": plan_name,
                        "candidates": [str(path.resolve(strict=False)) for path in matches],
                    }
                },
            )
E           arnold_pipelines.megaplan.types.CliError: Canonical worker runtime binding is missing for plan fixture-plan: 0 candidates.

arnold_pipelines/megaplan/chain/execution_binding.py:2176: CliError
___ TestM8ConformanceGuard.test_run_conformance_suite_all_passes_on_default ____

self = <tests.m8.test_conformance_guard.TestM8ConformanceGuard object at 0x11f1ee550>

    def test_run_conformance_suite_all_passes_on_default(self) -> None:
        """Default run_conformance_suite() reports all-pass."""
        result = run_conformance_suite(suite_id="m8-guard")
>       assert result.passed is True
E       AssertionError: assert False is True
E        +  where False = ConformanceSuiteResult(suite_id='m8-guard', checks=(ConformanceCheckResult(check_id='adapter-protocol', passed=True, m...arget': None, 'notes': 'Local faster-whisper transcription requires no API key. No credential surface to broker.'}]}))).passed

tests/m8/test_conformance_guard.py:74: AssertionError
______ TestM8ConformanceGuard.test_assert_suite_compliant_on_green_suite _______

self = <tests.m8.test_conformance_guard.TestM8ConformanceGuard object at 0x11f1f5550>

    def test_assert_suite_compliant_on_green_suite(self) -> None:
        """assert_suite_compliant does not raise on all-pass suite."""
        suite = run_conformance_suite(suite_id="m8-guard")
>       assert_suite_compliant(suite)  # should not raise
        ^^^^^^^^^^^^^^^^^^^^^^^^^^^^^

tests/m8/test_conformance_guard.py:95: 
_ _ _ _ _ _ _ _ _ _ _ _ _ _ _ _ _ _ _ _ _ _ _ _ _ _ _ _ _ _ _ _ _ _ _ _ _ _ _ _ 

suite = ConformanceSuiteResult(suite_id='m8-guard', checks=(ConformanceCheckResult(check_id='adapter-protocol', passed=True, m...arget': None, 'notes': 'Local faster-whisper transcription requires no API key. No credential surface to broker.'}]})))

    def assert_suite_compliant(suite: ConformanceSuiteResult) -> None:
        """Raise :class:`AssertionError` when the *suite* has any failures.
    
        The error message lists every failing ``check_id`` and its message.
        """
        if not suite.passed:
            failed_lines = [
                f"  [{c.check_id}] {c.message or 'check failed'}"
                for c in suite.failures
            ]
>           raise AssertionError(
                f"Conformance suite '{suite.suite_id}' has {suite.failure_count} "
                f"failure(s):\n" + "\n".join(failed_lines)
            )
E           AssertionError: Conformance suite 'm8-guard' has 2 failure(s):
E             [megaplan-artifact-layout] misplaced megaplan artifacts: .megaplan/initiatives/megaplan-native-parity-corrective/GOLDEN_TRACE_CONTRACT.md, .megaplan/initiatives/megaplan-north-star-sense-checks-revise-design/docs/research.md, .megaplan/initiatives/native-workflow-platformization/PLATFORM_CONTRACT.md, .megaplan/initiatives/standardized-completion-specifications/SUPERSESSION_CROSSWALK.yaml
E             [legacy-reference-allowlist] unallowlisted legacy references: .tmp/gpt55-native-parity-audit/codex.out:arnold.pipelines.megaplan, .tmp/gpt55-native-parity-audit/codex.out:arnold/pipelines/megaplan, .tmp/native-parity-existing-work-swarm/results/05-s1d-builder-slice-code.txt:arnold/pipelines/megaplan, .tmp/native-parity-existing-work-swarm/results/15-s7-final-conformance-code.txt:arnold.pipelines.megaplan, .tmp/native-parity-existing-work-swarm/results/16-cross-previous-epics-executed-work.txt:arnold/pipelines/megaplan, .tmp/native-parity-existing-work-swarm/results/18-cross-schema-artifact-surfaces.txt:arnold.pipelines.megaplan, .tmp/native-parity-sprint-sizing-codex/compression-strategist.out:arnold.pipelines.megaplan, .tmp/native-semantic-parity-master-plan/brief.md:arnold.pipelines.megaplan, .tmp/native-semantic-parity-master-plan/codex.out:arnold.pipelines.megaplan, .tmp/native-semantic-parity-master-plan/codex.out:arnold/pipelines/megaplan, .tmp/native-semantic-parity-master-plan/codex.out:python -m arnold.pipelines.megaplan, .tmp/native-semantic-parity-question-audit/codex-overkill-review.out:arnold.pipelines.megaplan, .tmp/native-semantic-parity-question-audit/codex-review-stage-design.out:arnold.pipelines.megaplan, .tmp/native-semantic-parity-question-audit/codex-review-stage-design.out:arnold/pipelines/megaplan, .tmp/native-semantic-parity-question-audit/codex-revise-stage-northstar.out:arnold.pipelines.megaplan, .tmp/native-semantic-parity-question-audit/codex-revise-stage-northstar.out:arnold/pipelines/megaplan, .tmp/native-semantic-parity-question-audit/codex-revise-stage-northstar.out:python -m arnold.pipelines.megaplan, .tmp/native-semantic-parity-question-audit/codex-sprint-sequencing-and-review-one-sprint.out:arnold.pipelines.megaplan, .tmp/native-semantic-parity-question-audit/deepseek.err:arnold/pipelines/megaplan, .tmp/native-semantic-parity-question-audit/deepseek.out:arnold/pipelines/megaplan

arnold/conformance/__init__.py:124: AssertionError
______ test_audited_authority_risk_bypasses_emit_typed_gap_or_fail_closed ______

    def test_audited_authority_risk_bypasses_emit_typed_gap_or_fail_closed() -> None:
        gated_ids: set[str] = set()
        for path in TARGETED_WRAPPERS:
            text = _wrapper_text(path)
            if path != "arnold_pipelines/megaplan/cloud/wrappers/arnold-chain":
                assert '"schema_version": "arnold.megaplan.cloud.wrapper_authority_gap.v1"' in text
            gated_ids.update(GATED_CALL_RE.findall(text))
    
>       assert EXPECTED_AUTHORITY_RISK_IDS <= gated_ids
E       AssertionError: assert {'T29-BYPASS-...ASS-034', ...} <= {'T29-BYPASS-...ASS-128', ...}
E         
E         Extra items in the left set:
E         'T29-BYPASS-030'
E         'T29-BYPASS-043'
E         'T29-BYPASS-099'
E         'T29-BYPASS-106'
E         'T29-BYPASS-078'
E         'T29-BYPASS-024'
E         'T29-BYPASS-096'
E         'T29-BYPASS-033'
E         'T29-BYPASS-092'
E         'T29-BYPASS-061'
E         'T29-BYPASS-111'
E         'T29-BYPASS-161'
E         'T29-BYPASS-101'
E         'T29-BYPASS-036'
E         'T29-BYPASS-181'
E         'T29-BYPASS-034'
E         'T29-BYPASS-038'
E         'T29-BYPASS-035'
E         'T29-BYPASS-100'
E         'T29-BYPASS-097'
E         'T29-BYPASS-059'
E         'T29-BYPASS-090'
E         'T29-BYPASS-042'
E         'T29-BYPASS-184'
E         'T29-BYPASS-180'
E         'T29-BYPASS-066'
E         'T29-BYPASS-104'
E         'T29-BYPASS-164'
E         'T29-BYPASS-114'
E         'T29-BYPASS-040'
E         'T29-BYPASS-110'
E         'T29-BYPASS-095'
E         'T29-BYPASS-113'
E         'T29-BYPASS-193'
E         'T29-BYPASS-160'
E         'T29-BYPASS-091'
E         'T29-BYPASS-102'
E         'T29-BYPASS-067'
E         'T29-BYPASS-103'
E         'T29-BYPASS-063'
E         'T29-BYPASS-140'
E         'T29-BYPASS-145'
E         'T29-BYPASS-037'
E         'T29-BYPASS-190'
E         'T29-BYPASS-109'
E         'T29-BYPASS-196'
E         'T29-BYPASS-107'
E         'T29-BYPASS-108'
E         'T29-BYPASS-199'
E         'T29-BYPASS-065'
E         'T29-BYPASS-044'
E         'T29-BYPASS-112'
E         'T29-BYPASS-056'
E         'T29-BYPASS-079'
E         'T29-BYPASS-074'
E         'T29-BYPASS-144'
E         'T29-BYPASS-177'
E         'T29-BYPASS-064'
E         'T29-BYPASS-207'
E         'T29-BYPASS-025'
E         'T29-BYPASS-075'
E         'T29-BYPASS-105'
E         'T29-BYPASS-077'
E         'T29-BYPASS-031'
E         'T29-BYPASS-041'
E         'T29-BYPASS-162'
E         'T29-BYPASS-189'
E         'T29-BYPASS-098'

tests/m9/test_bypass_gating.py:79: AssertionError
_____ test_drift_related_bypass_sites_keep_drift_visible_as_typed_evidence _____

    def test_drift_related_bypass_sites_keep_drift_visible_as_typed_evidence() -> None:
        drift_sites = []
        for path in TARGETED_WRAPPERS:
            lines = _wrapper_text(path).splitlines()
            for index, line in enumerate(lines):
                if "T29-BYPASS-" not in line:
                    continue
                context = "\n".join(lines[max(0, index - 3) : index + 4]).lower()
                if "drift" in context or "suppress" in context:
                    drift_sites.append((path, index + 1, line))
    
>       assert drift_sites
E       assert []

tests/m9/test_bypass_gating.py:186: AssertionError
_ test_finalize_prompt_forbids_routing_only_dependencies_and_model_full_suite __

tmp_path = PosixPath('/private/var/folders/_w/b3tthv192m77c760dbyzvk200000gn/T/pytest-of-peteromalley/pytest-6/test_finalize_prompt_forbids_r0')

    def test_finalize_prompt_forbids_routing_only_dependencies_and_model_full_suite(
        tmp_path: Path,
    ) -> None:
        state = _minimal_state(tmp_path)
        prompt = _finalize_prompt(state, tmp_path / "plan", root=tmp_path)
    
        assert "`depends_on` is correctness authority, not a routing hint" in prompt
        assert "Never add an edge merely to isolate a model tier" in prompt
        assert "A ready frontier wider than 5 is valid" in prompt
        assert "linearize via `depends_on`" not in prompt
        assert "Do NOT add a final integration/full-suite test task" in prompt
        assert "Narrow verification should consume at most 2 minutes" in prompt
        assert "at most one diagnostic rerun" in prompt
        assert "`task_contract_version` to `2`" in prompt
        assert "integer 1-15" in prompt
        assert "at most 3 changed-behavior selectors" in prompt
        # M8A: splitter and validation compiler guidance
        assert "auto-split by the harness into implementation + proof subtasks" in prompt
>       assert "no-file deterministic checks" in prompt
E       AssertionError: assert 'no-file deterministic checks' in 'You are DECOMPOSING the approved plan below into an ordered task DAG. The plan has been\n        critiqued, gated, an...hanged` paths. Do not rely on an unscoped `pytest` command unless the plan explicitly opts into `test_selection=full`.'

tests/prompts/test_finalize_task_feasibility_prompt.py:74: AssertionError
______________ test_resume_plan_with_pre_m6_planning_cursor_runs _______________

tmp_path = PosixPath('/private/var/folders/_w/b3tthv192m77c760dbyzvk200000gn/T/pytest-of-peteromalley/pytest-6/test_resume_plan_with_pre_m6_p0')

    def test_resume_plan_with_pre_m6_planning_cursor_runs(tmp_path: Path) -> None:
        plan = "legacy-planning"
        plan_dir = tmp_path / ".megaplan" / "plans" / plan
        plan_dir.mkdir(parents=True)
        (plan_dir / "state.json").write_text(
            json.dumps(
                {
                    "name": plan,
                    "idea": "legacy",
                    "current_state": "blocked",
                    "iteration": 1,
                    "created_at": "2026-01-01T00:00:00Z",
                    "_pipeline_name": "planning",
                    "resume_cursor": {
                        "phase": "execute",
                        "pipeline": "planning",
                        "batch_index": 1,
                    },
                    "history": [],
                    "config": {},
                    "sessions": {},
                    "plan_versions": [],
                    "meta": {},
                    "last_gate": {},
                }
            ),
            encoding="utf-8",
        )
        calls: list[list[str]] = []
    
        def runner(args: list[str], *, cwd: Path) -> tuple[int, str, str]:
            calls.append(list(args))
            _write_execute_authority(plan_dir, task_id="legacy-resume")
            state_path = plan_dir / "state.json"
            state = json.loads(state_path.read_text(encoding="utf-8"))
            state["current_state"] = "done"
            state_path.write_text(json.dumps(state), encoding="utf-8")
            return 0, "", ""
    
        result = resume_plan(tmp_path, plan, runner=runner)
    
>       assert result["success"] is True
E       assert False is True

tests/resume/test_pre_m6_alias.py:73: AssertionError
----------------------------- Captured stderr call -----------------------------
huggingface/tokenizers: The current process just got forked, after parallelism has already been used. Disabling parallelism to avoid deadlocks...
To disable this warning, you can either:
	- Avoid using `tokenizers` before the fork if possible
	- Explicitly set the environment variable TOKENIZERS_PARALLELISM=(true | false)
huggingface/tokenizers: The current process just got forked, after parallelism has already been used. Disabling parallelism to avoid deadlocks...
To disable this warning, you can either:
	- Avoid using `tokenizers` before the fork if possible
	- Explicitly set the environment variable TOKENIZERS_PARALLELISM=(true | false)
___________ test_resume_plan_accepts_matching_pipeline_manifest_hash ___________

tmp_path = PosixPath('/private/var/folders/_w/b3tthv192m77c760dbyzvk200000gn/T/pytest-of-peteromalley/pytest-6/test_resume_plan_accepts_match0')
monkeypatch = <_pytest.monkeypatch.MonkeyPatch object at 0x320c13d90>

    def test_resume_plan_accepts_matching_pipeline_manifest_hash(tmp_path: Path, monkeypatch) -> None:
        monkeypatch.setenv("MEGAPLAN_M6_MANIFEST_DISCOVERY", "1")
        registry._GLOBAL_REGISTRY = registry.PipelineRegistry()
        current_hash = registry.pipeline_metadata("planning")["manifest_hash"]
    
        plan = "hashed-planning"
        plan_dir = tmp_path / ".megaplan" / "plans" / plan
        plan_dir.mkdir(parents=True)
        (plan_dir / "state.json").write_text(
            json.dumps(
                {
                    "name": plan,
                    "idea": "legacy",
                    "current_state": "blocked",
                    "iteration": 1,
                    "created_at": "2026-01-01T00:00:00Z",
                    "_pipeline_name": "planning",
                    "_pipeline_manifest_hash": current_hash,
                    "resume_cursor": {"phase": "execute", "pipeline": "planning"},
                    "history": [],
                    "config": {},
                    "sessions": {},
                    "plan_versions": [],
                    "meta": {},
                    "last_gate": {},
                }
            ),
            encoding="utf-8",
        )
        def runner(args: list[str], *, cwd: Path) -> tuple[int, str, str]:
            _write_execute_authority(plan_dir, task_id="hashed-resume")
            state_path = plan_dir / "state.json"
            state = json.loads(state_path.read_text(encoding="utf-8"))
            state["current_state"] = "done"
            state_path.write_text(json.dumps(state), encoding="utf-8")
            return 0, "", ""
    
        result = resume_plan(tmp_path, plan, runner=runner)
>       assert result["success"] is True
E       assert False is True

tests/resume/test_pre_m6_alias.py:186: AssertionError
----------------------------- Captured stderr call -----------------------------
huggingface/tokenizers: The current process just got forked, after parallelism has already been used. Disabling parallelism to avoid deadlocks...
To disable this warning, you can either:
	- Avoid using `tokenizers` before the fork if possible
	- Explicitly set the environment variable TOKENIZERS_PARALLELISM=(true | false)
huggingface/tokenizers: The current process just got forked, after parallelism has already been used. Disabling parallelism to avoid deadlocks...
To disable this warning, you can either:
	- Avoid using `tokenizers` before the fork if possible
	- Explicitly set the environment variable TOKENIZERS_PARALLELISM=(true | false)
________________ test_brief_epic_scaffolds_chain_and_milestones ________________

tmp_path = PosixPath('/private/var/folders/_w/b3tthv192m77c760dbyzvk200000gn/T/pytest-of-peteromalley/pytest-6/test_brief_epic_scaffolds_chai0')

    def test_brief_epic_scaffolds_chain_and_milestones(tmp_path: Path) -> None:
        proc = _run_megaplan(
            [
                "brief",
                "epic",
                "Artifact Store",
                "--milestone",
                "m1-schema=Schema",
                "--milestone",
                "m2-api=API",
            ],
            cwd=tmp_path,
        )
    
        assert proc.returncode == 0, proc.stderr
        payload = json.loads(proc.stdout)
        epic_dir = tmp_path / ".megaplan" / "initiatives" / "artifact-store"
        assert payload["chain"] == str(epic_dir / "chain.yaml")
        assert (epic_dir / "briefs" / "m1-schema.md").exists()
        assert (epic_dir / "briefs" / "m2-api.md").exists()
        chain = yaml.safe_load((epic_dir / "chain.yaml").read_text(encoding="utf-8"))
        assert chain["base_branch"] == "main"
        assert chain["anchors"] == {"north_star": "NORTHSTAR.md"}
>       assert chain["milestones"] == [
            {
                "label": "m1-schema",
                "idea": ".megaplan/initiatives/artifact-store/briefs/m1-schema.md",
                "branch": "megaplan/artifact-store/m1-schema",
                "profile": "partnered-5",
                "vendor": "codex",
                "robustness": "full",
                "depth": "high",
                "with_prep": True,
            },
            {
                "label": "m2-api",
                "idea": ".megaplan/initiatives/artifact-store/briefs/m2-api.md",
                "branch": "megaplan/artifact-store/m2-api",
                "profile": "partnered-5",
                "vendor": "codex",
                "robustness": "full",
                "depth": "high",
                "with_prep": True,
            },
        ]
E       AssertionError: assert [{'branch': '...oncile', ...}] == [{'branch': '...m2-api', ...}]
E         
E         Left contains one more item: {'branch': 'reconcile/artifact-store-20260822', 'depends_on': ['m2-api'], 'idea': '.megaplan/initiatives/artifact-store/briefs/reconcile.md', 'kind': 'reconcile', ...}
E         
E         Full diff:
E           [
E               {
E                   'branch': 'megaplan/artifact-store/m1-schema',
E                   'depth': 'high',
E                   'idea': '.megaplan/initiatives/artifact-store/briefs/m1-schema.md',
E                   'label': 'm1-schema',
E                   'profile': 'partnered-5',
E                   'robustness': 'full',
E                   'vendor': 'codex',
E                   'with_prep': True,
E               },
E               {
E                   'branch': 'megaplan/artifact-store/m2-api',
E                   'depth': 'high',
E                   'idea': '.megaplan/initiatives/artifact-store/briefs/m2-api.md',
E                   'label': 'm2-api',
E                   'profile': 'partnered-5',
E                   'robustness': 'full',
E                   'vendor': 'codex',
E                   'with_prep': True,
E               },
E         +     {
E         +         'branch': 'reconcile/artifact-store-20260822',
E         +         'depends_on': [
E         +             'm2-api',
E         +         ],
E         +         'idea': '.megaplan/initiatives/artifact-store/briefs/reconcile.md',
E         +         'kind': 'reconcile',
E         +         'label': 'reconcile',
E         +         'merge_policy': 'review',
E         +         'phase_model': [
E         +             'execute=codex',
E         +         ],
E         +         'target_branch': 'main',
E         +     },
E           ]

tests/test_briefs_cli.py:85: AssertionError
----------------------------- Captured stderr call -----------------------------
huggingface/tokenizers: The current process just got forked, after parallelism has already been used. Disabling parallelism to avoid deadlocks...
To disable this warning, you can either:
	- Avoid using `tokenizers` before the fork if possible
	- Explicitly set the environment variable TOKENIZERS_PARALLELISM=(true | false)
___________ test_render_goal_binds_target_and_single_agent_contract ____________

    def test_render_goal_binds_target_and_single_agent_contract() -> None:
        target = "custody-control-plane-20260714 / m6-exact-contract-and-20260716-1303"
    
>       completed = subprocess.run(
            [sys.executable, str(SCRIPT), "--target", target],
            check=True,
            capture_output=True,
            text=True,
        )

tests/test_fix_the_fixer_skill.py:17: 
_ _ _ _ _ _ _ _ _ _ _ _ _ _ _ _ _ _ _ _ _ _ _ _ _ _ _ _ _ _ _ _ _ _ _ _ _ _ _ _ 

input = None, capture_output = True, timeout = None, check = True
popenargs = (['/Users/peteromalley/.pyenv/versions/3.11.11/bin/python', '/Users/peteromalley/Documents/.megaplan-worktrees/runtime...he-fixer/scripts/render_goal.py', '--target', 'custody-control-plane-20260714 / m6-exact-contract-and-20260716-1303'],)
kwargs = {'stderr': -1, 'stdout': -1, 'text': True}
process = <Popen: returncode: 1 args: ['/Users/peteromalley/.pyenv/versions/3.11.11/bi...>
stdout = ''
stderr = 'Traceback (most recent call last):\n  File "/Users/peteromalley/Documents/.megaplan-worktrees/runtime-convergence-exe..._with_charge(target)\n           ^^^^^^^^^^^^^^^^^^^^^^^\nNameError: name \'render_goal_with_charge\' is not defined\n'
retcode = 1

    def run(*popenargs,
            input=None, capture_output=False, timeout=None, check=False, **kwargs):
        """Run command with arguments and return a CompletedProcess instance.
    
        The returned instance will have attributes args, returncode, stdout and
        stderr. By default, stdout and stderr are not captured, and those attributes
        will be None. Pass stdout=PIPE and/or stderr=PIPE in order to capture them,
        or pass capture_output=True to capture both.
    
        If check is True and the exit code was non-zero, it raises a
        CalledProcessError. The CalledProcessError object will have the return code
        in the returncode attribute, and output & stderr attributes if those streams
        were captured.
    
        If timeout is given, and the process takes too long, a TimeoutExpired
        exception will be raised.
    
        There is an optional argument "input", allowing you to
        pass bytes or a string to the subprocess's stdin.  If you use this argument
        you may not also use the Popen constructor's "stdin" argument, as
        it will be used internally.
    
        By default, all communication is in bytes, and therefore any "input" should
        be bytes, and the stdout and stderr will be bytes. If in text mode, any
        "input" should be a string, and stdout and stderr will be strings decoded
        according to locale encoding, or by "encoding" if set. Text mode is
        triggered by setting any of text, encoding, errors or universal_newlines.
    
        The other arguments are the same as for the Popen constructor.
        """
        if input is not None:
            if kwargs.get('stdin') is not None:
                raise ValueError('stdin and input arguments may not both be used.')
            kwargs['stdin'] = PIPE
    
        if capture_output:
            if kwargs.get('stdout') is not None or kwargs.get('stderr') is not None:
                raise ValueError('stdout and stderr arguments may not be used '
                                 'with capture_output.')
            kwargs['stdout'] = PIPE
            kwargs['stderr'] = PIPE
    
        with Popen(*popenargs, **kwargs) as process:
            try:
                stdout, stderr = process.communicate(input, timeout=timeout)
            except TimeoutExpired as exc:
                process.kill()
                if _mswindows:
                    # Windows accumulates the output in a single blocking
                    # read() call run on child threads, with the timeout
                    # being done in a join() on those threads.  communicate()
                    # _after_ kill() is required to collect that and add it
                    # to the exception.
                    exc.stdout, exc.stderr = process.communicate()
                else:
                    # POSIX _communicate already populated the output so
                    # far into the TimeoutExpired exception.
                    process.wait()
                raise
            except:  # Including KeyboardInterrupt, communicate handled that.
                process.kill()
                # We don't call process.wait() as .__exit__ does that for us.
                raise
            retcode = process.poll()
            if check and retcode:
>               raise CalledProcessError(retcode, process.args,
                                         output=stdout, stderr=stderr)
E               subprocess.CalledProcessError: Command '['/Users/peteromalley/.pyenv/versions/3.11.11/bin/python', '/Users/peteromalley/Documents/.megaplan-worktrees/runtime-convergence-execution/arnold_pipelines/megaplan/skills/fix-the-fixer/scripts/render_goal.py', '--target', 'custody-control-plane-20260714 / m6-exact-contract-and-20260716-1303']' returned non-zero exit status 1.

../../../.pyenv/versions/3.11.11/lib/python3.11/subprocess.py:571: CalledProcessError
----------------------------- Captured stderr call -----------------------------
huggingface/tokenizers: The current process just got forked, after parallelism has already been used. Disabling parallelism to avoid deadlocks...
To disable this warning, you can either:
	- Avoid using `tokenizers` before the fork if possible
	- Explicitly set the environment variable TOKENIZERS_PARALLELISM=(true | false)
____________ test_render_goal_preserves_target_orientation_exactly _____________

    def test_render_goal_preserves_target_orientation_exactly() -> None:
        target = "  epic alpha / session  beta  "
    
>       completed = subprocess.run(
            [sys.executable, str(SCRIPT), "--target", target],
            check=True,
            capture_output=True,
            text=True,
        )

tests/test_fix_the_fixer_skill.py:47: 
_ _ _ _ _ _ _ _ _ _ _ _ _ _ _ _ _ _ _ _ _ _ _ _ _ _ _ _ _ _ _ _ _ _ _ _ _ _ _ _ 

input = None, capture_output = True, timeout = None, check = True
popenargs = (['/Users/peteromalley/.pyenv/versions/3.11.11/bin/python', '/Users/peteromalley/Documents/.megaplan-worktrees/runtime...arnold_pipelines/megaplan/skills/fix-the-fixer/scripts/render_goal.py', '--target', '  epic alpha / session  beta  '],)
kwargs = {'stderr': -1, 'stdout': -1, 'text': True}
process = <Popen: returncode: 1 args: ['/Users/peteromalley/.pyenv/versions/3.11.11/bi...>
stdout = ''
stderr = 'Traceback (most recent call last):\n  File "/Users/peteromalley/Documents/.megaplan-worktrees/runtime-convergence-exe..._with_charge(target)\n           ^^^^^^^^^^^^^^^^^^^^^^^\nNameError: name \'render_goal_with_charge\' is not defined\n'
retcode = 1

    def run(*popenargs,
            input=None, capture_output=False, timeout=None, check=False, **kwargs):
        """Run command with arguments and return a CompletedProcess instance.
    
        The returned instance will have attributes args, returncode, stdout and
        stderr. By default, stdout and stderr are not captured, and those attributes
        will be None. Pass stdout=PIPE and/or stderr=PIPE in order to capture them,
        or pass capture_output=True to capture both.
    
        If check is True and the exit code was non-zero, it raises a
        CalledProcessError. The CalledProcessError object will have the return code
        in the returncode attribute, and output & stderr attributes if those streams
        were captured.
    
        If timeout is given, and the process takes too long, a TimeoutExpired
        exception will be raised.
    
        There is an optional argument "input", allowing you to
        pass bytes or a string to the subprocess's stdin.  If you use this argument
        you may not also use the Popen constructor's "stdin" argument, as
        it will be used internally.
    
        By default, all communication is in bytes, and therefore any "input" should
        be bytes, and the stdout and stderr will be bytes. If in text mode, any
        "input" should be a string, and stdout and stderr will be strings decoded
        according to locale encoding, or by "encoding" if set. Text mode is
        triggered by setting any of text, encoding, errors or universal_newlines.
    
        The other arguments are the same as for the Popen constructor.
        """
        if input is not None:
            if kwargs.get('stdin') is not None:
                raise ValueError('stdin and input arguments may not both be used.')
            kwargs['stdin'] = PIPE
    
        if capture_output:
            if kwargs.get('stdout') is not None or kwargs.get('stderr') is not None:
                raise ValueError('stdout and stderr arguments may not be used '
                                 'with capture_output.')
            kwargs['stdout'] = PIPE
            kwargs['stderr'] = PIPE
    
        with Popen(*popenargs, **kwargs) as process:
            try:
                stdout, stderr = process.communicate(input, timeout=timeout)
            except TimeoutExpired as exc:
                process.kill()
                if _mswindows:
                    # Windows accumulates the output in a single blocking
                    # read() call run on child threads, with the timeout
                    # being done in a join() on those threads.  communicate()
                    # _after_ kill() is required to collect that and add it
                    # to the exception.
                    exc.stdout, exc.stderr = process.communicate()
                else:
                    # POSIX _communicate already populated the output so
                    # far into the TimeoutExpired exception.
                    process.wait()
                raise
            except:  # Including KeyboardInterrupt, communicate handled that.
                process.kill()
                # We don't call process.wait() as .__exit__ does that for us.
                raise
            retcode = process.poll()
            if check and retcode:
>               raise CalledProcessError(retcode, process.args,
                                         output=stdout, stderr=stderr)
E               subprocess.CalledProcessError: Command '['/Users/peteromalley/.pyenv/versions/3.11.11/bin/python', '/Users/peteromalley/Documents/.megaplan-worktrees/runtime-convergence-execution/arnold_pipelines/megaplan/skills/fix-the-fixer/scripts/render_goal.py', '--target', '  epic alpha / session  beta  ']' returned non-zero exit status 1.

../../../.pyenv/versions/3.11.11/lib/python3.11/subprocess.py:571: CalledProcessError
----------------------------- Captured stderr call -----------------------------
huggingface/tokenizers: The current process just got forked, after parallelism has already been used. Disabling parallelism to avoid deadlocks...
To disable this warning, you can either:
	- Avoid using `tokenizers` before the fork if possible
	- Explicitly set the environment variable TOKENIZERS_PARALLELISM=(true | false)
_______ test_import_runtime_falls_through_incomplete_megaplan_namespace ________

tmp_path = PosixPath('/private/var/folders/_w/b3tthv192m77c760dbyzvk200000gn/T/pytest-of-peteromalley/pytest-6/test_import_runtime_falls_thro0')
monkeypatch = <_pytest.monkeypatch.MonkeyPatch object at 0x320d53790>

    def test_import_runtime_falls_through_incomplete_megaplan_namespace(
        tmp_path: Path, monkeypatch,
    ) -> None:
        # A project-local `megaplan/` directory without `megaplan.agent` must not
        # mask the supported current Arnold runtime layout.
        (tmp_path / "megaplan").mkdir()
        monkeypatch.syspath_prepend(str(tmp_path))
        for name in list(sys.modules):
            if name == "megaplan" or name.startswith("megaplan."):
                monkeypatch.delitem(sys.modules, name, raising=False)
    
        launcher = _load_launcher()
>       agent, session_db, resolve_model = launcher._import_runtime()
                                           ^^^^^^^^^^^^^^^^^^^^^^^^
E       AttributeError: module 'test_launch_hermes_agent_module' has no attribute '_import_runtime'

tests/test_launch_hermes_agent.py:38: AttributeError
___________________ test_no_bare_subprocess_outside_runtime ____________________

    def test_no_bare_subprocess_outside_runtime() -> None:
        """Walk megaplan/**/*.py and ensure every violation is in the frozen ledger."""
        repo_root = Path(__file__).resolve().parents[1]
        megaplan_dir = repo_root / "arnold_pipelines" / "megaplan"
        runtime_module = megaplan_dir / "runtime" / "process.py"
    
        # ── Collect all violations keyed by relpath ──────────────────────────
        violations_by_file: dict[str, list[tuple[int, str]]] = {}
        scanned = 0
        for py_file in sorted(megaplan_dir.rglob("*.py")):
            if py_file.resolve() == runtime_module.resolve():
                continue  # the blessed module
            if _is_test_file(py_file):
                continue
            scanned += 1
            rel = _relpath(py_file, repo_root)
            found = _find_violations(py_file)
            if found:
                violations_by_file[rel] = found
    
        assert scanned > 0, "no megaplan source files scanned — check path"
    
        # ── Check every violation is in the frozen ledger ────────────────────
        unledgered: dict[str, list[tuple[int, str]]] = {}
        for rel, violations in violations_by_file.items():
            if rel not in FROZEN_LEDGER:
                unledgered[rel] = violations
    
        if unledgered:
            msg_lines = [
                "UNLEDGERED subprocess violations found — the frozen deferral ledger",
                f"is closed.  Add entries to FROZEN_LEDGER in {__file__} ONLY after",
                "explicit gate review:\n",
            ]
            for rel, violations in sorted(unledgered.items()):
                msg_lines.append(f"  {rel}:")
                for lineno, desc in violations:
                    msg_lines.append(f"    L{lineno}: {desc}")
>           pytest.fail("\n".join(msg_lines))
E           Failed: UNLEDGERED subprocess violations found — the frozen deferral ledger
E           is closed.  Add entries to FROZEN_LEDGER in /Users/peteromalley/Documents/.megaplan-worktrees/runtime-convergence-execution/tests/test_no_bare_subprocess.py ONLY after
E           explicit gate review:
E           
E             arnold_pipelines/megaplan/skills/subagent-launcher/fan.py:
E               L92: os.killpg(...) call
E               L265: subprocess.Popen(...) call

tests/test_no_bare_subprocess.py:185: Failed
___________________ test_ancestry_anchor_is_ancestor_of_head ___________________

validator = <module 't7_validate_m6_evidence' from '/Users/peteromalley/Documents/.megaplan-worktrees/runtime-convergence-execution/tools/validate_m6_evidence.py'>

    def test_ancestry_anchor_is_ancestor_of_head(validator):
        """The immutable ancestry anchor must itself be an ancestor of HEAD."""
>       assert _is_ancestor(validator.WBC_INTEGRATION_COMMIT, "HEAD"), (
            "The ancestry anchor 24afce00 is not an ancestor of HEAD — the pinned "
            "historical integration point has been severed from the live lineage."
        )
E       AssertionError: The ancestry anchor 24afce00 is not an ancestor of HEAD — the pinned historical integration point has been severed from the live lineage.
E       assert False
E        +  where False = _is_ancestor('24afce006b9ad20391ac7af10ef67ea0b1774f9f', 'HEAD')
E        +    where '24afce006b9ad20391ac7af10ef67ea0b1774f9f' = <module 't7_validate_m6_evidence' from '/Users/peteromalley/Documents/.megaplan-worktrees/runtime-convergence-execution/tools/validate_m6_evidence.py'>.WBC_INTEGRATION_COMMIT

tests/tools/test_wbc_constants_coherence.py:145: AssertionError
----------------------------- Captured stderr call -----------------------------
huggingface/tokenizers: The current process just got forked, after parallelism has already been used. Disabling parallelism to avoid deadlocks...
To disable this warning, you can either:
	- Avoid using `tokenizers` before the fork if possible
	- Explicitly set the environment variable TOKENIZERS_PARALLELISM=(true | false)
___________________ test_rebound_commit_is_ancestor_of_head ____________________

    def test_rebound_commit_is_ancestor_of_head():
        """The rebound commit must be an ancestor of HEAD."""
        result = subprocess.run(
            ["git", "merge-base", "--is-ancestor", REBOUND_COMMIT, "HEAD"],
            cwd=str(REPO_ROOT),
        )
>       assert result.returncode == 0, (
            f"Rebound commit {REBOUND_COMMIT[:8]} is not an ancestor of HEAD"
        )
E       AssertionError: Rebound commit cebb1ef6 is not an ancestor of HEAD
E       assert 1 == 0
E        +  where 1 = CompletedProcess(args=['git', 'merge-base', '--is-ancestor', 'cebb1ef6e2345ff274f3666a37e55c0a4e6849f9', 'HEAD'], returncode=1).returncode

tests/tools/test_wbc_file_hash_rebind.py:109: AssertionError
----------------------------- Captured stderr call -----------------------------
huggingface/tokenizers: The current process just got forked, after parallelism has already been used. Disabling parallelism to avoid deadlocks...
To disable this warning, you can either:
	- Avoid using `tokenizers` before the fork if possible
	- Explicitly set the environment variable TOKENIZERS_PARALLELISM=(true | false)
__________ test_revise_iterations_write_distinct_hashes_and_sessions ___________
arnold_pipelines.megaplan.custody.common_worker_dispatch._FailureEvidenceRecorded: failure evidence recorded

The above exception was the direct cause of the following exception:

plan_fixture = PlanFixture(root=PosixPath('/private/var/folders/_w/b3tthv192m77c760dbyzvk200000gn/T/pytest-of-peteromalley/pytest-6/t...rite_d0/root/.megaplan/plans/fixture-plan'), make_args=<function make_args_factory.<locals>._make_args at 0x320d84860>)
monkeypatch = <_pytest.monkeypatch.MonkeyPatch object at 0x31eaf3410>

    def test_revise_iterations_write_distinct_hashes_and_sessions(
        plan_fixture: PlanFixture,
        monkeypatch: pytest.MonkeyPatch,
    ) -> None:
        make_args = plan_fixture.make_args
>       megaplan_handlers.handle_plan(plan_fixture.root, make_args(plan=plan_fixture.plan_name))

tests/workers/test_session_cache_regression.py:56: 
_ _ _ _ _ _ _ _ _ _ _ _ _ _ _ _ _ _ _ _ _ _ _ _ _ _ _ _ _ _ _ _ _ _ _ _ _ _ _ _ 
arnold_pipelines/megaplan/handlers/plan.py:167: in handle_plan
    worker, agent, mode, refreshed = _pkg._run_worker(
arnold_pipelines/megaplan/handlers/shared.py:414: in _run_worker
    return worker_module.run_step_with_worker(
arnold_pipelines/megaplan/workers/_impl.py:7505: in run_step_with_worker
    dispatch_result = wbc_dispatch.run(_dispatch_with_binding)
                      ^^^^^^^^^^^^^^^^^^^^^^^^^^^^^^^^^^^^^^^^
arnold_pipelines/megaplan/custody/common_worker_dispatch.py:119: in run
    raise exc from _FailureEvidenceRecorded(terminal)
arnold_pipelines/megaplan/custody/common_worker_dispatch.py:107: in run
    worker_result = dispatch(start)
                    ^^^^^^^^^^^^^^^
arnold_pipelines/megaplan/workers/_impl.py:7477: in _dispatch_with_binding
    return _run_step_with_worker_legacy(
arnold_pipelines/megaplan/workers/_impl.py:7667: in _run_step_with_worker_legacy
    require_bound_chain_spec(root, plan_name=plan_dir.name)
_ _ _ _ _ _ _ _ _ _ _ _ _ _ _ _ _ _ _ _ _ _ _ _ _ _ _ _ _ _ _ _ _ _ _ _ _ _ _ _ 

root = PosixPath('/private/var/folders/_w/b3tthv192m77c760dbyzvk200000gn/T/pytest-of-peteromalley/pytest-6/test_revise_iterations_write_d0/root')

    def require_bound_chain_spec(root: Path, *, plan_name: str = "") -> Path:
        """Fail closed unless exactly one canonical execution binding owns the plan."""
    
        matches = bound_chain_spec_candidates(root, plan_name=plan_name)
        if len(matches) != 1:
            status = "missing" if not matches else "ambiguous"
>           raise CliError(
                "worker_launch_preflight_mismatch",
                f"Canonical worker runtime binding is {status} for plan "
                f"{plan_name or '<unspecified>'}: {len(matches)} candidates.",
                extra={
                    "canonical_runtime_binding": {
                        "status": status,
                        "plan_name": plan_name,
                        "candidates": [str(path.resolve(strict=False)) for path in matches],
                    }
                },
            )
E           arnold_pipelines.megaplan.types.CliError: Canonical worker runtime binding is missing for plan fixture-plan: 0 candidates.

arnold_pipelines/megaplan/chain/execution_binding.py:2176: CliError
---------------------------- Captured stderr setup -----------------------------
huggingface/tokenizers: The current process just got forked, after parallelism has already been used. Disabling parallelism to avoid deadlocks...
To disable this warning, you can either:
	- Avoid using `tokenizers` before the fork if possible
	- Explicitly set the environment variable TOKENIZERS_PARALLELISM=(true | false)
huggingface/tokenizers: The current process just got forked, after parallelism has already been used. Disabling parallelism to avoid deadlocks...
To disable this warning, you can either:
	- Avoid using `tokenizers` before the fork if possible
	- Explicitly set the environment variable TOKENIZERS_PARALLELISM=(true | false)
----------------------------- Captured stderr call -----------------------------
huggingface/tokenizers: The current process just got forked, after parallelism has already been used. Disabling parallelism to avoid deadlocks...
To disable this warning, you can either:
	- Avoid using `tokenizers` before the fork if possible
	- Explicitly set the environment variable TOKENIZERS_PARALLELISM=(true | false)
huggingface/tokenizers: The current process just got forked, after parallelism has already been used. Disabling parallelism to avoid deadlocks...
To disable this warning, you can either:
	- Avoid using `tokenizers` before the fork if possible
	- Explicitly set the environment variable TOKENIZERS_PARALLELISM=(true | false)
huggingface/tokenizers: The current process just got forked, after parallelism has already been used. Disabling parallelism to avoid deadlocks...
To disable this warning, you can either:
	- Avoid using `tokenizers` before the fork if possible
	- Explicitly set the environment variable TOKENIZERS_PARALLELISM=(true | false)
huggingface/tokenizers: The current process just got forked, after parallelism has already been used. Disabling parallelism to avoid deadlocks...
To disable this warning, you can either:
	- Avoid using `tokenizers` before the fork if possible
	- Explicitly set the environment variable TOKENIZERS_PARALLELISM=(true | false)
___________ test_dispatch_forces_fresh_for_non_execute_phases[plan] ____________

tmp_path = PosixPath('/private/var/folders/_w/b3tthv192m77c760dbyzvk200000gn/T/pytest-of-peteromalley/pytest-6/test_dispatch_forces_fresh_for0')
phase = 'plan'

    @pytest.mark.parametrize(
        "phase",
        ["plan", "prep", "critique", "gate", "revise", "finalize", "review"],
    )
    def test_dispatch_forces_fresh_for_non_execute_phases(tmp_path: Path, phase: str) -> None:
        plan_dir = tmp_path / "plan"
        project_dir = tmp_path / "project"
        plan_dir.mkdir()
        project_dir.mkdir()
        state = {
            "name": "test-plan",
            "idea": "test",
            "current_state": "critiqued",
            "iteration": 1,
            "config": {"project_dir": str(project_dir), "robustness": "standard"},
            "sessions": {},
            "plan_versions": [],
            "history": [],
            "meta": {},
            "last_gate": {},
        }
        worker = WorkerResult(
            payload={},
            raw_output="{}",
            duration_ms=1,
            cost_usd=0.0,
            session_id="new-session",
        )
    
        with patch("arnold_pipelines.megaplan.workers._impl.run_codex_step", return_value=worker) as run_codex:
>           run_step_with_worker(
                phase,
                state,
                plan_dir,
                argparse.Namespace(
                    agent="codex",
                    ephemeral=False,
                    fresh=False,
                    persist=False,
                    hermes=None,
                    phase_model=[],
                ),
                root=tmp_path,
                resolved=("codex", "persistent", False, None),
            )

tests/workers/test_session_cache_regression.py:143: 
_ _ _ _ _ _ _ _ _ _ _ _ _ _ _ _ _ _ _ _ _ _ _ _ _ _ _ _ _ _ _ _ _ _ _ _ _ _ _ _ 
arnold_pipelines/megaplan/workers/_impl.py:7437: in run_step_with_worker
    return _run_step_with_worker_legacy(
arnold_pipelines/megaplan/workers/_impl.py:7667: in _run_step_with_worker_legacy
    require_bound_chain_spec(root, plan_name=plan_dir.name)
_ _ _ _ _ _ _ _ _ _ _ _ _ _ _ _ _ _ _ _ _ _ _ _ _ _ _ _ _ _ _ _ _ _ _ _ _ _ _ _ 

root = PosixPath('/private/var/folders/_w/b3tthv192m77c760dbyzvk200000gn/T/pytest-of-peteromalley/pytest-6/test_dispatch_forces_fresh_for0')

    def require_bound_chain_spec(root: Path, *, plan_name: str = "") -> Path:
        """Fail closed unless exactly one canonical execution binding owns the plan."""
    
        matches = bound_chain_spec_candidates(root, plan_name=plan_name)
        if len(matches) != 1:
            status = "missing" if not matches else "ambiguous"
>           raise CliError(
                "worker_launch_preflight_mismatch",
                f"Canonical worker runtime binding is {status} for plan "
                f"{plan_name or '<unspecified>'}: {len(matches)} candidates.",
                extra={
                    "canonical_runtime_binding": {
                        "status": status,
                        "plan_name": plan_name,
                        "candidates": [str(path.resolve(strict=False)) for path in matches],
                    }
                },
            )
E           arnold_pipelines.megaplan.types.CliError: Canonical worker runtime binding is missing for plan plan: 0 candidates.

arnold_pipelines/megaplan/chain/execution_binding.py:2176: CliError
----------------------------- Captured stderr call -----------------------------
huggingface/tokenizers: The current process just got forked, after parallelism has already been used. Disabling parallelism to avoid deadlocks...
To disable this warning, you can either:
	- Avoid using `tokenizers` before the fork if possible
	- Explicitly set the environment variable TOKENIZERS_PARALLELISM=(true | false)
___________ test_dispatch_forces_fresh_for_non_execute_phases[prep] ____________

tmp_path = PosixPath('/private/var/folders/_w/b3tthv192m77c760dbyzvk200000gn/T/pytest-of-peteromalley/pytest-6/test_dispatch_forces_fresh_for1')
phase = 'prep'

    @pytest.mark.parametrize(
        "phase",
        ["plan", "prep", "critique", "gate", "revise", "finalize", "review"],
    )
    def test_dispatch_forces_fresh_for_non_execute_phases(tmp_path: Path, phase: str) -> None:
        plan_dir = tmp_path / "plan"
        project_dir = tmp_path / "project"
        plan_dir.mkdir()
        project_dir.mkdir()
        state = {
            "name": "test-plan",
            "idea": "test",
            "current_state": "critiqued",
            "iteration": 1,
            "config": {"project_dir": str(project_dir), "robustness": "standard"},
            "sessions": {},
            "plan_versions": [],
            "history": [],
            "meta": {},
            "last_gate": {},
        }
        worker = WorkerResult(
            payload={},
            raw_output="{}",
            duration_ms=1,
            cost_usd=0.0,
            session_id="new-session",
        )
    
        with patch("arnold_pipelines.megaplan.workers._impl.run_codex_step", return_value=worker) as run_codex:
>           run_step_with_worker(
                phase,
                state,
                plan_dir,
                argparse.Namespace(
                    agent="codex",
                    ephemeral=False,
                    fresh=False,
                    persist=False,
                    hermes=None,
                    phase_model=[],
                ),
                root=tmp_path,
                resolved=("codex", "persistent", False, None),
            )

tests/workers/test_session_cache_regression.py:143: 
_ _ _ _ _ _ _ _ _ _ _ _ _ _ _ _ _ _ _ _ _ _ _ _ _ _ _ _ _ _ _ _ _ _ _ _ _ _ _ _ 
arnold_pipelines/megaplan/workers/_impl.py:7437: in run_step_with_worker
    return _run_step_with_worker_legacy(
arnold_pipelines/megaplan/workers/_impl.py:7667: in _run_step_with_worker_legacy
    require_bound_chain_spec(root, plan_name=plan_dir.name)
_ _ _ _ _ _ _ _ _ _ _ _ _ _ _ _ _ _ _ _ _ _ _ _ _ _ _ _ _ _ _ _ _ _ _ _ _ _ _ _ 

root = PosixPath('/private/var/folders/_w/b3tthv192m77c760dbyzvk200000gn/T/pytest-of-peteromalley/pytest-6/test_dispatch_forces_fresh_for1')

    def require_bound_chain_spec(root: Path, *, plan_name: str = "") -> Path:
        """Fail closed unless exactly one canonical execution binding owns the plan."""
    
        matches = bound_chain_spec_candidates(root, plan_name=plan_name)
        if len(matches) != 1:
            status = "missing" if not matches else "ambiguous"
>           raise CliError(
                "worker_launch_preflight_mismatch",
                f"Canonical worker runtime binding is {status} for plan "
                f"{plan_name or '<unspecified>'}: {len(matches)} candidates.",
                extra={
                    "canonical_runtime_binding": {
                        "status": status,
                        "plan_name": plan_name,
                        "candidates": [str(path.resolve(strict=False)) for path in matches],
                    }
                },
            )
E           arnold_pipelines.megaplan.types.CliError: Canonical worker runtime binding is missing for plan plan: 0 candidates.

arnold_pipelines/megaplan/chain/execution_binding.py:2176: CliError
----------------------------- Captured stderr call -----------------------------
huggingface/tokenizers: The current process just got forked, after parallelism has already been used. Disabling parallelism to avoid deadlocks...
To disable this warning, you can either:
	- Avoid using `tokenizers` before the fork if possible
	- Explicitly set the environment variable TOKENIZERS_PARALLELISM=(true | false)
_________ test_dispatch_forces_fresh_for_non_execute_phases[critique] __________

tmp_path = PosixPath('/private/var/folders/_w/b3tthv192m77c760dbyzvk200000gn/T/pytest-of-peteromalley/pytest-6/test_dispatch_forces_fresh_for2')
phase = 'critique'

    @pytest.mark.parametrize(
        "phase",
        ["plan", "prep", "critique", "gate", "revise", "finalize", "review"],
    )
    def test_dispatch_forces_fresh_for_non_execute_phases(tmp_path: Path, phase: str) -> None:
        plan_dir = tmp_path / "plan"
        project_dir = tmp_path / "project"
        plan_dir.mkdir()
        project_dir.mkdir()
        state = {
            "name": "test-plan",
            "idea": "test",
            "current_state": "critiqued",
            "iteration": 1,
            "config": {"project_dir": str(project_dir), "robustness": "standard"},
            "sessions": {},
            "plan_versions": [],
            "history": [],
            "meta": {},
            "last_gate": {},
        }
        worker = WorkerResult(
            payload={},
            raw_output="{}",
            duration_ms=1,
            cost_usd=0.0,
            session_id="new-session",
        )
    
        with patch("arnold_pipelines.megaplan.workers._impl.run_codex_step", return_value=worker) as run_codex:
>           run_step_with_worker(
                phase,
                state,
                plan_dir,
                argparse.Namespace(
                    agent="codex",
                    ephemeral=False,
                    fresh=False,
                    persist=False,
                    hermes=None,
                    phase_model=[],
                ),
                root=tmp_path,
                resolved=("codex", "persistent", False, None),
            )

tests/workers/test_session_cache_regression.py:143: 
_ _ _ _ _ _ _ _ _ _ _ _ _ _ _ _ _ _ _ _ _ _ _ _ _ _ _ _ _ _ _ _ _ _ _ _ _ _ _ _ 
arnold_pipelines/megaplan/workers/_impl.py:7437: in run_step_with_worker
    return _run_step_with_worker_legacy(
arnold_pipelines/megaplan/workers/_impl.py:7667: in _run_step_with_worker_legacy
    require_bound_chain_spec(root, plan_name=plan_dir.name)
_ _ _ _ _ _ _ _ _ _ _ _ _ _ _ _ _ _ _ _ _ _ _ _ _ _ _ _ _ _ _ _ _ _ _ _ _ _ _ _ 

root = PosixPath('/private/var/folders/_w/b3tthv192m77c760dbyzvk200000gn/T/pytest-of-peteromalley/pytest-6/test_dispatch_forces_fresh_for2')

    def require_bound_chain_spec(root: Path, *, plan_name: str = "") -> Path:
        """Fail closed unless exactly one canonical execution binding owns the plan."""
    
        matches = bound_chain_spec_candidates(root, plan_name=plan_name)
        if len(matches) != 1:
            status = "missing" if not matches else "ambiguous"
>           raise CliError(
                "worker_launch_preflight_mismatch",
                f"Canonical worker runtime binding is {status} for plan "
                f"{plan_name or '<unspecified>'}: {len(matches)} candidates.",
                extra={
                    "canonical_runtime_binding": {
                        "status": status,
                        "plan_name": plan_name,
                        "candidates": [str(path.resolve(strict=False)) for path in matches],
                    }
                },
            )
E           arnold_pipelines.megaplan.types.CliError: Canonical worker runtime binding is missing for plan plan: 0 candidates.

arnold_pipelines/megaplan/chain/execution_binding.py:2176: CliError
----------------------------- Captured stderr call -----------------------------
huggingface/tokenizers: The current process just got forked, after parallelism has already been used. Disabling parallelism to avoid deadlocks...
To disable this warning, you can either:
	- Avoid using `tokenizers` before the fork if possible
	- Explicitly set the environment variable TOKENIZERS_PARALLELISM=(true | false)
___________ test_dispatch_forces_fresh_for_non_execute_phases[gate] ____________

tmp_path = PosixPath('/private/var/folders/_w/b3tthv192m77c760dbyzvk200000gn/T/pytest-of-peteromalley/pytest-6/test_dispatch_forces_fresh_for3')
phase = 'gate'

    @pytest.mark.parametrize(
        "phase",
        ["plan", "prep", "critique", "gate", "revise", "finalize", "review"],
    )
    def test_dispatch_forces_fresh_for_non_execute_phases(tmp_path: Path, phase: str) -> None:
        plan_dir = tmp_path / "plan"
        project_dir = tmp_path / "project"
        plan_dir.mkdir()
        project_dir.mkdir()
        state = {
            "name": "test-plan",
            "idea": "test",
            "current_state": "critiqued",
            "iteration": 1,
            "config": {"project_dir": str(project_dir), "robustness": "standard"},
            "sessions": {},
            "plan_versions": [],
            "history": [],
            "meta": {},
            "last_gate": {},
        }
        worker = WorkerResult(
            payload={},
            raw_output="{}",
            duration_ms=1,
            cost_usd=0.0,
            session_id="new-session",
        )
    
        with patch("arnold_pipelines.megaplan.workers._impl.run_codex_step", return_value=worker) as run_codex:
>           run_step_with_worker(
                phase,
                state,
                plan_dir,
                argparse.Namespace(
                    agent="codex",
                    ephemeral=False,
                    fresh=False,
                    persist=False,
                    hermes=None,
                    phase_model=[],
                ),
                root=tmp_path,
                resolved=("codex", "persistent", False, None),
            )

tests/workers/test_session_cache_regression.py:143: 
_ _ _ _ _ _ _ _ _ _ _ _ _ _ _ _ _ _ _ _ _ _ _ _ _ _ _ _ _ _ _ _ _ _ _ _ _ _ _ _ 
arnold_pipelines/megaplan/workers/_impl.py:7437: in run_step_with_worker
    return _run_step_with_worker_legacy(
arnold_pipelines/megaplan/workers/_impl.py:7667: in _run_step_with_worker_legacy
    require_bound_chain_spec(root, plan_name=plan_dir.name)
_ _ _ _ _ _ _ _ _ _ _ _ _ _ _ _ _ _ _ _ _ _ _ _ _ _ _ _ _ _ _ _ _ _ _ _ _ _ _ _ 

root = PosixPath('/private/var/folders/_w/b3tthv192m77c760dbyzvk200000gn/T/pytest-of-peteromalley/pytest-6/test_dispatch_forces_fresh_for3')

    def require_bound_chain_spec(root: Path, *, plan_name: str = "") -> Path:
        """Fail closed unless exactly one canonical execution binding owns the plan."""
    
        matches = bound_chain_spec_candidates(root, plan_name=plan_name)
        if len(matches) != 1:
            status = "missing" if not matches else "ambiguous"
>           raise CliError(
                "worker_launch_preflight_mismatch",
                f"Canonical worker runtime binding is {status} for plan "
                f"{plan_name or '<unspecified>'}: {len(matches)} candidates.",
                extra={
                    "canonical_runtime_binding": {
                        "status": status,
                        "plan_name": plan_name,
                        "candidates": [str(path.resolve(strict=False)) for path in matches],
                    }
                },
            )
E           arnold_pipelines.megaplan.types.CliError: Canonical worker runtime binding is missing for plan plan: 0 candidates.

arnold_pipelines/megaplan/chain/execution_binding.py:2176: CliError
----------------------------- Captured stderr call -----------------------------
huggingface/tokenizers: The current process just got forked, after parallelism has already been used. Disabling parallelism to avoid deadlocks...
To disable this warning, you can either:
	- Avoid using `tokenizers` before the fork if possible
	- Explicitly set the environment variable TOKENIZERS_PARALLELISM=(true | false)
__________ test_dispatch_forces_fresh_for_non_execute_phases[revise] ___________

tmp_path = PosixPath('/private/var/folders/_w/b3tthv192m77c760dbyzvk200000gn/T/pytest-of-peteromalley/pytest-6/test_dispatch_forces_fresh_for4')
phase = 'revise'

    @pytest.mark.parametrize(
        "phase",
        ["plan", "prep", "critique", "gate", "revise", "finalize", "review"],
    )
    def test_dispatch_forces_fresh_for_non_execute_phases(tmp_path: Path, phase: str) -> None:
        plan_dir = tmp_path / "plan"
        project_dir = tmp_path / "project"
        plan_dir.mkdir()
        project_dir.mkdir()
        state = {
            "name": "test-plan",
            "idea": "test",
            "current_state": "critiqued",
            "iteration": 1,
            "config": {"project_dir": str(project_dir), "robustness": "standard"},
            "sessions": {},
            "plan_versions": [],
            "history": [],
            "meta": {},
            "last_gate": {},
        }
        worker = WorkerResult(
            payload={},
            raw_output="{}",
            duration_ms=1,
            cost_usd=0.0,
            session_id="new-session",
        )
    
        with patch("arnold_pipelines.megaplan.workers._impl.run_codex_step", return_value=worker) as run_codex:
>           run_step_with_worker(
                phase,
                state,
                plan_dir,
                argparse.Namespace(
                    agent="codex",
                    ephemeral=False,
                    fresh=False,
                    persist=False,
                    hermes=None,
                    phase_model=[],
                ),
                root=tmp_path,
                resolved=("codex", "persistent", False, None),
            )

tests/workers/test_session_cache_regression.py:143: 
_ _ _ _ _ _ _ _ _ _ _ _ _ _ _ _ _ _ _ _ _ _ _ _ _ _ _ _ _ _ _ _ _ _ _ _ _ _ _ _ 
arnold_pipelines/megaplan/workers/_impl.py:7437: in run_step_with_worker
    return _run_step_with_worker_legacy(
arnold_pipelines/megaplan/workers/_impl.py:7667: in _run_step_with_worker_legacy
    require_bound_chain_spec(root, plan_name=plan_dir.name)
_ _ _ _ _ _ _ _ _ _ _ _ _ _ _ _ _ _ _ _ _ _ _ _ _ _ _ _ _ _ _ _ _ _ _ _ _ _ _ _ 

root = PosixPath('/private/var/folders/_w/b3tthv192m77c760dbyzvk200000gn/T/pytest-of-peteromalley/pytest-6/test_dispatch_forces_fresh_for4')

    def require_bound_chain_spec(root: Path, *, plan_name: str = "") -> Path:
        """Fail closed unless exactly one canonical execution binding owns the plan."""
    
        matches = bound_chain_spec_candidates(root, plan_name=plan_name)
        if len(matches) != 1:
            status = "missing" if not matches else "ambiguous"
>           raise CliError(
                "worker_launch_preflight_mismatch",
                f"Canonical worker runtime binding is {status} for plan "
                f"{plan_name or '<unspecified>'}: {len(matches)} candidates.",
                extra={
                    "canonical_runtime_binding": {
                        "status": status,
                        "plan_name": plan_name,
                        "candidates": [str(path.resolve(strict=False)) for path in matches],
                    }
                },
            )
E           arnold_pipelines.megaplan.types.CliError: Canonical worker runtime binding is missing for plan plan: 0 candidates.

arnold_pipelines/megaplan/chain/execution_binding.py:2176: CliError
----------------------------- Captured stderr call -----------------------------
huggingface/tokenizers: The current process just got forked, after parallelism has already been used. Disabling parallelism to avoid deadlocks...
To disable this warning, you can either:
	- Avoid using `tokenizers` before the fork if possible
	- Explicitly set the environment variable TOKENIZERS_PARALLELISM=(true | false)
_________ test_dispatch_forces_fresh_for_non_execute_phases[finalize] __________

tmp_path = PosixPath('/private/var/folders/_w/b3tthv192m77c760dbyzvk200000gn/T/pytest-of-peteromalley/pytest-6/test_dispatch_forces_fresh_for5')
phase = 'finalize'

    @pytest.mark.parametrize(
        "phase",
        ["plan", "prep", "critique", "gate", "revise", "finalize", "review"],
    )
    def test_dispatch_forces_fresh_for_non_execute_phases(tmp_path: Path, phase: str) -> None:
        plan_dir = tmp_path / "plan"
        project_dir = tmp_path / "project"
        plan_dir.mkdir()
        project_dir.mkdir()
        state = {
            "name": "test-plan",
            "idea": "test",
            "current_state": "critiqued",
            "iteration": 1,
            "config": {"project_dir": str(project_dir), "robustness": "standard"},
            "sessions": {},
            "plan_versions": [],
            "history": [],
            "meta": {},
            "last_gate": {},
        }
        worker = WorkerResult(
            payload={},
            raw_output="{}",
            duration_ms=1,
            cost_usd=0.0,
            session_id="new-session",
        )
    
        with patch("arnold_pipelines.megaplan.workers._impl.run_codex_step", return_value=worker) as run_codex:
>           run_step_with_worker(
                phase,
                state,
                plan_dir,
                argparse.Namespace(
                    agent="codex",
                    ephemeral=False,
                    fresh=False,
                    persist=False,
                    hermes=None,
                    phase_model=[],
                ),
                root=tmp_path,
                resolved=("codex", "persistent", False, None),
            )

tests/workers/test_session_cache_regression.py:143: 
_ _ _ _ _ _ _ _ _ _ _ _ _ _ _ _ _ _ _ _ _ _ _ _ _ _ _ _ _ _ _ _ _ _ _ _ _ _ _ _ 
arnold_pipelines/megaplan/workers/_impl.py:7437: in run_step_with_worker
    return _run_step_with_worker_legacy(
arnold_pipelines/megaplan/workers/_impl.py:7667: in _run_step_with_worker_legacy
    require_bound_chain_spec(root, plan_name=plan_dir.name)
_ _ _ _ _ _ _ _ _ _ _ _ _ _ _ _ _ _ _ _ _ _ _ _ _ _ _ _ _ _ _ _ _ _ _ _ _ _ _ _ 

root = PosixPath('/private/var/folders/_w/b3tthv192m77c760dbyzvk200000gn/T/pytest-of-peteromalley/pytest-6/test_dispatch_forces_fresh_for5')

    def require_bound_chain_spec(root: Path, *, plan_name: str = "") -> Path:
        """Fail closed unless exactly one canonical execution binding owns the plan."""
    
        matches = bound_chain_spec_candidates(root, plan_name=plan_name)
        if len(matches) != 1:
            status = "missing" if not matches else "ambiguous"
>           raise CliError(
                "worker_launch_preflight_mismatch",
                f"Canonical worker runtime binding is {status} for plan "
                f"{plan_name or '<unspecified>'}: {len(matches)} candidates.",
                extra={
                    "canonical_runtime_binding": {
                        "status": status,
                        "plan_name": plan_name,
                        "candidates": [str(path.resolve(strict=False)) for path in matches],
                    }
                },
            )
E           arnold_pipelines.megaplan.types.CliError: Canonical worker runtime binding is missing for plan plan: 0 candidates.

arnold_pipelines/megaplan/chain/execution_binding.py:2176: CliError
----------------------------- Captured stderr call -----------------------------
huggingface/tokenizers: The current process just got forked, after parallelism has already been used. Disabling parallelism to avoid deadlocks...
To disable this warning, you can either:
	- Avoid using `tokenizers` before the fork if possible
	- Explicitly set the environment variable TOKENIZERS_PARALLELISM=(true | false)
__________ test_dispatch_forces_fresh_for_non_execute_phases[review] ___________

tmp_path = PosixPath('/private/var/folders/_w/b3tthv192m77c760dbyzvk200000gn/T/pytest-of-peteromalley/pytest-6/test_dispatch_forces_fresh_for6')
phase = 'review'

    @pytest.mark.parametrize(
        "phase",
        ["plan", "prep", "critique", "gate", "revise", "finalize", "review"],
    )
    def test_dispatch_forces_fresh_for_non_execute_phases(tmp_path: Path, phase: str) -> None:
        plan_dir = tmp_path / "plan"
        project_dir = tmp_path / "project"
        plan_dir.mkdir()
        project_dir.mkdir()
        state = {
            "name": "test-plan",
            "idea": "test",
            "current_state": "critiqued",
            "iteration": 1,
            "config": {"project_dir": str(project_dir), "robustness": "standard"},
            "sessions": {},
            "plan_versions": [],
            "history": [],
            "meta": {},
            "last_gate": {},
        }
        worker = WorkerResult(
            payload={},
            raw_output="{}",
            duration_ms=1,
            cost_usd=0.0,
            session_id="new-session",
        )
    
        with patch("arnold_pipelines.megaplan.workers._impl.run_codex_step", return_value=worker) as run_codex:
>           run_step_with_worker(
                phase,
                state,
                plan_dir,
                argparse.Namespace(
                    agent="codex",
                    ephemeral=False,
                    fresh=False,
                    persist=False,
                    hermes=None,
                    phase_model=[],
                ),
                root=tmp_path,
                resolved=("codex", "persistent", False, None),
            )

tests/workers/test_session_cache_regression.py:143: 
_ _ _ _ _ _ _ _ _ _ _ _ _ _ _ _ _ _ _ _ _ _ _ _ _ _ _ _ _ _ _ _ _ _ _ _ _ _ _ _ 
arnold_pipelines/megaplan/workers/_impl.py:7437: in run_step_with_worker
    return _run_step_with_worker_legacy(
arnold_pipelines/megaplan/workers/_impl.py:7667: in _run_step_with_worker_legacy
    require_bound_chain_spec(root, plan_name=plan_dir.name)
_ _ _ _ _ _ _ _ _ _ _ _ _ _ _ _ _ _ _ _ _ _ _ _ _ _ _ _ _ _ _ _ _ _ _ _ _ _ _ _ 

root = PosixPath('/private/var/folders/_w/b3tthv192m77c760dbyzvk200000gn/T/pytest-of-peteromalley/pytest-6/test_dispatch_forces_fresh_for6')

    def require_bound_chain_spec(root: Path, *, plan_name: str = "") -> Path:
        """Fail closed unless exactly one canonical execution binding owns the plan."""
    
        matches = bound_chain_spec_candidates(root, plan_name=plan_name)
        if len(matches) != 1:
            status = "missing" if not matches else "ambiguous"
>           raise CliError(
                "worker_launch_preflight_mismatch",
                f"Canonical worker runtime binding is {status} for plan "
                f"{plan_name or '<unspecified>'}: {len(matches)} candidates.",
                extra={
                    "canonical_runtime_binding": {
                        "status": status,
                        "plan_name": plan_name,
                        "candidates": [str(path.resolve(strict=False)) for path in matches],
                    }
                },
            )
E           arnold_pipelines.megaplan.types.CliError: Canonical worker runtime binding is missing for plan plan: 0 candidates.

arnold_pipelines/megaplan/chain/execution_binding.py:2176: CliError
----------------------------- Captured stderr call -----------------------------
huggingface/tokenizers: The current process just got forked, after parallelism has already been used. Disabling parallelism to avoid deadlocks...
To disable this warning, you can either:
	- Avoid using `tokenizers` before the fork if possible
	- Explicitly set the environment variable TOKENIZERS_PARALLELISM=(true | false)
_________________ test_dispatch_preserves_execute_persistence __________________

tmp_path = PosixPath('/private/var/folders/_w/b3tthv192m77c760dbyzvk200000gn/T/pytest-of-peteromalley/pytest-6/test_dispatch_preserves_execut0')

    def test_dispatch_preserves_execute_persistence(tmp_path: Path) -> None:
        plan_dir = tmp_path / "plan"
        project_dir = tmp_path / "project"
        plan_dir.mkdir()
        project_dir.mkdir()
        state = {
            "name": "test-plan",
            "idea": "test",
            "current_state": "finalized",
            "iteration": 1,
            "config": {"project_dir": str(project_dir), "robustness": "standard"},
            "sessions": {"codex_executor": {"id": "old-session"}},
            "plan_versions": [],
            "history": [],
            "meta": {},
            "last_gate": {},
        }
        worker = WorkerResult(
            payload={},
            raw_output="{}",
            duration_ms=1,
            cost_usd=0.0,
            session_id="old-session",
        )
    
        with patch("arnold_pipelines.megaplan.workers._impl.run_codex_step", return_value=worker) as run_codex:
>           run_step_with_worker(
                "execute",
                state,
                plan_dir,
                argparse.Namespace(
                    agent="codex",
                    ephemeral=False,
                    fresh=False,
                    persist=False,
                    hermes=None,
                    phase_model=[],
                ),
                root=tmp_path,
                resolved=("codex", "persistent", False, None),
            )

tests/workers/test_session_cache_regression.py:188: 
_ _ _ _ _ _ _ _ _ _ _ _ _ _ _ _ _ _ _ _ _ _ _ _ _ _ _ _ _ _ _ _ _ _ _ _ _ _ _ _ 
arnold_pipelines/megaplan/workers/_impl.py:7437: in run_step_with_worker
    return _run_step_with_worker_legacy(
arnold_pipelines/megaplan/workers/_impl.py:7667: in _run_step_with_worker_legacy
    require_bound_chain_spec(root, plan_name=plan_dir.name)
_ _ _ _ _ _ _ _ _ _ _ _ _ _ _ _ _ _ _ _ _ _ _ _ _ _ _ _ _ _ _ _ _ _ _ _ _ _ _ _ 

root = PosixPath('/private/var/folders/_w/b3tthv192m77c760dbyzvk200000gn/T/pytest-of-peteromalley/pytest-6/test_dispatch_preserves_execut0')

    def require_bound_chain_spec(root: Path, *, plan_name: str = "") -> Path:
        """Fail closed unless exactly one canonical execution binding owns the plan."""
    
        matches = bound_chain_spec_candidates(root, plan_name=plan_name)
        if len(matches) != 1:
            status = "missing" if not matches else "ambiguous"
>           raise CliError(
                "worker_launch_preflight_mismatch",
                f"Canonical worker runtime binding is {status} for plan "
                f"{plan_name or '<unspecified>'}: {len(matches)} candidates.",
                extra={
                    "canonical_runtime_binding": {
                        "status": status,
                        "plan_name": plan_name,
                        "candidates": [str(path.resolve(strict=False)) for path in matches],
                    }
                },
            )
E           arnold_pipelines.megaplan.types.CliError: Canonical worker runtime binding is missing for plan plan: 0 candidates.

arnold_pipelines/megaplan/chain/execution_binding.py:2176: CliError
----------------------------- Captured stderr call -----------------------------
huggingface/tokenizers: The current process just got forked, after parallelism has already been used. Disabling parallelism to avoid deadlocks...
To disable this warning, you can either:
	- Avoid using `tokenizers` before the fork if possible
	- Explicitly set the environment variable TOKENIZERS_PARALLELISM=(true | false)
=============================== warnings summary ===============================
tests/arnold_pipelines/megaplan/test_initiative_scaffold.py::test_cloud_preflight_rejects_human_gated_policy_without_override
tests/arnold_pipelines/megaplan/test_initiative_scaffold.py::test_cloud_preflight_rejects_human_gated_policy_without_override
  /Users/peteromalley/Documents/.megaplan-worktrees/runtime-convergence-execution/arnold_pipelines/megaplan/chain/spec.py:1996: UserWarning: merge_policy should only be set away from `auto` when the user explicitly requests a human PR merge gate after every milestone; `review` will park unattended/cloud chains at awaiting_pr_merge.
    return ChainSpec.from_dict(raw or {})

-- Docs: https://docs.pytest.org/en/stable/how-to/capture-warnings.html
=========================== short test summary info ============================
FAILED tests/arnold/conformance/test_behavioral_suite.py::test_suite_runs_routing_checks_for_supplied_pipeline - AssertionError: assert False is True
 +  where False = ConformanceSuiteResult(suite_id='ar1-conformance', checks=(ConformanceCheckResult(check_id='adapter-protocol', passed=...arget': None, 'notes': 'Local faster-whisper transcription requires no API key. No credential surface to broker.'}]}))).passed
FAILED tests/arnold/conformance/test_behavioral_suite.py::test_suite_runs_join_checks_for_supplied_hooks - AssertionError: assert False is True
 +  where False = ConformanceSuiteResult(suite_id='ar1-conformance', checks=(ConformanceCheckResult(check_id='adapter-protocol', passed=...arget': None, 'notes': 'Local faster-whisper transcription requires no API key. No credential surface to broker.'}]}))).passed
FAILED tests/arnold/pipeline/test_public_contract_imports.py::test_graph_era_symbols_absent_from_root_all - AssertionError: graph-era symbols in root __all__: ['StepInvocation']
assert not ['StepInvocation']
FAILED tests/arnold_pipelines/megaplan/chain/test_canary_rehearsal.py::test_canary_rehearsal_full_sequence_with_rollback_injection - AssertionError: CLI command failed: rc=1 payload={'success': False, 'error': 'capability_absent', 'message': 'pause_chain requires a minted MutationCapability bound to action, occurrence, target, and fence epoch'}
assert 1 == 0
FAILED tests/arnold_pipelines/megaplan/chain/test_canary_rehearsal.py::test_canary_rehearsal_identityless_adoption_sequence - AssertionError: {'error': 'capability_absent', 'message': 'pause_chain requires a minted MutationCapability bound to action, occurrence, target, and fence epoch', 'success': False}
assert (1 == 0)
FAILED tests/arnold_pipelines/megaplan/migration/test_occurrence_child_migration.py::test_prepare_is_provider_free_and_deterministic - TypeError: RunAuthorityView.__init__() missing 1 required positional argument: 'coherent_observations'
FAILED tests/arnold_pipelines/megaplan/migration/test_occurrence_child_migration.py::test_commit_replay_is_idempotent_and_has_one_child - TypeError: RunAuthorityView.__init__() missing 1 required positional argument: 'coherent_observations'
FAILED tests/arnold_pipelines/megaplan/migration/test_occurrence_child_migration.py::test_tampered_prepared_selector_is_rejected - TypeError: RunAuthorityView.__init__() missing 1 required positional argument: 'coherent_observations'
FAILED tests/arnold_pipelines/megaplan/migration/test_occurrence_child_migration.py::test_existing_child_with_divergent_owner_identity_is_conflict - TypeError: RunAuthorityView.__init__() missing 1 required positional argument: 'coherent_observations'
FAILED tests/arnold_pipelines/megaplan/migration/test_occurrence_child_migration.py::test_crash_after_parent_and_child_steps_recovers_without_provider - TypeError: RunAuthorityView.__init__() missing 1 required positional argument: 'coherent_observations'
FAILED tests/arnold_pipelines/megaplan/migration/test_occurrence_child_migration.py::test_stale_owner_cursor_fails_closed_before_parent_mutation - TypeError: RunAuthorityView.__init__() missing 1 required positional argument: 'coherent_observations'
FAILED tests/arnold_pipelines/megaplan/migration/test_owner_adapters.py::test_prepare_rejects_r5_projection_without_authority_records - TypeError: RunAuthorityView.__init__() missing 1 required positional argument: 'coherent_observations'
FAILED tests/arnold_pipelines/megaplan/test_baseline_capture_guard.py::test_git_tree_guard_refuses_dirty_repo_root - AssertionError: assert False is True
 +  where False = _git_tree_has_uncommitted_changes(PosixPath('/workspace/runtime-candidates/arnold-4a830c6ac9a0'))
 +    where PosixPath('/workspace/runtime-candidates/arnold-4a830c6ac9a0') = Path('/workspace/runtime-candidates/arnold-4a830c6ac9a0')
FAILED tests/arnold_pipelines/megaplan/test_cloud_quickstart.py::test_cloud_quickstart_generates_canonical_initiative_from_one_brief - subprocess.CalledProcessError: Command '['/Users/peteromalley/.pyenv/versions/3.11.11/bin/python', '-m', 'arnold_pipelines.megaplan', 'cloud', 'quickstart', '--slug', 'repair-loop', '--brief', '/private/var/folders/_w/b3tthv192m77c760dbyzvk200000gn/T/pytest-of-peteromalley/pytest-6/test_cloud_quickstart_generate0/project/brief.md', '--north-star', '/private/var/folders/_w/b3tthv192m77c760dbyzvk200000gn/T/pytest-of-peteromalley/pytest-6/test_cloud_quickstart_generate0/project/NORTHSTAR.md', '--skip-remote']' returned non-zero exit status 1.
FAILED tests/arnold_pipelines/megaplan/test_cloud_quickstart.py::test_cloud_quickstart_stdout_is_single_json_payload - subprocess.CalledProcessError: Command '['/Users/peteromalley/.pyenv/versions/3.11.11/bin/python', '-m', 'arnold_pipelines.megaplan', 'cloud', 'quickstart', '--slug', 'repair-loop', '--brief', '/private/var/folders/_w/b3tthv192m77c760dbyzvk200000gn/T/pytest-of-peteromalley/pytest-6/test_cloud_quickstart_stdout_i0/project/brief.md', '--north-star', '/private/var/folders/_w/b3tthv192m77c760dbyzvk200000gn/T/pytest-of-peteromalley/pytest-6/test_cloud_quickstart_stdout_i0/project/NORTHSTAR.md', '--skip-remote']' returned non-zero exit status 1.
FAILED tests/arnold_pipelines/megaplan/test_cloud_quickstart.py::test_cloud_quickstart_can_infer_extra_repo_workspace_from_role - subprocess.CalledProcessError: Command '['/Users/peteromalley/.pyenv/versions/3.11.11/bin/python', '-m', 'arnold_pipelines.megaplan', 'cloud', 'quickstart', '--slug', 'repair-loop', '--brief', '/private/var/folders/_w/b3tthv192m77c760dbyzvk200000gn/T/pytest-of-peteromalley/pytest-6/test_cloud_quickstart_can_infe0/project/brief.md', '--north-star', '/private/var/folders/_w/b3tthv192m77c760dbyzvk200000gn/T/pytest-of-peteromalley/pytest-6/test_cloud_quickstart_can_infe0/project/NORTHSTAR.md', '--skip-remote', '--extra-repo', 'worker=https://github.com/example/worker.git']' returned non-zero exit status 1.
FAILED tests/arnold_pipelines/megaplan/test_cloud_quickstart.py::test_cloud_quickstart_extra_repo_supports_branch_and_workspace_override - subprocess.CalledProcessError: Command '['/Users/peteromalley/.pyenv/versions/3.11.11/bin/python', '-m', 'arnold_pipelines.megaplan', 'cloud', 'quickstart', '--slug', 'repair-loop', '--brief', '/private/var/folders/_w/b3tthv192m77c760dbyzvk200000gn/T/pytest-of-peteromalley/pytest-6/test_cloud_quickstart_extra_re0/project/brief.md', '--north-star', '/private/var/folders/_w/b3tthv192m77c760dbyzvk200000gn/T/pytest-of-peteromalley/pytest-6/test_cloud_quickstart_extra_re0/project/NORTHSTAR.md', '--skip-remote', '--extra-repo', 'worker=https://github.com/example/worker.git@develop:/workspace/custom-worker']' returned non-zero exit status 1.
FAILED tests/arnold_pipelines/megaplan/test_cloud_quickstart.py::test_cloud_quickstart_extra_repo_keeps_legacy_url_workspace_form - subprocess.CalledProcessError: Command '['/Users/peteromalley/.pyenv/versions/3.11.11/bin/python', '-m', 'arnold_pipelines.megaplan', 'cloud', 'quickstart', '--slug', 'repair-loop', '--brief', '/private/var/folders/_w/b3tthv192m77c760dbyzvk200000gn/T/pytest-of-peteromalley/pytest-6/test_cloud_quickstart_extra_re1/project/brief.md', '--north-star', '/private/var/folders/_w/b3tthv192m77c760dbyzvk200000gn/T/pytest-of-peteromalley/pytest-6/test_cloud_quickstart_extra_re1/project/NORTHSTAR.md', '--skip-remote', '--extra-repo', 'https://github.com/example/worker.git@develop=/workspace/repair-loop/worker']' returned non-zero exit status 1.
FAILED tests/arnold_pipelines/megaplan/test_cloud_quickstart.py::test_multi_sprint_cloud_preflight_blocks_thin_north_star - KeyError: 'north_star_findings'
FAILED tests/arnold_pipelines/megaplan/test_cloud_quickstart.py::test_multi_sprint_cloud_preflight_accepts_filled_north_star - assert 1 == 0
 +  where 1 = CompletedProcess(args=['/Users/peteromalley/.pyenv/versions/3.11.11/bin/python', '-m', 'arnold_pipelines.megaplan', 'c...on refused: no ssh_effect_adapter installed; SSH mutations are action-off and must never run ungated"\n}\n', stderr='').returncode
FAILED tests/arnold_pipelines/megaplan/test_custody_control_plane_unattended_policy.py::test_m5a_acceptance_gate_preserves_systemic_repair_goal_custody - ValueError: substring not found
FAILED tests/arnold_pipelines/megaplan/test_launch_hermes_agent.py::test_import_runtime_treats_megaplan_agent_missing_as_legacy_fallback - AttributeError: module 'launch_hermes_agent_test' has no attribute '_import_runtime'
FAILED tests/arnold_pipelines/megaplan/test_launch_hermes_agent.py::test_model_shortcut_normalizes_chain_hermes_provider_prefix - AttributeError: module 'launch_hermes_agent_test' has no attribute '_resolve_model_shortcut'
FAILED tests/arnold_pipelines/megaplan/test_partnered_5_glm_profile.py::test_partnered_5_glm_preserves_phase_shape_with_finalize_as_only_gpt_route - AssertionError: assert {'critique': ...glm-5.2', ...} == {'critique': ...lm-5.2'], ...}
  
  Omitting 3 identical items, use -vv to show
  Differing items:
  {'loop_execute': 'hermes:zhipu:glm-5.2'} != {'loop_execute': ['hermes:deepseek:deepseek-v4-pro', 'hermes:zhipu:glm-5.2']}
  {'review': 'hermes:zhipu:glm-5.2'} != {'review': ['hermes:deepseek:deepseek-v4-pro', 'hermes:zhipu:glm-5.2']}
  {'plan': 'hermes:zhipu:glm-5.2'} != {'plan': ['hermes:deepseek:deepseek-v4-pro', 'hermes:zhipu:glm-5.2']}
  {'feedback': 'hermes:zhipu:glm-5.2'} != {'feedback': ['hermes:deepseek:deepseek-v4-pro', 'hermes:zhipu:glm-5.2']}
  {'tiebreaker_challenger': 'hermes:zhipu:glm-5.2'} != {'tiebreaker_challenger': ['hermes:deepseek:deepseek-v4-pro', 'hermes:zhipu:glm-5.2']}
  {'loop_plan': 'hermes:zhipu:glm-5.2'} != {'loop_plan': ['hermes:deepseek:deepseek-v4-pro', 'hermes:zhipu:glm-5.2']}
  {'critique_evaluator': 'hermes:zhipu:glm-5.2'} != {'critique_evaluator': ['hermes:deepseek:deepseek-v4-pro', 'hermes:zhipu:glm-5.2']}
  {'revise': 'hermes:zhipu:glm-5.2'} != {'revise': 'hermes:deepseek:deepseek-v4-flash'}
  {'tiebreaker_researcher': 'hermes:zhipu:glm-5.2'} != {'tiebreaker_researcher': ['hermes:deepseek:deepseek-v4-pro', 'hermes:zhipu:glm-5.2']}
  {'gate': 'hermes:zhipu:glm-5.2'} != {'gate': 'hermes:deepseek:deepseek-v4-pro'}
  {'execute': 'hermes:zhipu:glm-5.2'} != {'execute': ['hermes:deepseek:deepseek-v4-pro', 'hermes:zhipu:glm-5.2']}
  
  Full diff:
    {
        'critique': 'hermes:deepseek:deepseek-v4-pro',
  +     'critique_evaluator': 'hermes:zhipu:glm-5.2',
  -     'critique_evaluator': [
  -         'hermes:deepseek:deepseek-v4-pro',
  -         'hermes:zhipu:glm-5.2',
  ?     ^^^
  +     'execute': 'hermes:zhipu:glm-5.2',
  ?     ^^^^^^^^^^
  -     ],
  -     'execute': [
  -         'hermes:deepseek:deepseek-v4-pro',
  -         'hermes:zhipu:glm-5.2',
  ?     ^^^
  +     'feedback': 'hermes:zhipu:glm-5.2',
  ?     ^^^^^^^^^^^
  -     ],
  -     'feedback': [
  -         'hermes:deepseek:deepseek-v4-pro',
  -         'hermes:zhipu:glm-5.2',
  -     ],
        'finalize': 'codex:gpt-5.6-sol:high',
  -     'gate': 'hermes:deepseek:deepseek-v4-pro',
  -     'loop_execute': [
  -         'hermes:deepseek:deepseek-v4-pro',
  -         'hermes:zhipu:glm-5.2',
  ?     ^^^
  +     'gate': 'hermes:zhipu:glm-5.2',
  ?     ^^^^^^^
  +     'loop_execute': 'hermes:zhipu:glm-5.2',
  +     'loop_plan': 'hermes:zhipu:glm-5.2',
  -     ],
  -     'loop_plan': [
  -         'hermes:deepseek:deepseek-v4-pro',
  -         'hermes:zhipu:glm-5.2',
  ?     ^^^
  +     'plan': 'hermes:zhipu:glm-5.2',
  ?     ^^^^^^^
  -     ],
  -     'plan': [
  -         'hermes:deepseek:deepseek-v4-pro',
  -         'hermes:zhipu:glm-5.2',
  -     ],
        'prep': 'hermes:deepseek:deepseek-v4-pro',
  -     'review': [
  -         'hermes:deepseek:deepseek-v4-pro',
  -         'hermes:zhipu:glm-5.2',
  ?     ^^^
  +     'review': 'hermes:zhipu:glm-5.2',
  ?     ^^^^^^^^^
  -     ],
  -     'revise': 'hermes:deepseek:deepseek-v4-flash',
  -     'tiebreaker_challenger': [
  -         'hermes:deepseek:deepseek-v4-pro',
  -         'hermes:zhipu:glm-5.2',
  ?     ^^^
  +     'revise': 'hermes:zhipu:glm-5.2',
  ?     ^^^^^^^^^
  +     'tiebreaker_challenger': 'hermes:zhipu:glm-5.2',
  +     'tiebreaker_researcher': 'hermes:zhipu:glm-5.2',
  -     ],
  -     'tiebreaker_researcher': [
  -         'hermes:deepseek:deepseek-v4-pro',
  -         'hermes:zhipu:glm-5.2',
  -     ],
    }
FAILED tests/arnold_pipelines/megaplan/test_partnered_5_glm_profile.py::test_partnered_5_glm_preserves_non_gpt_phase_and_critique_routes - AssertionError: assert ['plan=hermes...glm-5.2', ...] == ['plan=hermes...-v4-pro', ...]
  
  At index 4 diff: 'revise=hermes:zhipu:glm-5.2' != 'revise=hermes:deepseek:deepseek-v4-flash'
  
  Full diff:
    [
        'plan=hermes:zhipu:glm-5.2',
        'prep=hermes:deepseek:deepseek-v4-pro',
        'critique=hermes:deepseek:deepseek-v4-pro',
        'critique_evaluator=hermes:zhipu:glm-5.2',
  -     'revise=hermes:deepseek:deepseek-v4-flash',
  -     'gate=hermes:deepseek:deepseek-v4-pro',
  +     'revise=hermes:zhipu:glm-5.2',
  +     'gate=hermes:zhipu:glm-5.2',
        'finalize=codex:gpt-5.6-sol:high',
        'execute=hermes:zhipu:glm-5.2',
        'feedback=hermes:zhipu:glm-5.2',
        'loop_plan=hermes:zhipu:glm-5.2',
        'loop_execute=hermes:zhipu:glm-5.2',
        'review=hermes:zhipu:glm-5.2',
        'tiebreaker_researcher=hermes:zhipu:glm-5.2',
        'tiebreaker_challenger=hermes:zhipu:glm-5.2',
    ]
FAILED tests/arnold_pipelines/megaplan/test_phase_handoff_custody.py::test_execute_success_atomically_arms_recoverable_review_handoff - AssertionError: assert 'active_step' not in {'active_step': {'phase': 'execute', 'worker_pid': 999999}, 'config': {}, 'current_state': 'executed', 'history': [{'result': 'success', 'step': 'execute'}], ...}
FAILED tests/arnold_pipelines/megaplan/test_phase_handoff_custody.py::test_authoritative_execute_complete_transition_still_arms_recovery - AssertionError: assert 'active_step' not in {'active_step': {'phase': 'execute', 'run_id': 'execute-run', 'worker_pid': 999999}, 'config': {}, 'current_state': 'executed', 'history': [], ...}
FAILED tests/arnold_pipelines/megaplan/test_wheel_smoke.py::TestWheelSmoke::test_skill_links_are_repository_relative_and_resolve - AssertionError: PosixPath('/Users/peteromalley/Documents/.megaplan-worktrees/runtime-convergence-execution/arnold_pipelines/megaplan/skills/megaplan/SKILL.md')
assert not True
 +  where True = is_absolute()
 +    where is_absolute = PosixPath('/Users/peteromalley/Documents/Arnold/arnold_pipelines/megaplan/data/_composed/claude_skill.md').is_absolute
 +      where PosixPath('/Users/peteromalley/Documents/Arnold/arnold_pipelines/megaplan/data/_composed/claude_skill.md') = readlink()
 +        where readlink = PosixPath('/Users/peteromalley/Documents/.megaplan-worktrees/runtime-convergence-execution/arnold_pipelines/megaplan/skills/megaplan/SKILL.md').readlink
FAILED tests/characterization/test_cli_parser_snapshot.py::TestCliParserSnapshot::test_snapshot_matches_fixture - Failed: CLI parser snapshot has diverged from the committed fixture.

If the change is intentional, regenerate the fixture with:
  python -m pytest test_cli_parser_snapshot.py --write-fixture

Changed keys:
FAILED tests/cloud/test_cloud_status_supervisor_authority.py::test_supervisor_never_restarts_when_canonical_liveness_is_unknown - AssertionError: assert 'UNKNOWN' in 'stale bookkeeping restart refused: canonical current-target liveness is not known'
FAILED tests/cloud/test_engine_runtime_repair_admission.py::test_horizon_a_admission_is_bound_to_exact_occurrence - assert False is True
FAILED tests/cloud/test_manual_repair_trigger.py::test_manual_trigger_uses_simple_fixer_delegation - arnold_pipelines.megaplan.cloud.manual_repair_trigger.ManualRepairTriggerError: L1 mutation is not authorized; set invocation-scoped ARNOLD_AUTONOMY=1 and ARNOLD_REPAIR_TRIGGER_ENABLED=1
FAILED tests/cloud/test_manual_repair_trigger.py::test_manual_trigger_rejects_legacy_trigger_bin - arnold_pipelines.megaplan.cloud.manual_repair_trigger.ManualRepairTriggerError: L1 mutation is not authorized; set invocation-scoped ARNOLD_AUTONOMY=1 and ARNOLD_REPAIR_TRIGGER_ENABLED=1
FAILED tests/cloud/test_manual_repair_trigger.py::test_manual_trigger_rejects_changed_evidence_before_queue_mutation - AssertionError: Regex pattern did not match.
  Expected regex: 'cursor'
  Actual message: 'L1 mutation is not authorized; set invocation-scoped ARNOLD_AUTONOMY=1 and ARNOLD_REPAIR_TRIGGER_ENABLED=1'
FAILED tests/cloud/test_manual_repair_trigger.py::test_manual_trigger_derives_frozen_cursor_from_matching_terminal_history - arnold_pipelines.megaplan.cloud.manual_repair_trigger.ManualRepairTriggerError: L1 mutation is not authorized; set invocation-scoped ARNOLD_AUTONOMY=1 and ARNOLD_REPAIR_TRIGGER_ENABLED=1
FAILED tests/cloud/test_manual_repair_trigger.py::test_manual_trigger_rejects_terminal_history_from_a_different_phase - AssertionError: Regex pattern did not match.
  Expected regex: 'cursor'
  Actual message: 'L1 mutation is not authorized; set invocation-scoped ARNOLD_AUTONOMY=1 and ARNOLD_REPAIR_TRIGGER_ENABLED=1'
FAILED tests/cloud/test_post_fixer_recovery_gate.py::test_false_success_without_live_canonical_runner_escalates_with_transcript_refs - AssertionError: assert 'observe' == 'meta_repair'
  
  - meta_repair
  + observe
FAILED tests/cloud/test_post_fixer_recovery_gate.py::test_bounded_followup_without_continued_progress_fails_closed - AssertionError: assert 'observe' == 'meta_repair'
  
  - meta_repair
  + observe
FAILED tests/cloud/test_recovery_decision_systemic.py::test_exhausted_deterministic_quality_dispatches_one_bounded_repair_without_human - AssertionError: assert 'human_required' == 'dispatch_l1_repair'
  
  - dispatch_l1_repair
  + human_required
FAILED tests/cloud/test_recovery_decision_systemic.py::test_status_watchdog_and_custody_share_cursor_counts_and_unclaimed_retry - AssertionError: assert 'broken_superfixer' == 'human_required'
  
  - human_required
  + broken_superfixer
FAILED tests/cloud/test_recovery_decision_systemic.py::test_stale_marker_cannot_override_newer_authoritative_recovery_evidence - AssertionError: assert False
 +  where False = _needs_human_superseded_by_authoritative_recovery(needs_human={'recorded_at': '2026-07-11T21:44:00+00:00', 'summary': 'old'}, plan_state={'current_state': 'blocked', 'history': [{'result': 'needs_rework', 'step': 'review'}, {'result': 'needs_rework', 'ste...9d5e2730b1b9cabb9ef603ca9e9c7a12323c977a11a95347b649b14be7ac', 'kind': 'quality_gate_blocked', ...}, 'name': 'c1', ...})
FAILED tests/cloud/test_watchdog_pr_reconciliation.py::test_watchdog_pr_reconciliation_fetches_missing_merge_and_relaunches_auto_chain - AssertionError: bash: -c: line 487: syntax error: unexpected end of file
  
assert 2 == 0
 +  where 2 = CompletedProcess(args=['bash', '-c', 'json_field() {\n  local marker="$1"\n  local field="$2"\n  python3 - "$marker" "....tsv\' chain \'\' \'\''], returncode=2, stdout='', stderr='bash: -c: line 487: syntax error: unexpected end of file\n').returncode
FAILED tests/cloud/test_watchdog_pr_reconciliation.py::test_watchdog_pr_reconciliation_open_pr_queues_repair_evidence_without_relaunch - AssertionError: bash: -c: line 421: syntax error: unexpected end of file
  
assert 2 == 0
 +  where 2 = CompletedProcess(args=['bash', '-c', 'reconcile_awaiting_pr_merge() {\n  local session="$1" workspace="$2" remote_spec....tsv\' chain \'\' \'\''], returncode=2, stdout='', stderr='bash: -c: line 421: syntax error: unexpected end of file\n').returncode
FAILED tests/cloud/test_watchdog_pr_reconciliation.py::test_watchdog_pr_reconciliation_preserves_existing_repair_evidence_when_still_waiting - AssertionError: bash: -c: line 421: syntax error: unexpected end of file
  
assert 2 == 0
 +  where 2 = CompletedProcess(args=['bash', '-c', 'reconcile_awaiting_pr_merge() {\n  local session="$1" workspace="$2" remote_spec....tsv\' chain \'\' \'\''], returncode=2, stdout='', stderr='bash: -c: line 421: syntax error: unexpected end of file\n').returncode
FAILED tests/cloud/test_watchdog_wrappers.py::test_long_running_superfixer_wrappers_pin_syntax_checked_source_snapshot[arnold-watchdog-ARNOLD_WATCHDOG] - assert 'trap \'rm -f -- "$ARNOLD_WATCHDOG_SNAPSHOT_PATH"\' EXIT' in '#!/usr/bin/env bash\nset -uo pipefail\n\n# The resident watchdog can outlive multiple source activations.  Bash parse... scan_once\n  scan_rc=$?\n  if [[ "$ONCE" == "--once" ]]; then\n    exit "$scan_rc"\n  fi\n  sleep "$INTERVAL"\ndone\n'
FAILED tests/cloud/test_watchdog_wrappers.py::test_host_watchdog_ensure_starts_shell_wrapped_watchdog_and_verifies_liveness - assert 'tmux new-session -d -s watchdog -c /workspace' in '#!/usr/bin/env bash\n# Ensure the megaplan watchdog is alive in the resident-only container.\n# Rewritten 2026-08-17 ...AINER procs=${watchdog_procs}"\n  exit 0\nfi\n\nlog "watchdog_restart_failed_not_alive container=$CONTAINER"\nexit 1\n'
FAILED tests/cloud/test_watchdog_wrappers.py::test_watchdog_kimi_operator_running_falls_back_to_pgid_pidfile_and_clear_removes_it - AssertionError: assert ['running'] == ['running', 'cleared']
  
  Right contains one more item: 'cleared'
  
  Full diff:
    [
        'running',
  -     'cleared',
    ]
FAILED tests/cloud/test_watchdog_wrappers.py::test_launch_chain_tick_emits_incident_detection_outcomes[stale-\nsession_health_status() { echo stale; }\nplan_phase_health_status() { echo ok; }\nplan_progress_stall_status() { echo ok; }\nchain_health_status() {\n  CHAIN_HEALTH_STATUS=ok\n  CHAIN_HEALTH_SUMMARY=\n  CHAIN_HEALTH_ARTIFACT_PATH=\n  CHAIN_HEALTH_LOG_MESSAGE=\n}\nrepair_unhealthy_session() { return 0; }\ndispatch_kimi_repair() { REPAIR_DISPATCH_RESULT=dispatched; return 0; }\nmechanical_relaunch_attempted_previously() { return 1; }\nkimi_dispatch_failed_previously() { return 1; }\nkimi_dispatch_marker_set() { :; }\nkimi_dispatch_marker_clear() { :; }\n-stale] - AssertionError: bash: -c: line 386: syntax error: unexpected end of file
  
assert 2 == 0
 +  where 2 = CompletedProcess(args=['bash', '-c', 'emit_watchdog_incident_bridge_event() {\n  local event_kind="$1"\n  local sessio....tsv\' chain \'\' \'\''], returncode=2, stdout='', stderr='bash: -c: line 386: syntax error: unexpected end of file\n').returncode
FAILED tests/cloud/test_watchdog_wrappers.py::test_launch_chain_tick_emits_incident_detection_outcomes[stopped-\nsession_health_status() { echo stopped; }\nplan_phase_health_status() { echo ok; }\nplan_progress_stall_status() { echo ok; }\nchain_health_status() {\n  CHAIN_HEALTH_STATUS=ok\n  CHAIN_HEALTH_SUMMARY=\n  CHAIN_HEALTH_ARTIFACT_PATH=\n  CHAIN_HEALTH_LOG_MESSAGE=\n}\ndispatch_kimi_repair() { REPAIR_DISPATCH_RESULT=dispatched; return 0; }\nmechanical_relaunch_attempted_previously() { return 0; }\nkimi_dispatch_failed_previously() { return 1; }\nkimi_dispatch_marker_set() { :; }\nkimi_dispatch_marker_clear() { :; }\n-stopped] - AssertionError: bash: -c: line 385: syntax error: unexpected end of file
  
assert 2 == 0
 +  where 2 = CompletedProcess(args=['bash', '-c', 'emit_watchdog_incident_bridge_event() {\n  local event_kind="$1"\n  local sessio....tsv\' chain \'\' \'\''], returncode=2, stdout='', stderr='bash: -c: line 385: syntax error: unexpected end of file\n').returncode
FAILED tests/cloud/test_watchdog_wrappers.py::test_launch_chain_tick_emits_incident_detection_outcomes[unhealthy-\nsession_health_status() { echo alive; }\nplan_phase_health_status() { echo unhealthy_plan; }\nplan_progress_stall_status() { echo ok; }\nchain_health_status() {\n  CHAIN_HEALTH_STATUS=ok\n  CHAIN_HEALTH_SUMMARY=\n  CHAIN_HEALTH_ARTIFACT_PATH=\n  CHAIN_HEALTH_LOG_MESSAGE=\n}\ndispatch_kimi_repair() { REPAIR_DISPATCH_RESULT=dispatched; return 0; }\n-unhealthy] - AssertionError: bash: -c: line 381: syntax error: unexpected end of file
  
assert 2 == 0
 +  where 2 = CompletedProcess(args=['bash', '-c', 'emit_watchdog_incident_bridge_event() {\n  local event_kind="$1"\n  local sessio....tsv\' chain \'\' \'\''], returncode=2, stdout='', stderr='bash: -c: line 381: syntax error: unexpected end of file\n').returncode
FAILED tests/cloud/test_watchdog_wrappers.py::test_launch_chain_tick_emits_incident_detection_outcomes[progress_stall-\nsession_health_status() { echo alive; }\nplan_phase_health_status() { echo ok; }\nplan_progress_stall_status() { echo progress_stall:demo-plan iteration=9; }\nchain_health_status() {\n  CHAIN_HEALTH_STATUS=ok\n  CHAIN_HEALTH_SUMMARY=\n  CHAIN_HEALTH_ARTIFACT_PATH=\n  CHAIN_HEALTH_LOG_MESSAGE=\n}\nrepair_unintended_stop() { return 0; }\ndispatch_kimi_repair() { REPAIR_DISPATCH_RESULT=dispatched; return 0; }\n-progress_stall] - AssertionError: bash: -c: line 382: syntax error: unexpected end of file
  
assert 2 == 0
 +  where 2 = CompletedProcess(args=['bash', '-c', 'emit_watchdog_incident_bridge_event() {\n  local event_kind="$1"\n  local sessio....tsv\' chain \'\' \'\''], returncode=2, stdout='', stderr='bash: -c: line 382: syntax error: unexpected end of file\n').returncode
FAILED tests/cloud/test_watchdog_wrappers.py::test_launch_chain_tick_emits_incident_detection_outcomes[chain_health_failure-\nsession_health_status() { echo dead; }\nplan_phase_health_status() { echo ok; }\nplan_progress_stall_status() { echo ok; }\nchain_health_status() {\n  CHAIN_HEALTH_STATUS=chain_large_file_push_rejection\n  CHAIN_HEALTH_SUMMARY=chain cycle detected\n  CHAIN_HEALTH_ARTIFACT_PATH=/tmp/chain-health.json\n  CHAIN_HEALTH_LOG_MESSAGE=\n}\ndispatch_kimi_repair() { REPAIR_DISPATCH_RESULT=dispatched; return 0; }\n-chain_health_failure] - AssertionError: bash: -c: line 381: syntax error: unexpected end of file
  
assert 2 == 0
 +  where 2 = CompletedProcess(args=['bash', '-c', 'emit_watchdog_incident_bridge_event() {\n  local event_kind="$1"\n  local sessio....tsv\' chain \'\' \'\''], returncode=2, stdout='', stderr='bash: -c: line 381: syntax error: unexpected end of file\n').returncode
FAILED tests/cloud/test_watchdog_wrappers.py::test_launch_chain_tick_emits_incident_detection_outcomes[state_mismatch-\nsession_health_status() { echo stopped; }\nplan_phase_health_status() { echo ok; }\nplan_progress_stall_status() { echo ok; }\nchain_health_status() {\n  CHAIN_HEALTH_STATUS=ok\n  CHAIN_HEALTH_SUMMARY=\n  CHAIN_HEALTH_ARTIFACT_PATH=\n  CHAIN_HEALTH_LOG_MESSAGE=\n}\nplan_attention_status_env() {\n  cat <<'EOF'\nPLAN_STATUS_STATE_MISMATCH=1\nPLAN_STATUS_STATE_MISMATCH_SUMMARY='plan/chain mismatch detected'\nEOF\n}\ndispatch_kimi_repair() { REPAIR_DISPATCH_RESULT=dispatched; return 0; }\n-state_mismatch] - AssertionError: bash: -c: line 387: syntax error: unexpected end of file
  
assert 2 == 0
 +  where 2 = CompletedProcess(args=['bash', '-c', 'emit_watchdog_incident_bridge_event() {\n  local event_kind="$1"\n  local sessio....tsv\' chain \'\' \'\''], returncode=2, stdout='', stderr='bash: -c: line 387: syntax error: unexpected end of file\n').returncode
FAILED tests/cloud/test_watchdog_wrappers.py::test_watchdog_auto_policy_merged_pr_fetches_origin_but_unknown_liveness_fences_relaunch - AssertionError: bash: -c: line 462: syntax error: unexpected end of file
  
assert 2 == 0
 +  where 2 = CompletedProcess(args=['bash', '-c', 'json_field() {\n  local marker="$1"\n  local field="$2"\n  python3 - "$marker" "....tsv\' chain \'\' \'\''], returncode=2, stdout='', stderr='bash: -c: line 462: syntax error: unexpected end of file\n').returncode
FAILED tests/cloud/test_watchdog_wrappers.py::test_watchdog_auto_policy_open_pr_queues_evidence_and_preserves_wait - AssertionError: bash: -c: line 426: syntax error: unexpected end of file
  
assert 2 == 0
 +  where 2 = CompletedProcess(args=['bash', '-c', 'reconcile_awaiting_pr_merge() {\n  local session="$1" workspace="$2" remote_spec....tsv\' chain \'\' \'\''], returncode=2, stdout='', stderr='bash: -c: line 426: syntax error: unexpected end of file\n').returncode
FAILED tests/cloud/test_watchdog_wrappers.py::test_watchdog_relaunch_materializers_are_non_authoritative - AssertionError: {'_generator': 'default_plan_relaunch', 'accepted_repair_requires_canonical_delegation': True, 'can_become_accepted_repair_on_success': False, 'canonical_delegation_path': 'simple_fixer.singleton_claim.exact_f01_tuple', ...}
assert '' != ''
FAILED tests/cloud/test_watchdog_wrappers.py::test_watchdog_relaunch_commands_bind_only_accepted_root_on_pythonpath[watchdog] - AssertionError: chain_runtime_binding_drift: relaunch preflight missing workspace or session identity
  
assert 24 == 0
 +  where 24 = CompletedProcess(args=['bash', '-c', 'chain_engine_root_preflight() {\n  local workspace="$1"\n  local remote_spec="$2...rncode=24, stdout='', stderr='chain_runtime_binding_drift: relaunch preflight missing workspace or session identity\n').returncode
FAILED tests/cloud/test_watchdog_wrappers.py::test_watchdog_relaunch_launch_ignores_poisoned_shared_root_pythonpath[watchdog] - AssertionError: chain_runtime_binding_drift: relaunch preflight missing workspace or session identity
  
assert 24 == 0
 +  where 24 = CompletedProcess(args=['bash', '-c', 'chain_engine_root_preflight() {\n  local workspace="$1"\n  local remote_spec="$2...rncode=24, stdout='', stderr='chain_runtime_binding_drift: relaunch preflight missing workspace or session identity\n').returncode
FAILED tests/cloud/test_watchdog_wrappers.py::test_watchdog_plan_markers_relaunch_with_auto_not_chain_start - assert 'python3 -P -m arnold_pipelines.megaplan auto --plan demo-plan' in ''
 +  where '' = CompletedProcess(args=['bash', '-c', 'chain_engine_root_preflight() {\n  local workspace="$1"\n  local remote_spec="$2...t='', stderr='chain_runtime_binding_drift: session runtime manifest missing: /workspace/.megaplan/demo-session.json\n').stdout
FAILED tests/cloud/test_watchdog_wrappers.py::test_watchdog_stale_marker_relaunch_command_regenerates_clean_runtime_chain_command - AssertionError: chain_runtime_binding_drift: session runtime manifest missing: /workspace/.megaplan/progress-auditor-stage-metrics.json
  
assert 24 == 0
 +  where 24 = CompletedProcess(args=['bash', '-c', 'chain_engine_root_preflight() {\n  local workspace="$1"\n  local remote_spec="$2...n_runtime_binding_drift: session runtime manifest missing: /workspace/.megaplan/progress-auditor-stage-metrics.json\n').returncode
FAILED tests/cloud/test_watchdog_wrappers.py::test_watchdog_nonstale_marker_relaunch_command_is_preserved - AssertionError: chain_runtime_binding_drift: session runtime manifest missing: /workspace/.megaplan/demo-session.json
  
assert 24 == 0
 +  where 24 = CompletedProcess(args=['bash', '-c', 'chain_engine_root_preflight() {\n  local workspace="$1"\n  local remote_spec="$2...t='', stderr='chain_runtime_binding_drift: session runtime manifest missing: /workspace/.megaplan/demo-session.json\n').returncode
FAILED tests/cloud/test_watchdog_wrappers.py::test_chain_resume_authority_outranks_marker_command_and_discovers_plan[watchdog] - AssertionError: chain_runtime_binding_drift: session runtime manifest missing: /workspace/.megaplan/demo-session.json
  
assert 24 == 0
 +  where 24 = CompletedProcess(args=['bash', '-c', 'chain_engine_root_preflight() {\n  local workspace="$1"\n  local remote_spec="$2...t='', stderr='chain_runtime_binding_drift: session runtime manifest missing: /workspace/.megaplan/demo-session.json\n').returncode
FAILED tests/cloud/test_watchdog_wrappers.py::test_persisted_push_capable_marker_command_is_always_regenerated[watchdog] - AssertionError: chain_runtime_binding_drift: session runtime manifest missing: /workspace/.megaplan/demo-session.json
  
assert 24 == 0
 +  where 24 = CompletedProcess(args=['bash', '-c', 'chain_engine_root_preflight() {\n  local workspace="$1"\n  local remote_spec="$2...t='', stderr='chain_runtime_binding_drift: session runtime manifest missing: /workspace/.megaplan/demo-session.json\n').returncode
FAILED tests/cloud/test_watchdog_wrappers.py::test_persisted_install_capable_marker_command_is_always_regenerated[watchdog] - AssertionError: chain_runtime_binding_drift: session runtime manifest missing: /workspace/.megaplan/demo-session.json
  
assert 24 == 0
 +  where 24 = CompletedProcess(args=['bash', '-c', 'chain_engine_root_preflight() {\n  local workspace="$1"\n  local remote_spec="$2...t='', stderr='chain_runtime_binding_drift: session runtime manifest missing: /workspace/.megaplan/demo-session.json\n').returncode
FAILED tests/cloud/test_watchdog_wrappers.py::test_persisted_shared_root_invocation_marker_is_regenerated[/workspace/arnold/bin/python -P -m arnold_pipelines.megaplan chain start --spec chain.yaml-watchdog] - AssertionError: chain_runtime_binding_drift: session runtime manifest missing: /workspace/.megaplan/demo-session.json
  
assert 24 == 0
 +  where 24 = CompletedProcess(args=['bash', '-c', 'chain_engine_root_preflight() {\n  local workspace="$1"\n  local remote_spec="$2...t='', stderr='chain_runtime_binding_drift: session runtime manifest missing: /workspace/.megaplan/demo-session.json\n').returncode
FAILED tests/cloud/test_watchdog_wrappers.py::test_persisted_shared_root_invocation_marker_is_regenerated[env ARNOLD_SRC=/workspace/arnold /workspace/arnold/bin/python -P -m arnold_pipelines.megaplan chain start-watchdog] - AssertionError: chain_runtime_binding_drift: session runtime manifest missing: /workspace/.megaplan/demo-session.json
  
assert 24 == 0
 +  where 24 = CompletedProcess(args=['bash', '-c', 'chain_engine_root_preflight() {\n  local workspace="$1"\n  local remote_spec="$2...t='', stderr='chain_runtime_binding_drift: session runtime manifest missing: /workspace/.megaplan/demo-session.json\n').returncode
FAILED tests/cloud/test_watchdog_wrappers.py::test_persisted_per_epic_invocation_marker_is_preserved[watchdog] - AssertionError: chain_runtime_binding_drift: session runtime manifest missing: /workspace/.megaplan/demo-session.json
  
assert 24 == 0
 +  where 24 = CompletedProcess(args=['bash', '-c', 'chain_engine_root_preflight() {\n  local workspace="$1"\n  local remote_spec="$2...t='', stderr='chain_runtime_binding_drift: session runtime manifest missing: /workspace/.megaplan/demo-session.json\n').returncode
FAILED tests/cloud/test_watchdog_wrappers.py::test_persisted_shared_root_param_expansion_marker_is_regenerated[MEGAPLAN_RUNTIME_SRC=${MEGAPLAN_RUNTIME_SRC:-/workspace/arnold} python -P -m arnold_pipelines.megaplan chain start --spec chain.yaml-watchdog] - AssertionError: chain_runtime_binding_drift: session runtime manifest missing: /workspace/.megaplan/demo-session.json
  
assert 24 == 0
 +  where 24 = CompletedProcess(args=['bash', '-c', 'chain_engine_root_preflight() {\n  local workspace="$1"\n  local remote_spec="$2...t='', stderr='chain_runtime_binding_drift: session runtime manifest missing: /workspace/.megaplan/demo-session.json\n').returncode
FAILED tests/cloud/test_watchdog_wrappers.py::test_persisted_shared_root_param_expansion_marker_is_regenerated[cd ${MEGAPLAN_RUNTIME_SRC:=/workspace/arnold} && python -P -m arnold_pipelines.megaplan chain start --spec chain.yaml-watchdog] - AssertionError: chain_runtime_binding_drift: session runtime manifest missing: /workspace/.megaplan/demo-session.json
  
assert 24 == 0
 +  where 24 = CompletedProcess(args=['bash', '-c', 'chain_engine_root_preflight() {\n  local workspace="$1"\n  local remote_spec="$2...t='', stderr='chain_runtime_binding_drift: session runtime manifest missing: /workspace/.megaplan/demo-session.json\n').returncode
FAILED tests/cloud/test_watchdog_wrappers.py::test_persisted_shared_root_param_expansion_marker_is_regenerated[${MEGAPLAN_RUNTIME_SRC:+/workspace/arnold}/bin/python -P -m arnold_pipelines.megaplan chain start --spec chain.yaml-watchdog] - AssertionError: chain_runtime_binding_drift: session runtime manifest missing: /workspace/.megaplan/demo-session.json
  
assert 24 == 0
 +  where 24 = CompletedProcess(args=['bash', '-c', 'chain_engine_root_preflight() {\n  local workspace="$1"\n  local remote_spec="$2...t='', stderr='chain_runtime_binding_drift: session runtime manifest missing: /workspace/.megaplan/demo-session.json\n').returncode
FAILED tests/cloud/test_watchdog_wrappers.py::test_persisted_per_epic_param_expansion_marker_is_preserved[watchdog] - AssertionError: chain_runtime_binding_drift: session runtime manifest missing: /workspace/.megaplan/demo-session.json
  
assert 24 == 0
 +  where 24 = CompletedProcess(args=['bash', '-c', 'chain_engine_root_preflight() {\n  local workspace="$1"\n  local remote_spec="$2...t='', stderr='chain_runtime_binding_drift: session runtime manifest missing: /workspace/.megaplan/demo-session.json\n').returncode
FAILED tests/cloud/test_watchdog_wrappers.py::test_persisted_foreign_per_epic_marker_command_is_regenerated[PYTHONPATH=/workspace/runtime-candidates/arnold-old:${PYTHONPATH:-} python -P -m arnold_pipelines.megaplan chain start --spec chain.yaml-watchdog] - AssertionError: chain_runtime_binding_drift: session runtime manifest missing: /workspace/.megaplan/demo-session.json
  
assert 24 == 0
 +  where 24 = CompletedProcess(args=['bash', '-c', 'chain_engine_root_preflight() {\n  local workspace="$1"\n  local remote_spec="$2...t='', stderr='chain_runtime_binding_drift: session runtime manifest missing: /workspace/.megaplan/demo-session.json\n').returncode
FAILED tests/cloud/test_watchdog_wrappers.py::test_persisted_foreign_per_epic_marker_command_is_regenerated[cd /workspace/runtime-candidates/arnold-old && python -P -m arnold_pipelines.megaplan chain start --spec chain.yaml-watchdog] - AssertionError: chain_runtime_binding_drift: session runtime manifest missing: /workspace/.megaplan/demo-session.json
  
assert 24 == 0
 +  where 24 = CompletedProcess(args=['bash', '-c', 'chain_engine_root_preflight() {\n  local workspace="$1"\n  local remote_spec="$2...t='', stderr='chain_runtime_binding_drift: session runtime manifest missing: /workspace/.megaplan/demo-session.json\n').returncode
FAILED tests/cloud/test_watchdog_wrappers.py::test_persisted_foreign_per_epic_marker_command_is_regenerated[/workspace/runtime-candidates/arnold-old/bin/python -P -m arnold_pipelines.megaplan chain start --spec chain.yaml-watchdog] - AssertionError: chain_runtime_binding_drift: session runtime manifest missing: /workspace/.megaplan/demo-session.json
  
assert 24 == 0
 +  where 24 = CompletedProcess(args=['bash', '-c', 'chain_engine_root_preflight() {\n  local workspace="$1"\n  local remote_spec="$2...t='', stderr='chain_runtime_binding_drift: session runtime manifest missing: /workspace/.megaplan/demo-session.json\n').returncode
FAILED tests/cloud/test_watchdog_wrappers.py::test_persisted_accepted_root_marker_command_is_preserved[cd {root} && python -P -m arnold_pipelines.megaplan chain start --spec chain.yaml-watchdog] - AssertionError: chain_runtime_binding_drift: session runtime manifest missing: /workspace/.megaplan/demo-session.json
  
assert 24 == 0
 +  where 24 = CompletedProcess(args=['bash', '-c', 'chain_engine_root_preflight() {\n  local workspace="$1"\n  local remote_spec="$2...t='', stderr='chain_runtime_binding_drift: session runtime manifest missing: /workspace/.megaplan/demo-session.json\n').returncode
FAILED tests/cloud/test_watchdog_wrappers.py::test_persisted_accepted_root_marker_command_is_preserved[PYTHONPATH={root}:${{PYTHONPATH:-}} python -P -m arnold_pipelines.megaplan chain start --spec chain.yaml-watchdog] - AssertionError: chain_runtime_binding_drift: session runtime manifest missing: /workspace/.megaplan/demo-session.json
  
assert 24 == 0
 +  where 24 = CompletedProcess(args=['bash', '-c', 'chain_engine_root_preflight() {\n  local workspace="$1"\n  local remote_spec="$2...t='', stderr='chain_runtime_binding_drift: session runtime manifest missing: /workspace/.megaplan/demo-session.json\n').returncode
FAILED tests/cloud/test_watchdog_wrappers.py::test_persisted_accepted_root_marker_command_is_preserved[{root}/bin/python -P -m arnold_pipelines.megaplan chain start --spec chain.yaml-watchdog] - AssertionError: chain_runtime_binding_drift: session runtime manifest missing: /workspace/.megaplan/demo-session.json
  
assert 24 == 0
 +  where 24 = CompletedProcess(args=['bash', '-c', 'chain_engine_root_preflight() {\n  local workspace="$1"\n  local remote_spec="$2...t='', stderr='chain_runtime_binding_drift: session runtime manifest missing: /workspace/.megaplan/demo-session.json\n').returncode
FAILED tests/cloud/test_watchdog_wrappers.py::test_watchdog_chain_relaunch_prefers_plan_resume_for_external_resume_required - AssertionError: chain_runtime_binding_drift: session runtime manifest missing: /workspace/.megaplan/demo-session.json
  
assert 24 == 0
 +  where 24 = CompletedProcess(args=['bash', '-c', 'chain_engine_root_preflight() {\n  local workspace="$1"\n  local remote_spec="$2...t='', stderr='chain_runtime_binding_drift: session runtime manifest missing: /workspace/.megaplan/demo-session.json\n').returncode
FAILED tests/cloud/test_watchdog_wrappers.py::test_watchdog_done_plan_reports_complete_without_repair_or_relaunch - AssertionError: bash: -c: line 924: syntax error: unexpected end of file
  
assert 2 == 0
 +  where 2 = CompletedProcess(args=['bash', '-c', 'kimi_dispatch_marker_path() {\n  printf \'%s/%s.kimi-dispatch\' "$MARKER_DIR" "$...ain \'demo-plan\' \'\''], returncode=2, stdout='', stderr='bash: -c: line 924: syntax error: unexpected end of file\n').returncode
FAILED tests/cloud/test_watchdog_wrappers.py::test_watchdog_done_plan_without_marker_plan_name_uses_newest_plan_dir - AssertionError: bash: -c: line 882: syntax error: unexpected end of file
  
assert 2 == 0
 +  where 2 = CompletedProcess(args=['bash', '-c', 'plan_attention_status_env() {\n  local workspace="$1"\n  local remote_spec_path=...t.tsv\' plan \'\' \'\''], returncode=2, stdout='', stderr='bash: -c: line 882: syntax error: unexpected end of file\n').returncode
FAILED tests/cloud/test_watchdog_wrappers.py::test_watchdog_manual_review_plan_state_reports_needs_human_not_complete - AssertionError: bash: -c: line 2456: syntax error: unexpected end of file
  
assert 2 == 0
 +  where 2 = CompletedProcess(args=['bash', '-c', 'plan_attention_status_env() {\n  local workspace="$1"\n  local remote_spec_path=...an \'demo-plan\' \'\''], returncode=2, stdout='', stderr='bash: -c: line 2456: syntax error: unexpected end of file\n').returncode
FAILED tests/cloud/test_watchdog_wrappers.py::test_watchdog_blocked_recovery_manual_review_dispatches_repair_before_needs_human - AssertionError: bash: -c: line 2456: syntax error: unexpected end of file
  
assert 2 == 0
 +  where 2 = CompletedProcess(args=['bash', '-c', 'plan_attention_status_env() {\n  local workspace="$1"\n  local remote_spec_path=...an \'demo-plan\' \'\''], returncode=2, stdout='', stderr='bash: -c: line 2456: syntax error: unexpected end of file\n').returncode
FAILED tests/cloud/test_watchdog_wrappers.py::test_watchdog_auto_stall_manual_review_dispatches_repair_before_needs_human - AssertionError: bash: -c: line 2461: syntax error: unexpected end of file
  
assert 2 == 0
 +  where 2 = CompletedProcess(args=['bash', '-c', 'plan_attention_status_env() {\n  local workspace="$1"\n  local remote_spec_path=...an \'demo-plan\' \'\''], returncode=2, stdout='', stderr='bash: -c: line 2461: syntax error: unexpected end of file\n').returncode
FAILED tests/cloud/test_watchdog_wrappers.py::test_watchdog_legacy_stalled_manual_review_dispatches_repair_before_needs_human - AssertionError: bash: -c: line 2461: syntax error: unexpected end of file
  
assert 2 == 0
 +  where 2 = CompletedProcess(args=['bash', '-c', 'plan_attention_status_env() {\n  local workspace="$1"\n  local remote_spec_path=...an \'demo-plan\' \'\''], returncode=2, stdout='', stderr='bash: -c: line 2461: syntax error: unexpected end of file\n').returncode
FAILED tests/cloud/test_watchdog_wrappers.py::test_watchdog_awaiting_human_plan_state_routes_to_notification_not_repair - AssertionError: bash: -c: line 2461: syntax error: unexpected end of file
  
assert 2 == 0
 +  where 2 = CompletedProcess(args=['bash', '-c', 'plan_attention_status_env() {\n  local workspace="$1"\n  local remote_spec_path=...an \'demo-plan\' \'\''], returncode=2, stdout='', stderr='bash: -c: line 2461: syntax error: unexpected end of file\n').returncode
FAILED tests/cloud/test_watchdog_wrappers.py::test_watchdog_awaiting_human_verify_prep_routes_to_notification_not_repair - AssertionError: bash: -c: line 2461: syntax error: unexpected end of file
  
assert 2 == 0
 +  where 2 = CompletedProcess(args=['bash', '-c', 'plan_attention_status_env() {\n  local workspace="$1"\n  local remote_spec_path=...an \'demo-plan\' \'\''], returncode=2, stdout='', stderr='bash: -c: line 2461: syntax error: unexpected end of file\n').returncode
FAILED tests/cloud/test_watchdog_wrappers.py::test_watchdog_nonterminal_plan_state_mechanically_relaunches_before_kimi - AssertionError: bash: -c: line 912: syntax error: unexpected end of file
  
assert 2 == 0
 +  where 2 = CompletedProcess(args=['bash', '-c', 'kimi_dispatch_marker_path() {\n  printf \'%s/%s.kimi-dispatch\' "$MARKER_DIR" "$...lan \'demo-plan\' \'\''], returncode=2, stdout='', stderr='bash: -c: line 912: syntax error: unexpected end of file\n').returncode
FAILED tests/cloud/test_watchdog_wrappers.py::test_watchdog_direct_relaunch_emits_fallback_events_before_launch - AssertionError: bash: -c: line 319: syntax error: unexpected end of file
  
assert 2 == 0
 +  where 2 = CompletedProcess(args=['bash', '-c', 'kimi_dispatch_marker_path() {\n  printf \'%s/%s.kimi-dispatch\' "$MARKER_DIR" "$....tsv\' chain \'\' \'\''], returncode=2, stdout='', stderr='bash: -c: line 319: syntax error: unexpected end of file\n').returncode
FAILED tests/cloud/test_watchdog_wrappers.py::test_watchdog_direct_relaunch_ledger_failure_blocks_marker_and_launch - AssertionError: bash: -c: line 319: syntax error: unexpected end of file
  
assert 2 == 0
 +  where 2 = CompletedProcess(args=['bash', '-c', 'kimi_dispatch_marker_path() {\n  printf \'%s/%s.kimi-dispatch\' "$MARKER_DIR" "$....tsv\' chain \'\' \'\''], returncode=2, stdout='', stderr='bash: -c: line 319: syntax error: unexpected end of file\n').returncode
FAILED tests/cloud/test_watchdog_wrappers.py::test_watchdog_launch_tick_missing_manifest_pin_fails_closed_before_install_and_tmux - AssertionError: bash: -c: line 419: syntax error: unexpected end of file
  
assert 2 == 24
 +  where 2 = CompletedProcess(args=['bash', '-c', 'kimi_dispatch_marker_path() {\n  printf \'%s/%s.kimi-dispatch\' "$MARKER_DIR" "$....tsv\' chain \'\' \'\''], returncode=2, stdout='', stderr='bash: -c: line 419: syntax error: unexpected end of file\n').returncode
FAILED tests/cloud/test_watchdog_wrappers.py::test_watchdog_fences_mechanical_relaunch_for_phase_contract_failure - AssertionError: bash: -c: line 875: syntax error: unexpected end of file
  
assert 2 == 0
 +  where 2 = CompletedProcess(args=['bash', '-c', 'plan_attention_status_env() {\n  local workspace="$1"\n  local remote_spec_path=...-exact-contract\' \'\''], returncode=2, stdout='', stderr='bash: -c: line 875: syntax error: unexpected end of file\n').returncode
FAILED tests/cloud/test_watchdog_wrappers.py::test_watchdog_manual_review_superfixer_resolves_renderer_from_live_engine - AssertionError: RC=1
  
assert 'RC=0' in 'RC=1\n'
 +  where 'RC=1\n' = CompletedProcess(args=['bash', '-c', 'babysitter_occurrence_digest() {\n  local session="$1"\n  local workspace="$2"\n...er launch failed session=critique-r5 err=render_babysitter_goal() got an unexpected keyword argument 'recovery_dir'\n").stdout
FAILED tests/cloud/test_watchdog_wrappers.py::test_watchdog_chain_session_is_not_short_circuited_by_done_plan_state - AssertionError: bash: -c: line 893: syntax error: unexpected end of file
  
assert 2 == 0
 +  where 2 = CompletedProcess(args=['bash', '-c', 'plan_attention_status_env() {\n  local workspace="$1"\n  local remote_spec_path=....tsv\' chain \'\' \'\''], returncode=2, stdout='', stderr='bash: -c: line 893: syntax error: unexpected end of file\n').returncode
FAILED tests/cloud/test_watchdog_wrappers.py::test_watchdog_unreadable_plan_state_falls_through_to_existing_stopped_path - AssertionError: bash: -c: line 912: syntax error: unexpected end of file
  
assert 2 == 0
 +  where 2 = CompletedProcess(args=['bash', '-c', 'kimi_dispatch_marker_path() {\n  printf \'%s/%s.kimi-dispatch\' "$MARKER_DIR" "$...ain \'demo-plan\' \'\''], returncode=2, stdout='', stderr='bash: -c: line 912: syntax error: unexpected end of file\n').returncode
FAILED tests/cloud/test_watchdog_wrappers.py::test_watchdog_manual_review_chain_state_reports_needs_human_without_relaunch_or_kimi - AssertionError: bash: -c: line 2409: syntax error: unexpected end of file
  
assert 2 == 0
 +  where 2 = CompletedProcess(args=['bash', '-c', 'plan_attention_status_env() {\n  local workspace="$1"\n  local remote_spec_path=...tsv\' chain \'\' \'\''], returncode=2, stdout='', stderr='bash: -c: line 2409: syntax error: unexpected end of file\n').returncode
FAILED tests/cloud/test_watchdog_wrappers.py::test_watchdog_manual_review_repairable_fixture_dispatches_l1_without_needs_human - AssertionError: bash: -c: line 2421: syntax error: unexpected end of file
  
assert 2 == 0
 +  where 2 = CompletedProcess(args=['bash', '-c', 'plan_attention_status_env() {\n  local workspace="$1"\n  local remote_spec_path=...tsv\' chain \'\' \'\''], returncode=2, stdout='', stderr='bash: -c: line 2421: syntax error: unexpected end of file\n').returncode
FAILED tests/cloud/test_watchdog_wrappers.py::test_watchdog_execution_blocked_manual_review_dispatches_l1_without_needs_human - AssertionError: bash: -c: line 2421: syntax error: unexpected end of file
  
assert 2 == 0
 +  where 2 = CompletedProcess(args=['bash', '-c', 'plan_attention_status_env() {\n  local workspace="$1"\n  local remote_spec_path=...tsv\' chain \'\' \'\''], returncode=2, stdout='', stderr='bash: -c: line 2421: syntax error: unexpected end of file\n').returncode
FAILED tests/cloud/test_watchdog_wrappers.py::test_watchdog_awaiting_human_chain_state_dispatches_repair_before_needs_human - AssertionError: bash: -c: line 2414: syntax error: unexpected end of file
  
assert 2 == 0
 +  where 2 = CompletedProcess(args=['bash', '-c', 'plan_attention_status_env() {\n  local workspace="$1"\n  local remote_spec_path=...tsv\' chain \'\' \'\''], returncode=2, stdout='', stderr='bash: -c: line 2414: syntax error: unexpected end of file\n').returncode
FAILED tests/cloud/test_watchdog_wrappers.py::test_watchdog_awaiting_human_verify_chain_state_routes_to_notification_before_relaunch - AssertionError: bash: -c: line 2420: syntax error: unexpected end of file
  
assert 2 == 0
 +  where 2 = CompletedProcess(args=['bash', '-c', 'plan_attention_status_env() {\n  local workspace="$1"\n  local remote_spec_path=...tsv\' chain \'\' \'\''], returncode=2, stdout='', stderr='bash: -c: line 2420: syntax error: unexpected end of file\n').returncode
FAILED tests/cloud/test_watchdog_wrappers.py::test_watchdog_completed_chain_state_reports_complete_without_repair - AssertionError: bash: -c: line 2409: syntax error: unexpected end of file
  
assert 2 == 0
 +  where 2 = CompletedProcess(args=['bash', '-c', 'plan_attention_status_env() {\n  local workspace="$1"\n  local remote_spec_path=...tsv\' chain \'\' \'\''], returncode=2, stdout='', stderr='bash: -c: line 2409: syntax error: unexpected end of file\n').returncode
FAILED tests/cloud/test_watchdog_wrappers.py::test_watchdog_partial_done_chain_state_relaunches_next_milestone - AssertionError: bash: -c: line 2691: syntax error: unexpected end of file
  
assert 2 == 0
 +  where 2 = CompletedProcess(args=['bash', '-c', 'plan_attention_status_env() {\n  local workspace="$1"\n  local remote_spec_path=...tsv\' chain \'\' \'\''], returncode=2, stdout='', stderr='bash: -c: line 2691: syntax error: unexpected end of file\n').returncode
FAILED tests/cloud/test_watchdog_wrappers.py::test_watchdog_missing_chain_spec_uses_terminal_chain_state_without_repair - AssertionError: bash: -c: line 2691: syntax error: unexpected end of file
  
assert 2 == 0
 +  where 2 = CompletedProcess(args=['bash', '-c', 'session_terminal_status() {\n  local session="$1"\n  local workspace="$2"\n  loc...tsv\' chain \'\' \'\''], returncode=2, stdout='', stderr='bash: -c: line 2691: syntax error: unexpected end of file\n').returncode
FAILED tests/cloud/test_watchdog_wrappers.py::test_watchdog_missing_workspace_uses_completed_repair_history_without_repair - AssertionError: bash: -c: line 2691: syntax error: unexpected end of file
  
assert 2 == 0
 +  where 2 = CompletedProcess(args=['bash', '-c', 'session_terminal_status() {\n  local session="$1"\n  local workspace="$2"\n  loc...tsv\' chain \'\' \'\''], returncode=2, stdout='', stderr='bash: -c: line 2691: syntax error: unexpected end of file\n').returncode
FAILED tests/cloud/test_watchdog_wrappers.py::test_watchdog_env_gone_clears_artifacts_after_strikes_threshold - AssertionError: bash: -c: line 2838: syntax error: unexpected end of file
  
assert 2 == 0
 +  where 2 = CompletedProcess(args=['bash', '-c', 'session_terminal_status() {\n  local session="$1"\n  local workspace="$2"\n  loc...tsv\' chain \'\' \'\''], returncode=2, stdout='', stderr='bash: -c: line 2838: syntax error: unexpected end of file\n').returncode
FAILED tests/cloud/test_watchdog_wrappers.py::test_watchdog_env_gone_below_threshold_does_not_clear - AssertionError: bash: -c: line 2838: syntax error: unexpected end of file
  
assert 2 == 0
 +  where 2 = CompletedProcess(args=['bash', '-c', 'session_terminal_status() {\n  local session="$1"\n  local workspace="$2"\n  loc...tsv\' chain \'\' \'\''], returncode=2, stdout='', stderr='bash: -c: line 2838: syntax error: unexpected end of file\n').returncode
FAILED tests/cloud/test_watchdog_wrappers.py::test_watchdog_env_gone_with_completed_history_still_treated_as_complete - AssertionError: bash: -c: line 2838: syntax error: unexpected end of file
  
assert 2 == 0
 +  where 2 = CompletedProcess(args=['bash', '-c', 'session_terminal_status() {\n  local session="$1"\n  local workspace="$2"\n  loc...tsv\' chain \'\' \'\''], returncode=2, stdout='', stderr='bash: -c: line 2838: syntax error: unexpected end of file\n').returncode
FAILED tests/cloud/test_watchdog_wrappers.py::test_watchdog_env_gone_recovers_when_workspace_returns - AssertionError: assert not True
 +  where True = exists()
 +    where exists = PosixPath('/private/var/folders/_w/b3tthv192m77c760dbyzvk200000gn/T/pytest-of-peteromalley/pytest-6/test_watchdog_env_gone_recover0/markers/demo-chain.env-gone').exists
FAILED tests/cloud/test_watchdog_wrappers.py::test_watchdog_missing_base_ref_chain_state_reports_needs_human_without_plan_state - AssertionError: bash: -c: line 2402: syntax error: unexpected end of file
  
assert 2 == 0
 +  where 2 = CompletedProcess(args=['bash', '-c', 'plan_attention_status_env() {\n  local workspace="$1"\n  local remote_spec_path=...tsv\' chain \'\' \'\''], returncode=2, stdout='', stderr='bash: -c: line 2402: syntax error: unexpected end of file\n').returncode
FAILED tests/cloud/test_watchdog_wrappers.py::test_watchdog_scan_once_completes_when_chain_state_is_unreadable - AssertionError: bash: -c: line 895: syntax error near unexpected token `)'
  bash: -c: line 895: `)'
  
assert 2 == 0
 +  where 2 = CompletedProcess(args=['bash', '-c', 'json_field() {\n  local marker="$1"\n  local field="$2"\n  python3 - "$marker" "...eturncode=2, stdout='', stderr="bash: -c: line 895: syntax error near unexpected token `)'\nbash: -c: line 895: `)'\n").returncode
FAILED tests/cloud/test_watchdog_wrappers.py::test_watchdog_resolves_relative_chain_specs_against_workspace - AssertionError: bash: -c: line 238: syntax error: unexpected end of file
  
assert 2 == 0
 +  where 2 = CompletedProcess(args=['bash', '-c', 'launch_chain_tick() {\n  local session="$1"\n  local workspace="$2"\n  local rem....tsv\' chain \'\' \'\''], returncode=2, stdout='', stderr='bash: -c: line 238: syntax error: unexpected end of file\n').returncode
FAILED tests/cloud/test_watchdog_wrappers.py::test_watchdog_repair_loop_needs_human_sidecar_short_circuits_relaunch - AssertionError: bash: -c: line 404: syntax error: unexpected end of file
  
assert 2 == 0
 +  where 2 = CompletedProcess(args=['bash', '-c', 'repair_needs_human_path() {\n  printf \'%s/%s.needs-human.json\' "$REPAIR_DATA_D....tsv\' chain \'\' \'\''], returncode=2, stdout='', stderr='bash: -c: line 404: syntax error: unexpected end of file\n').returncode
FAILED tests/cloud/test_watchdog_wrappers.py::test_watchdog_clears_stale_parent_sidecar_when_child_session_alive - AssertionError: bash: -c: line 422: syntax error: unexpected end of file
  
assert 2 == 0
 +  where 2 = CompletedProcess(args=['bash', '-c', 'repair_needs_human_path() {\n  printf \'%s/%s.needs-human.json\' "$REPAIR_DATA_D....tsv\' chain \'\' \'\''], returncode=2, stdout='', stderr='bash: -c: line 422: syntax error: unexpected end of file\n').returncode
FAILED tests/cloud/test_watchdog_wrappers.py::test_watchdog_clears_stale_needs_human_sidecar_for_superseded_plan - AssertionError: bash: -c: line 2567: syntax error: unexpected end of file
  
assert 2 == 0
 +  where 2 = CompletedProcess(args=['bash', '-c', 'plan_attention_status_env() {\n  local workspace="$1"\n  local remote_spec_path=...tsv\' chain \'\' \'\''], returncode=2, stdout='', stderr='bash: -c: line 2567: syntax error: unexpected end of file\n').returncode
FAILED tests/cloud/test_watchdog_wrappers.py::test_launch_chain_tick_superfixer_skips_kimi_fallthrough - AssertionError: bash: -c: line 1238: syntax error: unexpected end of file
  
assert 2 == 0
 +  where 2 = CompletedProcess(args=['bash', '-c', 'babysitter_occurrence_digest() {\n  local session="$1"\n  local workspace="$2"\n...tsv\' chain \'\' \'\''], returncode=2, stdout='', stderr='bash: -c: line 1238: syntax error: unexpected end of file\n').returncode
FAILED tests/cloud/test_watchdog_wrappers.py::test_watchdog_chain_health_short_circuits_plan_repair_dispatch - AssertionError: bash: -c: line 264: syntax error: unexpected end of file
  
assert 2 == 0
 +  where 2 = CompletedProcess(args=['bash', '-c', 'launch_chain_tick() {\n  local session="$1"\n  local workspace="$2"\n  local rem....tsv\' chain \'\' \'\''], returncode=2, stdout='', stderr='bash: -c: line 264: syntax error: unexpected end of file\n').returncode
FAILED tests/cloud/test_watchdog_wrappers.py::test_watchdog_alive_by_process_prevents_relaunch - AssertionError: bash: -c: line 280: syntax error: unexpected end of file
  
assert 2 == 0
 +  where 2 = CompletedProcess(args=['bash', '-c', 'json_field() {\n  local marker="$1"\n  local field="$2"\n  python3 - "$marker" "....tsv\' chain \'\' \'\''], returncode=2, stdout='', stderr='bash: -c: line 280: syntax error: unexpected end of file\n').returncode
FAILED tests/cloud/test_watchdog_wrappers.py::test_watchdog_marker_only_live_worker_session_prevents_duplicate_repair - AssertionError: bash: -c: line 494: syntax error: unexpected end of file
  
assert 2 == 0
 +  where 2 = CompletedProcess(args=['bash', '-c', 'json_field() {\n  local marker="$1"\n  local field="$2"\n  python3 - "$marker" "....tsv\' chain \'\' \'\''], returncode=2, stdout='', stderr='bash: -c: line 494: syntax error: unexpected end of file\n').returncode
FAILED tests/cloud/test_watchdog_wrappers.py::test_watchdog_observes_unowned_preserve_live_goal_without_dispatch - AssertionError: bash: -c: line 249: syntax error: unexpected end of file
  
assert 2 == 0
 +  where 2 = CompletedProcess(args=['bash', '-c', 'launch_chain_tick() {\n  local session="$1"\n  local workspace="$2"\n  local rem....tsv\' chain \'\' \'\''], returncode=2, stdout='', stderr='bash: -c: line 249: syntax error: unexpected end of file\n').returncode
FAILED tests/cloud/test_watchdog_wrappers.py::test_watchdog_suppresses_unowned_goal_redispatch_for_authoritative_live_worker - AssertionError: bash: -c: line 252: syntax error: unexpected end of file
  
assert 2 == 0
 +  where 2 = CompletedProcess(args=['bash', '-c', 'launch_chain_tick() {\n  local session="$1"\n  local workspace="$2"\n  local rem....tsv\' chain \'\' \'\''], returncode=2, stdout='', stderr='bash: -c: line 252: syntax error: unexpected end of file\n').returncode
FAILED tests/cloud/test_watchdog_wrappers.py::test_watchdog_suppresses_unowned_goal_while_runner_finishes_backstop - AssertionError: bash: -c: line 252: syntax error: unexpected end of file
  
assert 2 == 0
 +  where 2 = CompletedProcess(args=['bash', '-c', 'launch_chain_tick() {\n  local session="$1"\n  local workspace="$2"\n  local rem....tsv\' chain \'\' \'\''], returncode=2, stdout='', stderr='bash: -c: line 252: syntax error: unexpected end of file\n').returncode
FAILED tests/cloud/test_watchdog_wrappers.py::test_watchdog_unknown_canonical_liveness_fences_all_dispatch - AssertionError: bash: -c: line 243: syntax error: unexpected end of file
  
assert 2 == 0
 +  where 2 = CompletedProcess(args=['bash', '-c', 'launch_chain_tick() {\n  local session="$1"\n  local workspace="$2"\n  local rem....tsv\' chain \'\' \'\''], returncode=2, stdout='', stderr='bash: -c: line 243: syntax error: unexpected end of file\n').returncode
FAILED tests/cloud/test_watchdog_wrappers.py::test_meta_repair_marker_and_pgid_helpers - AssertionError: stderr: log: Unknown subcommand 'meta dispatch marker clear observe-only without minted MutationCapability session=demo'
  usage:
      log <command>
  
  global options:
      -?, --help
      -q, --quiet
      -v, --verbose
  
  commands:
      collect         gather system logs into a log archive
      config          view/change logging system settings
      erase           delete system logging data
      repack          repack a log archive using a predicate
      show            view/search system logs
      stream          watch live system logs
      stats           show system logging statistics
  
  further help:
      log help <command>
      log help predicates
  
assert 1 == 0
 +  where 1 = CompletedProcess(args=['bash', '-lc', 'meta_dispatch_marker_path() {\n  printf \'%s/%s.meta-dispatch\' "$MARKER_DIR" "...   stats           show system logging statistics\n\nfurther help:\n    log help <command>\n    log help predicates\n").returncode
FAILED tests/cloud/test_watchdog_wrappers.py::test_watchdog_phase_contract_path_dispatches_single_flash_babysitter - AssertionError: bash: -c: line 1871: syntax error: unexpected end of file
  
assert 2 == 0
 +  where 2 = CompletedProcess(args=['bash', '-c', 'babysitter_occurrence_digest() {\n  local session="$1"\n  local workspace="$2"\n... plan adopt-plan \'\''], returncode=2, stdout='', stderr='bash: -c: line 1871: syntax error: unexpected end of file\n').returncode
FAILED tests/cloud/test_watchdog_wrappers.py::test_watchdog_phase_contract_babysitter_launch_failure_fails_closed - AssertionError: bash: -c: line 1871: syntax error: unexpected end of file
  
assert 2 == 0
 +  where 2 = CompletedProcess(args=['bash', '-c', 'babysitter_occurrence_digest() {\n  local session="$1"\n  local workspace="$2"\n... plan adopt-plan \'\''], returncode=2, stdout='', stderr='bash: -c: line 1871: syntax error: unexpected end of file\n').returncode
FAILED tests/editorial_run_lifecycle.py::test_resume_plan_reenters_cursor_and_clears_failure_after_success - assert False is True
FAILED tests/handlers/test_session_cache_noop.py::test_revise_noop_detector_raises_cache_hit_suspected - arnold_pipelines.megaplan.types.CliError: Canonical worker runtime binding is missing for plan fixture-plan: 0 candidates.
FAILED tests/handlers/test_session_cache_noop.py::test_revise_cost_sanity_guard_aborts - arnold_pipelines.megaplan.types.CliError: Canonical worker runtime binding is missing for plan fixture-plan: 0 candidates.
FAILED tests/m8/test_conformance_guard.py::TestM8ConformanceGuard::test_run_conformance_suite_all_passes_on_default - AssertionError: assert False is True
 +  where False = ConformanceSuiteResult(suite_id='m8-guard', checks=(ConformanceCheckResult(check_id='adapter-protocol', passed=True, m...arget': None, 'notes': 'Local faster-whisper transcription requires no API key. No credential surface to broker.'}]}))).passed
FAILED tests/m8/test_conformance_guard.py::TestM8ConformanceGuard::test_assert_suite_compliant_on_green_suite - AssertionError: Conformance suite 'm8-guard' has 2 failure(s):
  [megaplan-artifact-layout] misplaced megaplan artifacts: .megaplan/initiatives/megaplan-native-parity-corrective/GOLDEN_TRACE_CONTRACT.md, .megaplan/initiatives/megaplan-north-star-sense-checks-revise-design/docs/research.md, .megaplan/initiatives/native-workflow-platformization/PLATFORM_CONTRACT.md, .megaplan/initiatives/standardized-completion-specifications/SUPERSESSION_CROSSWALK.yaml
  [legacy-reference-allowlist] unallowlisted legacy references: .tmp/gpt55-native-parity-audit/codex.out:arnold.pipelines.megaplan, .tmp/gpt55-native-parity-audit/codex.out:arnold/pipelines/megaplan, .tmp/native-parity-existing-work-swarm/results/05-s1d-builder-slice-code.txt:arnold/pipelines/megaplan, .tmp/native-parity-existing-work-swarm/results/15-s7-final-conformance-code.txt:arnold.pipelines.megaplan, .tmp/native-parity-existing-work-swarm/results/16-cross-previous-epics-executed-work.txt:arnold/pipelines/megaplan, .tmp/native-parity-existing-work-swarm/results/18-cross-schema-artifact-surfaces.txt:arnold.pipelines.megaplan, .tmp/native-parity-sprint-sizing-codex/compression-strategist.out:arnold.pipelines.megaplan, .tmp/native-semantic-parity-master-plan/brief.md:arnold.pipelines.megaplan, .tmp/native-semantic-parity-master-plan/codex.out:arnold.pipelines.megaplan, .tmp/native-semantic-parity-master-plan/codex.out:arnold/pipelines/megaplan, .tmp/native-semantic-parity-master-plan/codex.out:python -m arnold.pipelines.megaplan, .tmp/native-semantic-parity-question-audit/codex-overkill-review.out:arnold.pipelines.megaplan, .tmp/native-semantic-parity-question-audit/codex-review-stage-design.out:arnold.pipelines.megaplan, .tmp/native-semantic-parity-question-audit/codex-review-stage-design.out:arnold/pipelines/megaplan, .tmp/native-semantic-parity-question-audit/codex-revise-stage-northstar.out:arnold.pipelines.megaplan, .tmp/native-semantic-parity-question-audit/codex-revise-stage-northstar.out:arnold/pipelines/megaplan, .tmp/native-semantic-parity-question-audit/codex-revise-stage-northstar.out:python -m arnold.pipelines.megaplan, .tmp/native-semantic-parity-question-audit/codex-sprint-sequencing-and-review-one-sprint.out:arnold.pipelines.megaplan, .tmp/native-semantic-parity-question-audit/deepseek.err:arnold/pipelines/megaplan, .tmp/native-semantic-parity-question-audit/deepseek.out:arnold/pipelines/megaplan
FAILED tests/m9/test_bypass_gating.py::test_audited_authority_risk_bypasses_emit_typed_gap_or_fail_closed - AssertionError: assert {'T29-BYPASS-...ASS-034', ...} <= {'T29-BYPASS-...ASS-128', ...}
  
  Extra items in the left set:
  'T29-BYPASS-030'
  'T29-BYPASS-043'
  'T29-BYPASS-099'
  'T29-BYPASS-106'
  'T29-BYPASS-078'
  'T29-BYPASS-024'
  'T29-BYPASS-096'
  'T29-BYPASS-033'
  'T29-BYPASS-092'
  'T29-BYPASS-061'
  'T29-BYPASS-111'
  'T29-BYPASS-161'
  'T29-BYPASS-101'
  'T29-BYPASS-036'
  'T29-BYPASS-181'
  'T29-BYPASS-034'
  'T29-BYPASS-038'
  'T29-BYPASS-035'
  'T29-BYPASS-100'
  'T29-BYPASS-097'
  'T29-BYPASS-059'
  'T29-BYPASS-090'
  'T29-BYPASS-042'
  'T29-BYPASS-184'
  'T29-BYPASS-180'
  'T29-BYPASS-066'
  'T29-BYPASS-104'
  'T29-BYPASS-164'
  'T29-BYPASS-114'
  'T29-BYPASS-040'
  'T29-BYPASS-110'
  'T29-BYPASS-095'
  'T29-BYPASS-113'
  'T29-BYPASS-193'
  'T29-BYPASS-160'
  'T29-BYPASS-091'
  'T29-BYPASS-102'
  'T29-BYPASS-067'
  'T29-BYPASS-103'
  'T29-BYPASS-063'
  'T29-BYPASS-140'
  'T29-BYPASS-145'
  'T29-BYPASS-037'
  'T29-BYPASS-190'
  'T29-BYPASS-109'
  'T29-BYPASS-196'
  'T29-BYPASS-107'
  'T29-BYPASS-108'
  'T29-BYPASS-199'
  'T29-BYPASS-065'
  'T29-BYPASS-044'
  'T29-BYPASS-112'
  'T29-BYPASS-056'
  'T29-BYPASS-079'
  'T29-BYPASS-074'
  'T29-BYPASS-144'
  'T29-BYPASS-177'
  'T29-BYPASS-064'
  'T29-BYPASS-207'
  'T29-BYPASS-025'
  'T29-BYPASS-075'
  'T29-BYPASS-105'
  'T29-BYPASS-077'
  'T29-BYPASS-031'
  'T29-BYPASS-041'
  'T29-BYPASS-162'
  'T29-BYPASS-189'
  'T29-BYPASS-098'
FAILED tests/m9/test_bypass_gating.py::test_drift_related_bypass_sites_keep_drift_visible_as_typed_evidence - assert []
FAILED tests/prompts/test_finalize_task_feasibility_prompt.py::test_finalize_prompt_forbids_routing_only_dependencies_and_model_full_suite - AssertionError: assert 'no-file deterministic checks' in 'You are DECOMPOSING the approved plan below into an ordered task DAG. The plan has been\n        critiqued, gated, an...hanged` paths. Do not rely on an unscoped `pytest` command unless the plan explicitly opts into `test_selection=full`.'
FAILED tests/resume/test_pre_m6_alias.py::test_resume_plan_with_pre_m6_planning_cursor_runs - assert False is True
FAILED tests/resume/test_pre_m6_alias.py::test_resume_plan_accepts_matching_pipeline_manifest_hash - assert False is True
FAILED tests/test_briefs_cli.py::test_brief_epic_scaffolds_chain_and_milestones - AssertionError: assert [{'branch': '...oncile', ...}] == [{'branch': '...m2-api', ...}]
  
  Left contains one more item: {'branch': 'reconcile/artifact-store-20260822', 'depends_on': ['m2-api'], 'idea': '.megaplan/initiatives/artifact-store/briefs/reconcile.md', 'kind': 'reconcile', ...}
  
  Full diff:
    [
        {
            'branch': 'megaplan/artifact-store/m1-schema',
            'depth': 'high',
            'idea': '.megaplan/initiatives/artifact-store/briefs/m1-schema.md',
            'label': 'm1-schema',
            'profile': 'partnered-5',
            'robustness': 'full',
            'vendor': 'codex',
            'with_prep': True,
        },
        {
            'branch': 'megaplan/artifact-store/m2-api',
            'depth': 'high',
            'idea': '.megaplan/initiatives/artifact-store/briefs/m2-api.md',
            'label': 'm2-api',
            'profile': 'partnered-5',
            'robustness': 'full',
            'vendor': 'codex',
            'with_prep': True,
        },
  +     {
  +         'branch': 'reconcile/artifact-store-20260822',
  +         'depends_on': [
  +             'm2-api',
  +         ],
  +         'idea': '.megaplan/initiatives/artifact-store/briefs/reconcile.md',
  +         'kind': 'reconcile',
  +         'label': 'reconcile',
  +         'merge_policy': 'review',
  +         'phase_model': [
  +             'execute=codex',
  +         ],
  +         'target_branch': 'main',
  +     },
    ]
FAILED tests/test_fix_the_fixer_skill.py::test_render_goal_binds_target_and_single_agent_contract - subprocess.CalledProcessError: Command '['/Users/peteromalley/.pyenv/versions/3.11.11/bin/python', '/Users/peteromalley/Documents/.megaplan-worktrees/runtime-convergence-execution/arnold_pipelines/megaplan/skills/fix-the-fixer/scripts/render_goal.py', '--target', 'custody-control-plane-20260714 / m6-exact-contract-and-20260716-1303']' returned non-zero exit status 1.
FAILED tests/test_fix_the_fixer_skill.py::test_render_goal_preserves_target_orientation_exactly - subprocess.CalledProcessError: Command '['/Users/peteromalley/.pyenv/versions/3.11.11/bin/python', '/Users/peteromalley/Documents/.megaplan-worktrees/runtime-convergence-execution/arnold_pipelines/megaplan/skills/fix-the-fixer/scripts/render_goal.py', '--target', '  epic alpha / session  beta  ']' returned non-zero exit status 1.
FAILED tests/test_launch_hermes_agent.py::test_import_runtime_falls_through_incomplete_megaplan_namespace - AttributeError: module 'test_launch_hermes_agent_module' has no attribute '_import_runtime'
FAILED tests/test_no_bare_subprocess.py::test_no_bare_subprocess_outside_runtime - Failed: UNLEDGERED subprocess violations found — the frozen deferral ledger
is closed.  Add entries to FROZEN_LEDGER in /Users/peteromalley/Documents/.megaplan-worktrees/runtime-convergence-execution/tests/test_no_bare_subprocess.py ONLY after
explicit gate review:

  arnold_pipelines/megaplan/skills/subagent-launcher/fan.py:
    L92: os.killpg(...) call
    L265: subprocess.Popen(...) call
FAILED tests/tools/test_wbc_constants_coherence.py::test_ancestry_anchor_is_ancestor_of_head - AssertionError: The ancestry anchor 24afce00 is not an ancestor of HEAD — the pinned historical integration point has been severed from the live lineage.
assert False
 +  where False = _is_ancestor('24afce006b9ad20391ac7af10ef67ea0b1774f9f', 'HEAD')
 +    where '24afce006b9ad20391ac7af10ef67ea0b1774f9f' = <module 't7_validate_m6_evidence' from '/Users/peteromalley/Documents/.megaplan-worktrees/runtime-convergence-execution/tools/validate_m6_evidence.py'>.WBC_INTEGRATION_COMMIT
FAILED tests/tools/test_wbc_file_hash_rebind.py::test_rebound_commit_is_ancestor_of_head - AssertionError: Rebound commit cebb1ef6 is not an ancestor of HEAD
assert 1 == 0
 +  where 1 = CompletedProcess(args=['git', 'merge-base', '--is-ancestor', 'cebb1ef6e2345ff274f3666a37e55c0a4e6849f9', 'HEAD'], returncode=1).returncode
FAILED tests/workers/test_session_cache_regression.py::test_revise_iterations_write_distinct_hashes_and_sessions - arnold_pipelines.megaplan.types.CliError: Canonical worker runtime binding is missing for plan fixture-plan: 0 candidates.
FAILED tests/workers/test_session_cache_regression.py::test_dispatch_forces_fresh_for_non_execute_phases[plan] - arnold_pipelines.megaplan.types.CliError: Canonical worker runtime binding is missing for plan plan: 0 candidates.
FAILED tests/workers/test_session_cache_regression.py::test_dispatch_forces_fresh_for_non_execute_phases[prep] - arnold_pipelines.megaplan.types.CliError: Canonical worker runtime binding is missing for plan plan: 0 candidates.
FAILED tests/workers/test_session_cache_regression.py::test_dispatch_forces_fresh_for_non_execute_phases[critique] - arnold_pipelines.megaplan.types.CliError: Canonical worker runtime binding is missing for plan plan: 0 candidates.
FAILED tests/workers/test_session_cache_regression.py::test_dispatch_forces_fresh_for_non_execute_phases[gate] - arnold_pipelines.megaplan.types.CliError: Canonical worker runtime binding is missing for plan plan: 0 candidates.
FAILED tests/workers/test_session_cache_regression.py::test_dispatch_forces_fresh_for_non_execute_phases[revise] - arnold_pipelines.megaplan.types.CliError: Canonical worker runtime binding is missing for plan plan: 0 candidates.
FAILED tests/workers/test_session_cache_regression.py::test_dispatch_forces_fresh_for_non_execute_phases[finalize] - arnold_pipelines.megaplan.types.CliError: Canonical worker runtime binding is missing for plan plan: 0 candidates.
FAILED tests/workers/test_session_cache_regression.py::test_dispatch_forces_fresh_for_non_execute_phases[review] - arnold_pipelines.megaplan.types.CliError: Canonical worker runtime binding is missing for plan plan: 0 candidates.
FAILED tests/workers/test_session_cache_regression.py::test_dispatch_preserves_execute_persistence - arnold_pipelines.megaplan.types.CliError: Canonical worker runtime binding is missing for plan plan: 0 candidates.
ERROR tests/arnold_pipelines/megaplan/test_wheel_smoke.py::TestWheelSmoke::test_wheel_installs_and_imports_product_package - AssertionError: command failed (1): /Users/peteromalley/.pyenv/versions/3.11.11/bin/python -m pip wheel --no-deps /Users/peteromalley/Documents/.megaplan-worktrees/runtime-convergence-execution -w /private/var/folders/_w/b3tthv192m77c760dbyzvk200000gn/T/pytest-of-peteromalley/pytest-6/test_wheel_installs_and_import0/build
stdout:
Processing ./.
  Installing build dependencies: started
  Installing build dependencies: finished with status 'done'
  Getting requirements to build wheel: started
  Getting requirements to build wheel: finished with status 'done'
  Preparing metadata (pyproject.toml): started
  Preparing metadata (pyproject.toml): finished with status 'error'

stderr:
  error: subprocess-exited-with-error
  
  × Preparing metadata (pyproject.toml) did not run successfully.
  │ exit code: 1
  ╰─> [22 lines of output]
      Traceback (most recent call last):
        File "/Users/peteromalley/.pyenv/versions/3.11.11/lib/python3.11/site-packages/pip/_vendor/pyproject_hooks/_in_process/_in_process.py", line 389, in <module>
          main()
        File "/Users/peteromalley/.pyenv/versions/3.11.11/lib/python3.11/site-packages/pip/_vendor/pyproject_hooks/_in_process/_in_process.py", line 373, in main
          json_out["return_val"] = hook(**hook_input["kwargs"])
                                   ^^^^^^^^^^^^^^^^^^^^^^^^^^^^
        File "/Users/peteromalley/.pyenv/versions/3.11.11/lib/python3.11/site-packages/pip/_vendor/pyproject_hooks/_in_process/_in_process.py", line 178, in prepare_metadata_for_build_wheel
          whl_basename = backend.build_wheel(metadata_directory, config_settings)
                         ^^^^^^^^^^^^^^^^^^^^^^^^^^^^^^^^^^^^^^^^^^^^^^^^^^^^^^^^
        File "/private/var/folders/_w/b3tthv192m77c760dbyzvk200000gn/T/pip-build-env-57n36m1s/overlay/lib/python3.11/site-packages/hatchling/build.py", line 58, in build_wheel
          return os.path.basename(next(builder.build(directory=wheel_directory, versions=["standard"])))
                                  ^^^^^^^^^^^^^^^^^^^^^^^^^^^^^^^^^^^^^^^^^^^^^^^^^^^^^^^^^^^^^^^^^^^^^
        File "/private/var/folders/_w/b3tthv192m77c760dbyzvk200000gn/T/pip-build-env-57n36m1s/overlay/lib/python3.11/site-packages/hatchling/builders/plugin/interface.py", line 157, in build
          artifact = version_api[version](directory, **build_data)
                     ^^^^^^^^^^^^^^^^^^^^^^^^^^^^^^^^^^^^^^^^^^^^^
        File "/private/var/folders/_w/b3tthv192m77c760dbyzvk200000gn/T/pip-build-env-57n36m1s/overlay/lib/python3.11/site-packages/hatchling/builders/wheel.py", line 529, in build_standard
          record = archive.add_file(included_file)
                   ^^^^^^^^^^^^^^^^^^^^^^^^^^^^^^^
        File "/private/var/folders/_w/b3tthv192m77c760dbyzvk200000gn/T/pip-build-env-57n36m1s/overlay/lib/python3.11/site-packages/hatchling/builders/wheel.py", line 117, in add_file
          file_stat = os.stat(included_file.path)
                      ^^^^^^^^^^^^^^^^^^^^^^^^^^^
      FileNotFoundError: [Errno 2] No such file or directory: '/Users/peteromalley/Documents/.megaplan-worktrees/runtime-convergence-execution/arnold_pipelines/megaplan/skills/babysit/SKILL.md'
      [end of output]
  
  note: This error originates from a subprocess, and is likely not a problem with pip.
error: metadata-generation-failed

× Encountered error while generating package metadata.
╰─> from file:///Users/peteromalley/Documents/.megaplan-worktrees/runtime-convergence-execution

note: This is an issue with the package mentioned above, not pip.
hint: See above for details.
ERROR tests/arnold_pipelines/megaplan/test_wheel_smoke.py::TestWheelSmoke::test_cli_projection_imports_in_wheel - AssertionError: command failed (1): /Users/peteromalley/.pyenv/versions/3.11.11/bin/python -m pip wheel --no-deps /Users/peteromalley/Documents/.megaplan-worktrees/runtime-convergence-execution -w /private/var/folders/_w/b3tthv192m77c760dbyzvk200000gn/T/pytest-of-peteromalley/pytest-6/test_cli_projection_imports_in0/build
stdout:
Processing ./.
  Installing build dependencies: started
  Installing build dependencies: finished with status 'done'
  Getting requirements to build wheel: started
  Getting requirements to build wheel: finished with status 'done'
  Preparing metadata (pyproject.toml): started
  Preparing metadata (pyproject.toml): finished with status 'error'

stderr:
  error: subprocess-exited-with-error
  
  × Preparing metadata (pyproject.toml) did not run successfully.
  │ exit code: 1
  ╰─> [22 lines of output]
      Traceback (most recent call last):
        File "/Users/peteromalley/.pyenv/versions/3.11.11/lib/python3.11/site-packages/pip/_vendor/pyproject_hooks/_in_process/_in_process.py", line 389, in <module>
          main()
        File "/Users/peteromalley/.pyenv/versions/3.11.11/lib/python3.11/site-packages/pip/_vendor/pyproject_hooks/_in_process/_in_process.py", line 373, in main
          json_out["return_val"] = hook(**hook_input["kwargs"])
                                   ^^^^^^^^^^^^^^^^^^^^^^^^^^^^
        File "/Users/peteromalley/.pyenv/versions/3.11.11/lib/python3.11/site-packages/pip/_vendor/pyproject_hooks/_in_process/_in_process.py", line 178, in prepare_metadata_for_build_wheel
          whl_basename = backend.build_wheel(metadata_directory, config_settings)
                         ^^^^^^^^^^^^^^^^^^^^^^^^^^^^^^^^^^^^^^^^^^^^^^^^^^^^^^^^
        File "/private/var/folders/_w/b3tthv192m77c760dbyzvk200000gn/T/pip-build-env-kb8q0ctu/overlay/lib/python3.11/site-packages/hatchling/build.py", line 58, in build_wheel
          return os.path.basename(next(builder.build(directory=wheel_directory, versions=["standard"])))
                                  ^^^^^^^^^^^^^^^^^^^^^^^^^^^^^^^^^^^^^^^^^^^^^^^^^^^^^^^^^^^^^^^^^^^^^
        File "/private/var/folders/_w/b3tthv192m77c760dbyzvk200000gn/T/pip-build-env-kb8q0ctu/overlay/lib/python3.11/site-packages/hatchling/builders/plugin/interface.py", line 157, in build
          artifact = version_api[version](directory, **build_data)
                     ^^^^^^^^^^^^^^^^^^^^^^^^^^^^^^^^^^^^^^^^^^^^^
        File "/private/var/folders/_w/b3tthv192m77c760dbyzvk200000gn/T/pip-build-env-kb8q0ctu/overlay/lib/python3.11/site-packages/hatchling/builders/wheel.py", line 529, in build_standard
          record = archive.add_file(included_file)
                   ^^^^^^^^^^^^^^^^^^^^^^^^^^^^^^^
        File "/private/var/folders/_w/b3tthv192m77c760dbyzvk200000gn/T/pip-build-env-kb8q0ctu/overlay/lib/python3.11/site-packages/hatchling/builders/wheel.py", line 117, in add_file
          file_stat = os.stat(included_file.path)
                      ^^^^^^^^^^^^^^^^^^^^^^^^^^^
      FileNotFoundError: [Errno 2] No such file or directory: '/Users/peteromalley/Documents/.megaplan-worktrees/runtime-convergence-execution/arnold_pipelines/megaplan/skills/babysit/SKILL.md'
      [end of output]
  
  note: This error originates from a subprocess, and is likely not a problem with pip.
error: metadata-generation-failed

× Encountered error while generating package metadata.
╰─> from file:///Users/peteromalley/Documents/.megaplan-worktrees/runtime-convergence-execution

note: This is an issue with the package mentioned above, not pip.
hint: See above for details.
ERROR tests/installed_wheel/test_import_workflow_kernel.py::test_built_wheel_imports_workflow_and_kernel - subprocess.CalledProcessError: Command '['/Users/peteromalley/.pyenv/versions/3.11.11/bin/python', '-m', 'pip', 'wheel', '--no-deps', '-w', '/private/var/folders/_w/b3tthv192m77c760dbyzvk200000gn/T/pytest-of-peteromalley/pytest-6/installed-wheel0/wheelhouse', '/Users/peteromalley/Documents/.megaplan-worktrees/runtime-convergence-execution']' returned non-zero exit status 1.
ERROR tests/installed_wheel/test_import_workflow_kernel.py::test_installed_arnold_workflow_entrypoint_starts - subprocess.CalledProcessError: Command '['/Users/peteromalley/.pyenv/versions/3.11.11/bin/python', '-m', 'pip', 'wheel', '--no-deps', '-w', '/private/var/folders/_w/b3tthv192m77c760dbyzvk200000gn/T/pytest-of-peteromalley/pytest-6/installed-wheel0/wheelhouse', '/Users/peteromalley/Documents/.megaplan-worktrees/runtime-convergence-execution']' returned non-zero exit status 1.
ERROR tests/installed_wheel/test_m5_wheel_smoke.py::test_wheel_has_arnold_entrypoint_and_py_typed - subprocess.CalledProcessError: Command '['/Users/peteromalley/.pyenv/versions/3.11.11/bin/python', '-m', 'pip', 'wheel', '--no-deps', '-w', '/private/var/folders/_w/b3tthv192m77c760dbyzvk200000gn/T/pytest-of-peteromalley/pytest-6/installed-wheel1/wheelhouse', '/Users/peteromalley/Documents/.megaplan-worktrees/runtime-convergence-execution']' returned non-zero exit status 1.
150 failed, 2222 passed, 6 skipped, 2 warnings, 5 errors in 734.27s (0:12:14)
